The following modules were not unloaded:
  (Use "module --force purge" to unload all):

  1) CCconfig        6)  ucx/1.14.1         11) flexiblas/3.3.1
  2) gentoo/2023     7)  libfabric/1.18.0   12) imkl/2023.2.0
  3) gcccore/.12.3   8)  pmix/4.2.4         13) StdEnv/2023
  4) gcc/12.3        9)  ucc/1.2.0
  5) hwloc/2.9.1     10) openmpi/4.1.5
Oceananigans-DRAC environment (Nibi): repo=/home/anditse/Oceananigans-DRAC, depot=/scratch/anditse/julia_depot
rank 1672 on c567.nibi.sharcnet: 1 pinned threads; allocated CPUs 136
rank 1676 on c567.nibi.sharcnet: 1 pinned threads; allocated CPUs 140
rank 1827 on c572.nibi.sharcnet: 1 pinned threads; allocated CPUs 99
rank 866 on c145.nibi.sharcnet: 1 pinned threads; allocated CPUs 98
rank 1677 on c567.nibi.sharcnet: 1 pinned threads; allocated CPUs 141
rank 3552 on c593.nibi.sharcnet: 1 pinned threads; allocated CPUs 96
rank 512 on c137.nibi.sharcnet: 1 pinned threads; allocated CPUs 128
rank 4911 on c612.nibi.sharcnet: 1 pinned threads; allocated CPUs 111
rank 5092 on c614.nibi.sharcnet: 1 pinned threads; allocated CPUs 100
rank 1828 on c572.nibi.sharcnet: 1 pinned threads; allocated CPUs 100
rank 896 on c145.nibi.sharcnet: 1 pinned threads; allocated CPUs 128
rank 1681 on c567.nibi.sharcnet: 1 pinned threads; allocated CPUs 145
rank 3553 on c593.nibi.sharcnet: 1 pinned threads; allocated CPUs 97
rank 513 on c137.nibi.sharcnet: 1 pinned threads; allocated CPUs 129
rank 4928 on c612.nibi.sharcnet: 1 pinned threads; allocated CPUs 128
rank 5093 on c614.nibi.sharcnet: 1 pinned threads; allocated CPUs 101
rank 1837 on c572.nibi.sharcnet: 1 pinned threads; allocated CPUs 109
rank 905 on c145.nibi.sharcnet: 1 pinned threads; allocated CPUs 137
rank 1682 on c567.nibi.sharcnet: 1 pinned threads; allocated CPUs 146
rank 3554 on c593.nibi.sharcnet: 1 pinned threads; allocated CPUs 98
rank 514 on c137.nibi.sharcnet: 1 pinned threads; allocated CPUs 130
rank 4929 on c612.nibi.sharcnet: 1 pinned threads; allocated CPUs 129
rank 5096 on c614.nibi.sharcnet: 1 pinned threads; allocated CPUs 104
rank 1840 on c572.nibi.sharcnet: 1 pinned threads; allocated CPUs 112
rank 1665 on c567.nibi.sharcnet: 1 pinned threads; allocated CPUs 129
rank 3555 on c593.nibi.sharcnet: 1 pinned threads; allocated CPUs 99
rank 517 on c137.nibi.sharcnet: 1 pinned threads; allocated CPUs 133
rank 4930 on c612.nibi.sharcnet: 1 pinned threads; allocated CPUs 130
rank 5097 on c614.nibi.sharcnet: 1 pinned threads; allocated CPUs 105
rank 1845 on c572.nibi.sharcnet: 1 pinned threads; allocated CPUs 117
rank 916 on c145.nibi.sharcnet: 1 pinned threads; allocated CPUs 148
rank 1678 on c567.nibi.sharcnet: 1 pinned threads; allocated CPUs 142
rank 3556 on c593.nibi.sharcnet: 1 pinned threads; allocated CPUs 100
rank 519 on c137.nibi.sharcnet: 1 pinned threads; allocated CPUs 135
rank 4931 on c612.nibi.sharcnet: 1 pinned threads; allocated CPUs 131
rank 5099 on c614.nibi.sharcnet: 1 pinned threads; allocated CPUs 107
rank 1849 on c572.nibi.sharcnet: 1 pinned threads; allocated CPUs 121
rank 897 on c145.nibi.sharcnet: 1 pinned threads; allocated CPUs 129
rank 1679 on c567.nibi.sharcnet: 1 pinned threads; allocated CPUs 143
rank 3557 on c593.nibi.sharcnet: 1 pinned threads; allocated CPUs 101
rank 520 on c137.nibi.sharcnet: 1 pinned threads; allocated CPUs 136
rank 4933 on c612.nibi.sharcnet: 1 pinned threads; allocated CPUs 133
rank 5113 on c614.nibi.sharcnet: 1 pinned threads; allocated CPUs 121
rank 1851 on c572.nibi.sharcnet: 1 pinned threads; allocated CPUs 123
rank 1683 on c567.nibi.sharcnet: 1 pinned threads; allocated CPUs 147
rank 3558 on c593.nibi.sharcnet: 1 pinned threads; allocated CPUs 102
rank 523 on c137.nibi.sharcnet: 1 pinned threads; allocated CPUs 139
rank 4934 on c612.nibi.sharcnet: 1 pinned threads; allocated CPUs 134
rank 5120 on c614.nibi.sharcnet: 1 pinned threads; allocated CPUs 128
rank 1853 on c572.nibi.sharcnet: 1 pinned threads; allocated CPUs 125
rank 1056 on c409.nibi.sharcnet: 1 pinned threads; allocated CPUs 96
rank 1685 on c567.nibi.sharcnet: 1 pinned threads; allocated CPUs 149
rank 3559 on c593.nibi.sharcnet: 1 pinned threads; allocated CPUs 103
rank 527 on c137.nibi.sharcnet: 1 pinned threads; allocated CPUs 143
rank 4935 on c612.nibi.sharcnet: 1 pinned threads; allocated CPUs 135
rank 5121 on c614.nibi.sharcnet: 1 pinned threads; allocated CPUs 129
rank 1856 on c572.nibi.sharcnet: 1 pinned threads; allocated CPUs 128
rank 1057 on c409.nibi.sharcnet: 1 pinned threads; allocated CPUs 97
rank 901 on c145.nibi.sharcnet: 1 pinned threads; allocated CPUs 133
rank 1688 on c567.nibi.sharcnet: 1 pinned threads; allocated CPUs 152
rank 3560 on c593.nibi.sharcnet: 1 pinned threads; allocated CPUs 104
rank 528 on c137.nibi.sharcnet: 1 pinned threads; allocated CPUs 144
rank 4936 on c612.nibi.sharcnet: 1 pinned threads; allocated CPUs 136
rank 5122 on c614.nibi.sharcnet: 1 pinned threads; allocated CPUs 130
rank 1857 on c572.nibi.sharcnet: 1 pinned threads; allocated CPUs 129
rank 1689 on c567.nibi.sharcnet: 1 pinned threads; allocated CPUs 153
rank 3561 on c593.nibi.sharcnet: 1 pinned threads; allocated CPUs 105
rank 529 on c137.nibi.sharcnet: 1 pinned threads; allocated CPUs 145
rank 4937 on c612.nibi.sharcnet: 1 pinned threads; allocated CPUs 137
rank 5123 on c614.nibi.sharcnet: 1 pinned threads; allocated CPUs 131
rank 1858 on c572.nibi.sharcnet: 1 pinned threads; allocated CPUs 130
rank 1691 on c567.nibi.sharcnet: 1 pinned threads; allocated CPUs 155
rank 3562 on c593.nibi.sharcnet: 1 pinned threads; allocated CPUs 106
rank 530 on c137.nibi.sharcnet: 1 pinned threads; allocated CPUs 146
rank 5124 on c614.nibi.sharcnet: 1 pinned threads; allocated CPUs 132
rank 1859 on c572.nibi.sharcnet: 1 pinned threads; allocated CPUs 131
rank 1058 on c409.nibi.sharcnet: 1 pinned threads; allocated CPUs 98
rank 1706 on c567.nibi.sharcnet: 1 pinned threads; allocated CPUs 170
rank 3563 on c593.nibi.sharcnet: 1 pinned threads; allocated CPUs 107
rank 531 on c137.nibi.sharcnet: 1 pinned threads; allocated CPUs 147
rank 5125 on c614.nibi.sharcnet: 1 pinned threads; allocated CPUs 133
rank 1861 on c572.nibi.sharcnet: 1 pinned threads; allocated CPUs 133
rank 1059 on c409.nibi.sharcnet: 1 pinned threads; allocated CPUs 99
rank 1712 on c567.nibi.sharcnet: 1 pinned threads; allocated CPUs 176
rank 3564 on c593.nibi.sharcnet: 1 pinned threads; allocated CPUs 108
rank 5126 on c614.nibi.sharcnet: 1 pinned threads; allocated CPUs 134
rank 1862 on c572.nibi.sharcnet: 1 pinned threads; allocated CPUs 134
rank 902 on c145.nibi.sharcnet: 1 pinned threads; allocated CPUs 134
rank 1718 on c567.nibi.sharcnet: 1 pinned threads; allocated CPUs 182
rank 5127 on c614.nibi.sharcnet: 1 pinned threads; allocated CPUs 135
rank 1863 on c572.nibi.sharcnet: 1 pinned threads; allocated CPUs 135
rank 1060 on c409.nibi.sharcnet: 1 pinned threads; allocated CPUs 100
rank 1721 on c567.nibi.sharcnet: 1 pinned threads; allocated CPUs 185
rank 4128 on c599.nibi.sharcnet: 1 pinned threads; allocated CPUs 96
rank 2208 on c580.nibi.sharcnet: 1 pinned threads; allocated CPUs 96
rank 5128 on c614.nibi.sharcnet: 1 pinned threads; allocated CPUs 136
rank 1864 on c572.nibi.sharcnet: 1 pinned threads; allocated CPUs 136
rank 904 on c145.nibi.sharcnet: 1 pinned threads; allocated CPUs 136
rank 1724 on c567.nibi.sharcnet: 1 pinned threads; allocated CPUs 188
rank 4129 on c599.nibi.sharcnet: 1 pinned threads; allocated CPUs 97
rank 2400 on c581.nibi.sharcnet: 1 pinned threads; allocated CPUs 96
rank 2209 on c580.nibi.sharcnet: 1 pinned threads; allocated CPUs 97
rank 1865 on c572.nibi.sharcnet: 1 pinned threads; allocated CPUs 137
rank 1061 on c409.nibi.sharcnet: 1 pinned threads; allocated CPUs 101
rank 1634 on c567.nibi.sharcnet: 1 pinned threads; allocated CPUs 98
rank 2402 on c581.nibi.sharcnet: 1 pinned threads; allocated CPUs 98
rank 532 on c137.nibi.sharcnet: 1 pinned threads; allocated CPUs 148
rank 1866 on c572.nibi.sharcnet: 1 pinned threads; allocated CPUs 138
rank 924 on c145.nibi.sharcnet: 1 pinned threads; allocated CPUs 156
rank 1640 on c567.nibi.sharcnet: 1 pinned threads; allocated CPUs 104
rank 533 on c137.nibi.sharcnet: 1 pinned threads; allocated CPUs 149
rank 4938 on c612.nibi.sharcnet: 1 pinned threads; allocated CPUs 138
rank 1867 on c572.nibi.sharcnet: 1 pinned threads; allocated CPUs 139
rank 1644 on c567.nibi.sharcnet: 1 pinned threads; allocated CPUs 108
rank 4131 on c599.nibi.sharcnet: 1 pinned threads; allocated CPUs 99
rank 3565 on c593.nibi.sharcnet: 1 pinned threads; allocated CPUs 109
rank 2210 on c580.nibi.sharcnet: 1 pinned threads; allocated CPUs 98
rank 4939 on c612.nibi.sharcnet: 1 pinned threads; allocated CPUs 139
rank 1868 on c572.nibi.sharcnet: 1 pinned threads; allocated CPUs 140
rank 1646 on c567.nibi.sharcnet: 1 pinned threads; allocated CPUs 110
rank 4132 on c599.nibi.sharcnet: 1 pinned threads; allocated CPUs 100
rank 3566 on c593.nibi.sharcnet: 1 pinned threads; allocated CPUs 110
rank 2211 on c580.nibi.sharcnet: 1 pinned threads; allocated CPUs 99
rank 4940 on c612.nibi.sharcnet: 1 pinned threads; allocated CPUs 140
rank 1869 on c572.nibi.sharcnet: 1 pinned threads; allocated CPUs 141
rank 1062 on c409.nibi.sharcnet: 1 pinned threads; allocated CPUs 102
rank 1647 on c567.nibi.sharcnet: 1 pinned threads; allocated CPUs 111
rank 2403 on c581.nibi.sharcnet: 1 pinned threads; allocated CPUs 99
rank 3568 on c593.nibi.sharcnet: 1 pinned threads; allocated CPUs 112
rank 534 on c137.nibi.sharcnet: 1 pinned threads; allocated CPUs 150
rank 4941 on c612.nibi.sharcnet: 1 pinned threads; allocated CPUs 141
rank 5129 on c614.nibi.sharcnet: 1 pinned threads; allocated CPUs 137
rank 1870 on c572.nibi.sharcnet: 1 pinned threads; allocated CPUs 142
rank 1063 on c409.nibi.sharcnet: 1 pinned threads; allocated CPUs 103
rank 913 on c145.nibi.sharcnet: 1 pinned threads; allocated CPUs 145
rank 1648 on c567.nibi.sharcnet: 1 pinned threads; allocated CPUs 112
rank 2404 on c581.nibi.sharcnet: 1 pinned threads; allocated CPUs 100
rank 3569 on c593.nibi.sharcnet: 1 pinned threads; allocated CPUs 113
rank 535 on c137.nibi.sharcnet: 1 pinned threads; allocated CPUs 151
rank 4942 on c612.nibi.sharcnet: 1 pinned threads; allocated CPUs 142
rank 5130 on c614.nibi.sharcnet: 1 pinned threads; allocated CPUs 138
rank 1871 on c572.nibi.sharcnet: 1 pinned threads; allocated CPUs 143
rank 1666 on c567.nibi.sharcnet: 1 pinned threads; allocated CPUs 130
rank 4133 on c599.nibi.sharcnet: 1 pinned threads; allocated CPUs 101
rank 2405 on c581.nibi.sharcnet: 1 pinned threads; allocated CPUs 101
rank 3570 on c593.nibi.sharcnet: 1 pinned threads; allocated CPUs 114
rank 4943 on c612.nibi.sharcnet: 1 pinned threads; allocated CPUs 143
rank 5131 on c614.nibi.sharcnet: 1 pinned threads; allocated CPUs 139
rank 1872 on c572.nibi.sharcnet: 1 pinned threads; allocated CPUs 144
rank 1064 on c409.nibi.sharcnet: 1 pinned threads; allocated CPUs 104
rank 1667 on c567.nibi.sharcnet: 1 pinned threads; allocated CPUs 131
rank 3572 on c593.nibi.sharcnet: 1 pinned threads; allocated CPUs 116
rank 2212 on c580.nibi.sharcnet: 1 pinned threads; allocated CPUs 100
rank 537 on c137.nibi.sharcnet: 1 pinned threads; allocated CPUs 153
rank 4944 on c612.nibi.sharcnet: 1 pinned threads; allocated CPUs 144
rank 5134 on c614.nibi.sharcnet: 1 pinned threads; allocated CPUs 142
rank 920 on c145.nibi.sharcnet: 1 pinned threads; allocated CPUs 152
rank 1670 on c567.nibi.sharcnet: 1 pinned threads; allocated CPUs 134
rank 4134 on c599.nibi.sharcnet: 1 pinned threads; allocated CPUs 102
rank 3574 on c593.nibi.sharcnet: 1 pinned threads; allocated CPUs 118
rank 2213 on c580.nibi.sharcnet: 1 pinned threads; allocated CPUs 101
rank 538 on c137.nibi.sharcnet: 1 pinned threads; allocated CPUs 154
rank 4945 on c612.nibi.sharcnet: 1 pinned threads; allocated CPUs 145
rank 5135 on c614.nibi.sharcnet: 1 pinned threads; allocated CPUs 143
rank 1673 on c567.nibi.sharcnet: 1 pinned threads; allocated CPUs 137
rank 4135 on c599.nibi.sharcnet: 1 pinned threads; allocated CPUs 103
rank 3575 on c593.nibi.sharcnet: 1 pinned threads; allocated CPUs 119
rank 2214 on c580.nibi.sharcnet: 1 pinned threads; allocated CPUs 102
rank 539 on c137.nibi.sharcnet: 1 pinned threads; allocated CPUs 155
rank 4946 on c612.nibi.sharcnet: 1 pinned threads; allocated CPUs 146
rank 5136 on c614.nibi.sharcnet: 1 pinned threads; allocated CPUs 144
rank 922 on c145.nibi.sharcnet: 1 pinned threads; allocated CPUs 154
rank 1675 on c567.nibi.sharcnet: 1 pinned threads; allocated CPUs 139
rank 3576 on c593.nibi.sharcnet: 1 pinned threads; allocated CPUs 120
rank 540 on c137.nibi.sharcnet: 1 pinned threads; allocated CPUs 156
rank 4947 on c612.nibi.sharcnet: 1 pinned threads; allocated CPUs 147
rank 5137 on c614.nibi.sharcnet: 1 pinned threads; allocated CPUs 145
rank 1066 on c409.nibi.sharcnet: 1 pinned threads; allocated CPUs 106
rank 1698 on c567.nibi.sharcnet: 1 pinned threads; allocated CPUs 162
rank 3577 on c593.nibi.sharcnet: 1 pinned threads; allocated CPUs 121
rank 4948 on c612.nibi.sharcnet: 1 pinned threads; allocated CPUs 148
rank 5138 on c614.nibi.sharcnet: 1 pinned threads; allocated CPUs 146
rank 1699 on c567.nibi.sharcnet: 1 pinned threads; allocated CPUs 163
rank 3578 on c593.nibi.sharcnet: 1 pinned threads; allocated CPUs 122
rank 2217 on c580.nibi.sharcnet: 1 pinned threads; allocated CPUs 105
rank 4949 on c612.nibi.sharcnet: 1 pinned threads; allocated CPUs 149
rank 5139 on c614.nibi.sharcnet: 1 pinned threads; allocated CPUs 147
rank 1873 on c572.nibi.sharcnet: 1 pinned threads; allocated CPUs 145
rank 1067 on c409.nibi.sharcnet: 1 pinned threads; allocated CPUs 107
rank 1701 on c567.nibi.sharcnet: 1 pinned threads; allocated CPUs 165
rank 4136 on c599.nibi.sharcnet: 1 pinned threads; allocated CPUs 104
rank 2406 on c581.nibi.sharcnet: 1 pinned threads; allocated CPUs 102
rank 3579 on c593.nibi.sharcnet: 1 pinned threads; allocated CPUs 123
rank 2218 on c580.nibi.sharcnet: 1 pinned threads; allocated CPUs 106
rank 541 on c137.nibi.sharcnet: 1 pinned threads; allocated CPUs 157
rank 4950 on c612.nibi.sharcnet: 1 pinned threads; allocated CPUs 150
rank 5140 on c614.nibi.sharcnet: 1 pinned threads; allocated CPUs 148
rank 1874 on c572.nibi.sharcnet: 1 pinned threads; allocated CPUs 146
rank 1068 on c409.nibi.sharcnet: 1 pinned threads; allocated CPUs 108
rank 880 on c145.nibi.sharcnet: 1 pinned threads; allocated CPUs 112
rank 1702 on c567.nibi.sharcnet: 1 pinned threads; allocated CPUs 166
rank 2407 on c581.nibi.sharcnet: 1 pinned threads; allocated CPUs 103
rank 3580 on c593.nibi.sharcnet: 1 pinned threads; allocated CPUs 124
rank 2219 on c580.nibi.sharcnet: 1 pinned threads; allocated CPUs 107
rank 542 on c137.nibi.sharcnet: 1 pinned threads; allocated CPUs 158
rank 4951 on c612.nibi.sharcnet: 1 pinned threads; allocated CPUs 151
rank 5141 on c614.nibi.sharcnet: 1 pinned threads; allocated CPUs 149
rank 1875 on c572.nibi.sharcnet: 1 pinned threads; allocated CPUs 147
rank 1703 on c567.nibi.sharcnet: 1 pinned threads; allocated CPUs 167
rank 4137 on c599.nibi.sharcnet: 1 pinned threads; allocated CPUs 105
rank 3581 on c593.nibi.sharcnet: 1 pinned threads; allocated CPUs 125
rank 4952 on c612.nibi.sharcnet: 1 pinned threads; allocated CPUs 152
rank 5142 on c614.nibi.sharcnet: 1 pinned threads; allocated CPUs 150
rank 1876 on c572.nibi.sharcnet: 1 pinned threads; allocated CPUs 148
rank 1708 on c567.nibi.sharcnet: 1 pinned threads; allocated CPUs 172
rank 4138 on c599.nibi.sharcnet: 1 pinned threads; allocated CPUs 106
rank 3582 on c593.nibi.sharcnet: 1 pinned threads; allocated CPUs 126
rank 4953 on c612.nibi.sharcnet: 1 pinned threads; allocated CPUs 153
rank 5143 on c614.nibi.sharcnet: 1 pinned threads; allocated CPUs 151
rank 1877 on c572.nibi.sharcnet: 1 pinned threads; allocated CPUs 149
rank 1714 on c567.nibi.sharcnet: 1 pinned threads; allocated CPUs 178
rank 2408 on c581.nibi.sharcnet: 1 pinned threads; allocated CPUs 104
rank 3583 on c593.nibi.sharcnet: 1 pinned threads; allocated CPUs 127
rank 543 on c137.nibi.sharcnet: 1 pinned threads; allocated CPUs 159
rank 4954 on c612.nibi.sharcnet: 1 pinned threads; allocated CPUs 154
rank 5144 on c614.nibi.sharcnet: 1 pinned threads; allocated CPUs 152
rank 1878 on c572.nibi.sharcnet: 1 pinned threads; allocated CPUs 150
rank 1069 on c409.nibi.sharcnet: 1 pinned threads; allocated CPUs 109
rank 903 on c145.nibi.sharcnet: 1 pinned threads; allocated CPUs 135
rank 1720 on c567.nibi.sharcnet: 1 pinned threads; allocated CPUs 184
rank 2409 on c581.nibi.sharcnet: 1 pinned threads; allocated CPUs 105
rank 3584 on c593.nibi.sharcnet: 1 pinned threads; allocated CPUs 128
rank 546 on c137.nibi.sharcnet: 1 pinned threads; allocated CPUs 162
rank 4955 on c612.nibi.sharcnet: 1 pinned threads; allocated CPUs 155
rank 5145 on c614.nibi.sharcnet: 1 pinned threads; allocated CPUs 153
rank 1879 on c572.nibi.sharcnet: 1 pinned threads; allocated CPUs 151
rank 1070 on c409.nibi.sharcnet: 1 pinned threads; allocated CPUs 110
rank 909 on c145.nibi.sharcnet: 1 pinned threads; allocated CPUs 141
rank 1726 on c567.nibi.sharcnet: 1 pinned threads; allocated CPUs 190
rank 2410 on c581.nibi.sharcnet: 1 pinned threads; allocated CPUs 106
rank 4956 on c612.nibi.sharcnet: 1 pinned threads; allocated CPUs 156
rank 5146 on c614.nibi.sharcnet: 1 pinned threads; allocated CPUs 154
rank 1880 on c572.nibi.sharcnet: 1 pinned threads; allocated CPUs 152
rank 1638 on c567.nibi.sharcnet: 1 pinned threads; allocated CPUs 102
rank 3936 on c598.nibi.sharcnet: 1 pinned threads; allocated CPUs 96
rank 4139 on c599.nibi.sharcnet: 1 pinned threads; allocated CPUs 107
rank 2411 on c581.nibi.sharcnet: 1 pinned threads; allocated CPUs 107
rank 3585 on c593.nibi.sharcnet: 1 pinned threads; allocated CPUs 129
rank 2220 on c580.nibi.sharcnet: 1 pinned threads; allocated CPUs 108
rank 4957 on c612.nibi.sharcnet: 1 pinned threads; allocated CPUs 157
rank 5148 on c614.nibi.sharcnet: 1 pinned threads; allocated CPUs 156
rank 1881 on c572.nibi.sharcnet: 1 pinned threads; allocated CPUs 153
rank 1071 on c409.nibi.sharcnet: 1 pinned threads; allocated CPUs 111
rank 910 on c145.nibi.sharcnet: 1 pinned threads; allocated CPUs 142
rank 1649 on c567.nibi.sharcnet: 1 pinned threads; allocated CPUs 113
rank 4140 on c599.nibi.sharcnet: 1 pinned threads; allocated CPUs 108
rank 2413 on c581.nibi.sharcnet: 1 pinned threads; allocated CPUs 109
rank 3586 on c593.nibi.sharcnet: 1 pinned threads; allocated CPUs 130
rank 2221 on c580.nibi.sharcnet: 1 pinned threads; allocated CPUs 109
rank 4958 on c612.nibi.sharcnet: 1 pinned threads; allocated CPUs 158
rank 5149 on c614.nibi.sharcnet: 1 pinned threads; allocated CPUs 157
rank 1882 on c572.nibi.sharcnet: 1 pinned threads; allocated CPUs 154
rank 1072 on c409.nibi.sharcnet: 1 pinned threads; allocated CPUs 112
rank 3937 on c598.nibi.sharcnet: 1 pinned threads; allocated CPUs 97
rank 4141 on c599.nibi.sharcnet: 1 pinned threads; allocated CPUs 109
rank 2414 on c581.nibi.sharcnet: 1 pinned threads; allocated CPUs 110
rank 3587 on c593.nibi.sharcnet: 1 pinned threads; allocated CPUs 131
rank 547 on c137.nibi.sharcnet: 1 pinned threads; allocated CPUs 163
rank 4959 on c612.nibi.sharcnet: 1 pinned threads; allocated CPUs 159
rank 5150 on c614.nibi.sharcnet: 1 pinned threads; allocated CPUs 158
rank 1883 on c572.nibi.sharcnet: 1 pinned threads; allocated CPUs 155
rank 1073 on c409.nibi.sharcnet: 1 pinned threads; allocated CPUs 113
rank 884 on c145.nibi.sharcnet: 1 pinned threads; allocated CPUs 116
rank 3588 on c593.nibi.sharcnet: 1 pinned threads; allocated CPUs 132
rank 548 on c137.nibi.sharcnet: 1 pinned threads; allocated CPUs 164
rank 4960 on c612.nibi.sharcnet: 1 pinned threads; allocated CPUs 160
rank 5152 on c614.nibi.sharcnet: 1 pinned threads; allocated CPUs 160
rank 1884 on c572.nibi.sharcnet: 1 pinned threads; allocated CPUs 156
rank 1074 on c409.nibi.sharcnet: 1 pinned threads; allocated CPUs 114
rank 3589 on c593.nibi.sharcnet: 1 pinned threads; allocated CPUs 133
rank 549 on c137.nibi.sharcnet: 1 pinned threads; allocated CPUs 165
rank 4961 on c612.nibi.sharcnet: 1 pinned threads; allocated CPUs 161
rank 5153 on c614.nibi.sharcnet: 1 pinned threads; allocated CPUs 161
rank 1885 on c572.nibi.sharcnet: 1 pinned threads; allocated CPUs 157
rank 1075 on c409.nibi.sharcnet: 1 pinned threads; allocated CPUs 115
rank 3938 on c598.nibi.sharcnet: 1 pinned threads; allocated CPUs 98
rank 4142 on c599.nibi.sharcnet: 1 pinned threads; allocated CPUs 110
rank 2415 on c581.nibi.sharcnet: 1 pinned threads; allocated CPUs 111
rank 2222 on c580.nibi.sharcnet: 1 pinned threads; allocated CPUs 110
rank 4962 on c612.nibi.sharcnet: 1 pinned threads; allocated CPUs 162
rank 5154 on c614.nibi.sharcnet: 1 pinned threads; allocated CPUs 162
rank 1886 on c572.nibi.sharcnet: 1 pinned threads; allocated CPUs 158
rank 1076 on c409.nibi.sharcnet: 1 pinned threads; allocated CPUs 116
rank 885 on c145.nibi.sharcnet: 1 pinned threads; allocated CPUs 117
rank 1657 on c567.nibi.sharcnet: 1 pinned threads; allocated CPUs 121
rank 3939 on c598.nibi.sharcnet: 1 pinned threads; allocated CPUs 99
rank 4143 on c599.nibi.sharcnet: 1 pinned threads; allocated CPUs 111
rank 2416 on c581.nibi.sharcnet: 1 pinned threads; allocated CPUs 112
rank 3590 on c593.nibi.sharcnet: 1 pinned threads; allocated CPUs 134
rank 2223 on c580.nibi.sharcnet: 1 pinned threads; allocated CPUs 111
rank 4965 on c612.nibi.sharcnet: 1 pinned threads; allocated CPUs 165
rank 5155 on c614.nibi.sharcnet: 1 pinned threads; allocated CPUs 163
rank 1887 on c572.nibi.sharcnet: 1 pinned threads; allocated CPUs 159
rank 1077 on c409.nibi.sharcnet: 1 pinned threads; allocated CPUs 117
rank 895 on c145.nibi.sharcnet: 1 pinned threads; allocated CPUs 127
rank 1659 on c567.nibi.sharcnet: 1 pinned threads; allocated CPUs 123
rank 3940 on c598.nibi.sharcnet: 1 pinned threads; allocated CPUs 100
rank 4144 on c599.nibi.sharcnet: 1 pinned threads; allocated CPUs 112
rank 2417 on c581.nibi.sharcnet: 1 pinned threads; allocated CPUs 113
rank 3591 on c593.nibi.sharcnet: 1 pinned threads; allocated CPUs 135
rank 2224 on c580.nibi.sharcnet: 1 pinned threads; allocated CPUs 112
rank 551 on c137.nibi.sharcnet: 1 pinned threads; allocated CPUs 167
rank 4966 on c612.nibi.sharcnet: 1 pinned threads; allocated CPUs 166
rank 5156 on c614.nibi.sharcnet: 1 pinned threads; allocated CPUs 164
rank 1888 on c572.nibi.sharcnet: 1 pinned threads; allocated CPUs 160
rank 1078 on c409.nibi.sharcnet: 1 pinned threads; allocated CPUs 118
rank 918 on c145.nibi.sharcnet: 1 pinned threads; allocated CPUs 150
rank 1660 on c567.nibi.sharcnet: 1 pinned threads; allocated CPUs 124
rank 4145 on c599.nibi.sharcnet: 1 pinned threads; allocated CPUs 113
rank 2418 on c581.nibi.sharcnet: 1 pinned threads; allocated CPUs 114
rank 3592 on c593.nibi.sharcnet: 1 pinned threads; allocated CPUs 136
rank 2226 on c580.nibi.sharcnet: 1 pinned threads; allocated CPUs 114
rank 553 on c137.nibi.sharcnet: 1 pinned threads; allocated CPUs 169
rank 5158 on c614.nibi.sharcnet: 1 pinned threads; allocated CPUs 166
rank 1890 on c572.nibi.sharcnet: 1 pinned threads; allocated CPUs 162
rank 1079 on c409.nibi.sharcnet: 1 pinned threads; allocated CPUs 119
rank 923 on c145.nibi.sharcnet: 1 pinned threads; allocated CPUs 155
rank 1669 on c567.nibi.sharcnet: 1 pinned threads; allocated CPUs 133
rank 4146 on c599.nibi.sharcnet: 1 pinned threads; allocated CPUs 114
rank 2419 on c581.nibi.sharcnet: 1 pinned threads; allocated CPUs 115
rank 2227 on c580.nibi.sharcnet: 1 pinned threads; allocated CPUs 115
rank 554 on c137.nibi.sharcnet: 1 pinned threads; allocated CPUs 170
rank 4970 on c612.nibi.sharcnet: 1 pinned threads; allocated CPUs 170
rank 5159 on c614.nibi.sharcnet: 1 pinned threads; allocated CPUs 167
rank 1891 on c572.nibi.sharcnet: 1 pinned threads; allocated CPUs 163
rank 1080 on c409.nibi.sharcnet: 1 pinned threads; allocated CPUs 120
rank 926 on c145.nibi.sharcnet: 1 pinned threads; allocated CPUs 158
rank 1686 on c567.nibi.sharcnet: 1 pinned threads; allocated CPUs 150
rank 3941 on c598.nibi.sharcnet: 1 pinned threads; allocated CPUs 101
rank 4147 on c599.nibi.sharcnet: 1 pinned threads; allocated CPUs 115
rank 2420 on c581.nibi.sharcnet: 1 pinned threads; allocated CPUs 116
rank 555 on c137.nibi.sharcnet: 1 pinned threads; allocated CPUs 171
rank 4976 on c612.nibi.sharcnet: 1 pinned threads; allocated CPUs 176
rank 5160 on c614.nibi.sharcnet: 1 pinned threads; allocated CPUs 168
rank 1892 on c572.nibi.sharcnet: 1 pinned threads; allocated CPUs 164
rank 1081 on c409.nibi.sharcnet: 1 pinned threads; allocated CPUs 121
rank 1687 on c567.nibi.sharcnet: 1 pinned threads; allocated CPUs 151
rank 3942 on c598.nibi.sharcnet: 1 pinned threads; allocated CPUs 102
rank 4148 on c599.nibi.sharcnet: 1 pinned threads; allocated CPUs 116
rank 3593 on c593.nibi.sharcnet: 1 pinned threads; allocated CPUs 137
rank 556 on c137.nibi.sharcnet: 1 pinned threads; allocated CPUs 172
rank 4977 on c612.nibi.sharcnet: 1 pinned threads; allocated CPUs 177
rank 5161 on c614.nibi.sharcnet: 1 pinned threads; allocated CPUs 169
rank 1893 on c572.nibi.sharcnet: 1 pinned threads; allocated CPUs 165
rank 944 on c145.nibi.sharcnet: 1 pinned threads; allocated CPUs 176
rank 1696 on c567.nibi.sharcnet: 1 pinned threads; allocated CPUs 160
rank 3943 on c598.nibi.sharcnet: 1 pinned threads; allocated CPUs 103
rank 4149 on c599.nibi.sharcnet: 1 pinned threads; allocated CPUs 117
rank 2421 on c581.nibi.sharcnet: 1 pinned threads; allocated CPUs 117
rank 3594 on c593.nibi.sharcnet: 1 pinned threads; allocated CPUs 138
rank 2228 on c580.nibi.sharcnet: 1 pinned threads; allocated CPUs 116
rank 557 on c137.nibi.sharcnet: 1 pinned threads; allocated CPUs 173
rank 5162 on c614.nibi.sharcnet: 1 pinned threads; allocated CPUs 170
rank 1894 on c572.nibi.sharcnet: 1 pinned threads; allocated CPUs 166
rank 1082 on c409.nibi.sharcnet: 1 pinned threads; allocated CPUs 122
rank 1723 on c567.nibi.sharcnet: 1 pinned threads; allocated CPUs 187
rank 4151 on c599.nibi.sharcnet: 1 pinned threads; allocated CPUs 119
rank 3595 on c593.nibi.sharcnet: 1 pinned threads; allocated CPUs 139
rank 5163 on c614.nibi.sharcnet: 1 pinned threads; allocated CPUs 171
rank 1895 on c572.nibi.sharcnet: 1 pinned threads; allocated CPUs 167
rank 1083 on c409.nibi.sharcnet: 1 pinned threads; allocated CPUs 123
rank 1725 on c567.nibi.sharcnet: 1 pinned threads; allocated CPUs 189
rank 4152 on c599.nibi.sharcnet: 1 pinned threads; allocated CPUs 120
rank 5164 on c614.nibi.sharcnet: 1 pinned threads; allocated CPUs 172
rank 1896 on c572.nibi.sharcnet: 1 pinned threads; allocated CPUs 168
rank 872 on c145.nibi.sharcnet: 1 pinned threads; allocated CPUs 104
rank 1642 on c567.nibi.sharcnet: 1 pinned threads; allocated CPUs 106
rank 3944 on c598.nibi.sharcnet: 1 pinned threads; allocated CPUs 104
rank 2422 on c581.nibi.sharcnet: 1 pinned threads; allocated CPUs 118
rank 558 on c137.nibi.sharcnet: 1 pinned threads; allocated CPUs 174
rank 4978 on c612.nibi.sharcnet: 1 pinned threads; allocated CPUs 178
rank 1897 on c572.nibi.sharcnet: 1 pinned threads; allocated CPUs 169
rank 1084 on c409.nibi.sharcnet: 1 pinned threads; allocated CPUs 124
rank 883 on c145.nibi.sharcnet: 1 pinned threads; allocated CPUs 115
rank 1680 on c567.nibi.sharcnet: 1 pinned threads; allocated CPUs 144
rank 3945 on c598.nibi.sharcnet: 1 pinned threads; allocated CPUs 105
rank 4153 on c599.nibi.sharcnet: 1 pinned threads; allocated CPUs 121
rank 5697 on c619.nibi.sharcnet: 1 pinned threads; allocated CPUs 129
rank 2423 on c581.nibi.sharcnet: 1 pinned threads; allocated CPUs 119
rank 3596 on c593.nibi.sharcnet: 1 pinned threads; allocated CPUs 140
rank 2229 on c580.nibi.sharcnet: 1 pinned threads; allocated CPUs 117
rank 559 on c137.nibi.sharcnet: 1 pinned threads; allocated CPUs 175
rank 4979 on c612.nibi.sharcnet: 1 pinned threads; allocated CPUs 179
rank 1898 on c572.nibi.sharcnet: 1 pinned threads; allocated CPUs 170
rank 1085 on c409.nibi.sharcnet: 1 pinned threads; allocated CPUs 125
rank 1693 on c567.nibi.sharcnet: 1 pinned threads; allocated CPUs 157
rank 3946 on c598.nibi.sharcnet: 1 pinned threads; allocated CPUs 106
rank 4154 on c599.nibi.sharcnet: 1 pinned threads; allocated CPUs 122
rank 3597 on c593.nibi.sharcnet: 1 pinned threads; allocated CPUs 141
rank 2230 on c580.nibi.sharcnet: 1 pinned threads; allocated CPUs 118
rank 560 on c137.nibi.sharcnet: 1 pinned threads; allocated CPUs 176
rank 4980 on c612.nibi.sharcnet: 1 pinned threads; allocated CPUs 180
rank 5166 on c614.nibi.sharcnet: 1 pinned threads; allocated CPUs 174
rank 1899 on c572.nibi.sharcnet: 1 pinned threads; allocated CPUs 171
rank 1086 on c409.nibi.sharcnet: 1 pinned threads; allocated CPUs 126
rank 917 on c145.nibi.sharcnet: 1 pinned threads; allocated CPUs 149
rank 1632 on c567.nibi.sharcnet: 1 pinned threads; allocated CPUs 96
rank 4155 on c599.nibi.sharcnet: 1 pinned threads; allocated CPUs 123
rank 2424 on c581.nibi.sharcnet: 1 pinned threads; allocated CPUs 120
rank 3598 on c593.nibi.sharcnet: 1 pinned threads; allocated CPUs 142
rank 4981 on c612.nibi.sharcnet: 1 pinned threads; allocated CPUs 181
rank 1900 on c572.nibi.sharcnet: 1 pinned threads; allocated CPUs 172
rank 1087 on c409.nibi.sharcnet: 1 pinned threads; allocated CPUs 127
rank 925 on c145.nibi.sharcnet: 1 pinned threads; allocated CPUs 157
rank 1655 on c567.nibi.sharcnet: 1 pinned threads; allocated CPUs 119
rank 1956 on c573.nibi.sharcnet: 1 pinned threads; allocated CPUs 36
rank 3947 on c598.nibi.sharcnet: 1 pinned threads; allocated CPUs 107
rank 4156 on c599.nibi.sharcnet: 1 pinned threads; allocated CPUs 124
rank 3599 on c593.nibi.sharcnet: 1 pinned threads; allocated CPUs 143
rank 2231 on c580.nibi.sharcnet: 1 pinned threads; allocated CPUs 119
rank 562 on c137.nibi.sharcnet: 1 pinned threads; allocated CPUs 178
rank 4984 on c612.nibi.sharcnet: 1 pinned threads; allocated CPUs 184
rank 1901 on c572.nibi.sharcnet: 1 pinned threads; allocated CPUs 173
rank 1088 on c409.nibi.sharcnet: 1 pinned threads; allocated CPUs 128
rank 887 on c145.nibi.sharcnet: 1 pinned threads; allocated CPUs 119
rank 1668 on c567.nibi.sharcnet: 1 pinned threads; allocated CPUs 132
rank 1973 on c573.nibi.sharcnet: 1 pinned threads; allocated CPUs 53
rank 3948 on c598.nibi.sharcnet: 1 pinned threads; allocated CPUs 108
rank 5698 on c619.nibi.sharcnet: 1 pinned threads; allocated CPUs 130
rank 2425 on c581.nibi.sharcnet: 1 pinned threads; allocated CPUs 121
rank 3600 on c593.nibi.sharcnet: 1 pinned threads; allocated CPUs 144
rank 2232 on c580.nibi.sharcnet: 1 pinned threads; allocated CPUs 120
rank 563 on c137.nibi.sharcnet: 1 pinned threads; allocated CPUs 179
rank 4986 on c612.nibi.sharcnet: 1 pinned threads; allocated CPUs 186
rank 5167 on c614.nibi.sharcnet: 1 pinned threads; allocated CPUs 175
rank 1904 on c572.nibi.sharcnet: 1 pinned threads; allocated CPUs 176
rank 1089 on c409.nibi.sharcnet: 1 pinned threads; allocated CPUs 129
rank 900 on c145.nibi.sharcnet: 1 pinned threads; allocated CPUs 132
rank 1690 on c567.nibi.sharcnet: 1 pinned threads; allocated CPUs 154
rank 2016 on c573.nibi.sharcnet: 1 pinned threads; allocated CPUs 96
rank 3949 on c598.nibi.sharcnet: 1 pinned threads; allocated CPUs 109
rank 4157 on c599.nibi.sharcnet: 1 pinned threads; allocated CPUs 125
rank 2426 on c581.nibi.sharcnet: 1 pinned threads; allocated CPUs 122
rank 3601 on c593.nibi.sharcnet: 1 pinned threads; allocated CPUs 145
rank 565 on c137.nibi.sharcnet: 1 pinned threads; allocated CPUs 181
rank 4987 on c612.nibi.sharcnet: 1 pinned threads; allocated CPUs 187
rank 1905 on c572.nibi.sharcnet: 1 pinned threads; allocated CPUs 177
rank 1090 on c409.nibi.sharcnet: 1 pinned threads; allocated CPUs 130
rank 1700 on c567.nibi.sharcnet: 1 pinned threads; allocated CPUs 164
rank 3950 on c598.nibi.sharcnet: 1 pinned threads; allocated CPUs 110
rank 4158 on c599.nibi.sharcnet: 1 pinned threads; allocated CPUs 126
rank 3602 on c593.nibi.sharcnet: 1 pinned threads; allocated CPUs 146
rank 2233 on c580.nibi.sharcnet: 1 pinned threads; allocated CPUs 121
rank 566 on c137.nibi.sharcnet: 1 pinned threads; allocated CPUs 182
rank 4989 on c612.nibi.sharcnet: 1 pinned threads; allocated CPUs 189
rank 1906 on c572.nibi.sharcnet: 1 pinned threads; allocated CPUs 178
rank 1091 on c409.nibi.sharcnet: 1 pinned threads; allocated CPUs 131
rank 907 on c145.nibi.sharcnet: 1 pinned threads; allocated CPUs 139
rank 1704 on c567.nibi.sharcnet: 1 pinned threads; allocated CPUs 168
rank 2017 on c573.nibi.sharcnet: 1 pinned threads; allocated CPUs 97
rank 3951 on c598.nibi.sharcnet: 1 pinned threads; allocated CPUs 111
rank 4159 on c599.nibi.sharcnet: 1 pinned threads; allocated CPUs 127
rank 3308 on c591.nibi.sharcnet: 1 pinned threads; allocated CPUs 44
rank 5701 on c619.nibi.sharcnet: 1 pinned threads; allocated CPUs 133
rank 3603 on c593.nibi.sharcnet: 1 pinned threads; allocated CPUs 147
rank 567 on c137.nibi.sharcnet: 1 pinned threads; allocated CPUs 183
rank 4990 on c612.nibi.sharcnet: 1 pinned threads; allocated CPUs 190
rank 1907 on c572.nibi.sharcnet: 1 pinned threads; allocated CPUs 179
rank 911 on c145.nibi.sharcnet: 1 pinned threads; allocated CPUs 143
rank 1727 on c567.nibi.sharcnet: 1 pinned threads; allocated CPUs 191
rank 3952 on c598.nibi.sharcnet: 1 pinned threads; allocated CPUs 112
rank 3604 on c593.nibi.sharcnet: 1 pinned threads; allocated CPUs 148
rank 5168 on c614.nibi.sharcnet: 1 pinned threads; allocated CPUs 176
rank 1908 on c572.nibi.sharcnet: 1 pinned threads; allocated CPUs 180
rank 3082 on c589.nibi.sharcnet: 1 pinned threads; allocated CPUs 10
rank 3953 on c598.nibi.sharcnet: 1 pinned threads; allocated CPUs 113
rank 4160 on c599.nibi.sharcnet: 1 pinned threads; allocated CPUs 128
rank 2427 on c581.nibi.sharcnet: 1 pinned threads; allocated CPUs 123
rank 3605 on c593.nibi.sharcnet: 1 pinned threads; allocated CPUs 149
rank 568 on c137.nibi.sharcnet: 1 pinned threads; allocated CPUs 184
rank 4991 on c612.nibi.sharcnet: 1 pinned threads; allocated CPUs 191
rank 5280 on c617.nibi.sharcnet: 1 pinned threads; allocated CPUs 96
rank 1909 on c572.nibi.sharcnet: 1 pinned threads; allocated CPUs 181
rank 1093 on c409.nibi.sharcnet: 1 pinned threads; allocated CPUs 133
rank 914 on c145.nibi.sharcnet: 1 pinned threads; allocated CPUs 146
rank 2018 on c573.nibi.sharcnet: 1 pinned threads; allocated CPUs 98
rank 3954 on c598.nibi.sharcnet: 1 pinned threads; allocated CPUs 114
rank 4161 on c599.nibi.sharcnet: 1 pinned threads; allocated CPUs 129
rank 3327 on c591.nibi.sharcnet: 1 pinned threads; allocated CPUs 63
rank 2234 on c580.nibi.sharcnet: 1 pinned threads; allocated CPUs 122
rank 4897 on c612.nibi.sharcnet: 1 pinned threads; allocated CPUs 97
rank 5281 on c617.nibi.sharcnet: 1 pinned threads; allocated CPUs 97
rank 1910 on c572.nibi.sharcnet: 1 pinned threads; allocated CPUs 182
rank 1094 on c409.nibi.sharcnet: 1 pinned threads; allocated CPUs 134
rank 927 on c145.nibi.sharcnet: 1 pinned threads; allocated CPUs 159
rank 3090 on c589.nibi.sharcnet: 1 pinned threads; allocated CPUs 18
rank 2019 on c573.nibi.sharcnet: 1 pinned threads; allocated CPUs 99
rank 4162 on c599.nibi.sharcnet: 1 pinned threads; allocated CPUs 130
rank 3606 on c593.nibi.sharcnet: 1 pinned threads; allocated CPUs 150
rank 4899 on c612.nibi.sharcnet: 1 pinned threads; allocated CPUs 99
rank 1911 on c572.nibi.sharcnet: 1 pinned threads; allocated CPUs 183
rank 1095 on c409.nibi.sharcnet: 1 pinned threads; allocated CPUs 135
rank 2020 on c573.nibi.sharcnet: 1 pinned threads; allocated CPUs 100
rank 3328 on c591.nibi.sharcnet: 1 pinned threads; allocated CPUs 64
rank 5704 on c619.nibi.sharcnet: 1 pinned threads; allocated CPUs 136
rank 3607 on c593.nibi.sharcnet: 1 pinned threads; allocated CPUs 151
rank 569 on c137.nibi.sharcnet: 1 pinned threads; allocated CPUs 185
rank 4904 on c612.nibi.sharcnet: 1 pinned threads; allocated CPUs 104
rank 5282 on c617.nibi.sharcnet: 1 pinned threads; allocated CPUs 98
rank 1912 on c572.nibi.sharcnet: 1 pinned threads; allocated CPUs 184
rank 2021 on c573.nibi.sharcnet: 1 pinned threads; allocated CPUs 101
rank 3955 on c598.nibi.sharcnet: 1 pinned threads; allocated CPUs 115
rank 4163 on c599.nibi.sharcnet: 1 pinned threads; allocated CPUs 131
rank 570 on c137.nibi.sharcnet: 1 pinned threads; allocated CPUs 186
rank 5283 on c617.nibi.sharcnet: 1 pinned threads; allocated CPUs 99
rank 1913 on c572.nibi.sharcnet: 1 pinned threads; allocated CPUs 185
rank 4164 on c599.nibi.sharcnet: 1 pinned threads; allocated CPUs 132
rank 3329 on c591.nibi.sharcnet: 1 pinned threads; allocated CPUs 65
rank 5284 on c617.nibi.sharcnet: 1 pinned threads; allocated CPUs 100
rank 1914 on c572.nibi.sharcnet: 1 pinned threads; allocated CPUs 186
rank 4906 on c612.nibi.sharcnet: 1 pinned threads; allocated CPUs 106
rank 1096 on c409.nibi.sharcnet: 1 pinned threads; allocated CPUs 136
rank 929 on c145.nibi.sharcnet: 1 pinned threads; allocated CPUs 161
rank 3110 on c589.nibi.sharcnet: 1 pinned threads; allocated CPUs 38
rank 2022 on c573.nibi.sharcnet: 1 pinned threads; allocated CPUs 102
rank 3330 on c591.nibi.sharcnet: 1 pinned threads; allocated CPUs 66
rank 5705 on c619.nibi.sharcnet: 1 pinned threads; allocated CPUs 137
rank 3608 on c593.nibi.sharcnet: 1 pinned threads; allocated CPUs 152
rank 4909 on c612.nibi.sharcnet: 1 pinned threads; allocated CPUs 109
rank 5169 on c614.nibi.sharcnet: 1 pinned threads; allocated CPUs 177
rank 1097 on c409.nibi.sharcnet: 1 pinned threads; allocated CPUs 137
rank 1633 on c567.nibi.sharcnet: 1 pinned threads; allocated CPUs 97
rank 2023 on c573.nibi.sharcnet: 1 pinned threads; allocated CPUs 103
rank 3956 on c598.nibi.sharcnet: 1 pinned threads; allocated CPUs 116
rank 3333 on c591.nibi.sharcnet: 1 pinned threads; allocated CPUs 69
rank 2428 on c581.nibi.sharcnet: 1 pinned threads; allocated CPUs 124
rank 3609 on c593.nibi.sharcnet: 1 pinned threads; allocated CPUs 153
rank 5285 on c617.nibi.sharcnet: 1 pinned threads; allocated CPUs 101
rank 4165 on c599.nibi.sharcnet: 1 pinned threads; allocated CPUs 133
rank 3610 on c593.nibi.sharcnet: 1 pinned threads; allocated CPUs 154
rank 4910 on c612.nibi.sharcnet: 1 pinned threads; allocated CPUs 110
rank 5286 on c617.nibi.sharcnet: 1 pinned threads; allocated CPUs 102
rank 33 on c120.nibi.sharcnet: 1 pinned threads; allocated CPUs 33
rank 3611 on c593.nibi.sharcnet: 1 pinned threads; allocated CPUs 155
rank 4913 on c612.nibi.sharcnet: 1 pinned threads; allocated CPUs 113
rank 1915 on c572.nibi.sharcnet: 1 pinned threads; allocated CPUs 187
rank 2024 on c573.nibi.sharcnet: 1 pinned threads; allocated CPUs 104
rank 4166 on c599.nibi.sharcnet: 1 pinned threads; allocated CPUs 134
rank 4916 on c612.nibi.sharcnet: 1 pinned threads; allocated CPUs 116
rank 3130 on c589.nibi.sharcnet: 1 pinned threads; allocated CPUs 58
rank 3957 on c598.nibi.sharcnet: 1 pinned threads; allocated CPUs 117
rank 3334 on c591.nibi.sharcnet: 1 pinned threads; allocated CPUs 70
rank 5706 on c619.nibi.sharcnet: 1 pinned threads; allocated CPUs 138
rank 3335 on c591.nibi.sharcnet: 1 pinned threads; allocated CPUs 71
rank 3612 on c593.nibi.sharcnet: 1 pinned threads; allocated CPUs 156
rank 4921 on c612.nibi.sharcnet: 1 pinned threads; allocated CPUs 121
rank 5287 on c617.nibi.sharcnet: 1 pinned threads; allocated CPUs 103
rank 36 on c120.nibi.sharcnet: 1 pinned threads; allocated CPUs 36
rank 4922 on c612.nibi.sharcnet: 1 pinned threads; allocated CPUs 122
rank 2025 on c573.nibi.sharcnet: 1 pinned threads; allocated CPUs 105
rank 2235 on c580.nibi.sharcnet: 1 pinned threads; allocated CPUs 123
rank 3168 on c589.nibi.sharcnet: 1 pinned threads; allocated CPUs 96
rank 4926 on c612.nibi.sharcnet: 1 pinned threads; allocated CPUs 126
rank 39 on c120.nibi.sharcnet: 1 pinned threads; allocated CPUs 39
rank 572 on c137.nibi.sharcnet: 1 pinned threads; allocated CPUs 188
rank 5170 on c614.nibi.sharcnet: 1 pinned threads; allocated CPUs 178
rank 3337 on c591.nibi.sharcnet: 1 pinned threads; allocated CPUs 73
rank 4932 on c612.nibi.sharcnet: 1 pinned threads; allocated CPUs 132
rank 40 on c120.nibi.sharcnet: 1 pinned threads; allocated CPUs 40
rank 3169 on c589.nibi.sharcnet: 1 pinned threads; allocated CPUs 97
rank 5288 on c617.nibi.sharcnet: 1 pinned threads; allocated CPUs 104
rank 3958 on c598.nibi.sharcnet: 1 pinned threads; allocated CPUs 118
rank 4963 on c612.nibi.sharcnet: 1 pinned threads; allocated CPUs 163
rank 41 on c120.nibi.sharcnet: 1 pinned threads; allocated CPUs 41
rank 864 on c145.nibi.sharcnet: 1 pinned threads; allocated CPUs 96
rank 3338 on c591.nibi.sharcnet: 1 pinned threads; allocated CPUs 74
rank 5707 on c619.nibi.sharcnet: 1 pinned threads; allocated CPUs 139
rank 3170 on c589.nibi.sharcnet: 1 pinned threads; allocated CPUs 98
rank 1098 on c409.nibi.sharcnet: 1 pinned threads; allocated CPUs 138
rank 3340 on c591.nibi.sharcnet: 1 pinned threads; allocated CPUs 76
rank 5171 on c614.nibi.sharcnet: 1 pinned threads; allocated CPUs 179
rank 43 on c120.nibi.sharcnet: 1 pinned threads; allocated CPUs 43
rank 5289 on c617.nibi.sharcnet: 1 pinned threads; allocated CPUs 105
rank 5172 on c614.nibi.sharcnet: 1 pinned threads; allocated CPUs 180
rank 1916 on c572.nibi.sharcnet: 1 pinned threads; allocated CPUs 188
rank 3171 on c589.nibi.sharcnet: 1 pinned threads; allocated CPUs 99
rank 3344 on c591.nibi.sharcnet: 1 pinned threads; allocated CPUs 80
rank 45 on c120.nibi.sharcnet: 1 pinned threads; allocated CPUs 45
rank 4964 on c612.nibi.sharcnet: 1 pinned threads; allocated CPUs 164
rank 5290 on c617.nibi.sharcnet: 1 pinned threads; allocated CPUs 106
rank 2429 on c581.nibi.sharcnet: 1 pinned threads; allocated CPUs 125
rank 4967 on c612.nibi.sharcnet: 1 pinned threads; allocated CPUs 167
rank 5173 on c614.nibi.sharcnet: 1 pinned threads; allocated CPUs 181
rank 46 on c120.nibi.sharcnet: 1 pinned threads; allocated CPUs 46
rank 3172 on c589.nibi.sharcnet: 1 pinned threads; allocated CPUs 100
rank 2026 on c573.nibi.sharcnet: 1 pinned threads; allocated CPUs 106
rank 2236 on c580.nibi.sharcnet: 1 pinned threads; allocated CPUs 124
rank 3345 on c591.nibi.sharcnet: 1 pinned threads; allocated CPUs 81
rank 5174 on c614.nibi.sharcnet: 1 pinned threads; allocated CPUs 182
rank 5175 on c614.nibi.sharcnet: 1 pinned threads; allocated CPUs 183
rank 3347 on c591.nibi.sharcnet: 1 pinned threads; allocated CPUs 83
rank 47 on c120.nibi.sharcnet: 1 pinned threads; allocated CPUs 47
rank 3613 on c593.nibi.sharcnet: 1 pinned threads; allocated CPUs 157
rank 2237 on c580.nibi.sharcnet: 1 pinned threads; allocated CPUs 125
rank 3348 on c591.nibi.sharcnet: 1 pinned threads; allocated CPUs 84
rank 5291 on c617.nibi.sharcnet: 1 pinned threads; allocated CPUs 107
rank 3173 on c589.nibi.sharcnet: 1 pinned threads; allocated CPUs 101
rank 48 on c120.nibi.sharcnet: 1 pinned threads; allocated CPUs 48
rank 3174 on c589.nibi.sharcnet: 1 pinned threads; allocated CPUs 102
rank 2027 on c573.nibi.sharcnet: 1 pinned threads; allocated CPUs 107
rank 4167 on c599.nibi.sharcnet: 1 pinned threads; allocated CPUs 135
rank 3351 on c591.nibi.sharcnet: 1 pinned threads; allocated CPUs 87
rank 2430 on c581.nibi.sharcnet: 1 pinned threads; allocated CPUs 126
rank 2238 on c580.nibi.sharcnet: 1 pinned threads; allocated CPUs 126
rank 5292 on c617.nibi.sharcnet: 1 pinned threads; allocated CPUs 108
rank 3175 on c589.nibi.sharcnet: 1 pinned threads; allocated CPUs 103
rank 2239 on c580.nibi.sharcnet: 1 pinned threads; allocated CPUs 127
rank 573 on c137.nibi.sharcnet: 1 pinned threads; allocated CPUs 189
rank 49 on c120.nibi.sharcnet: 1 pinned threads; allocated CPUs 49
rank 1653 on c567.nibi.sharcnet: 1 pinned threads; allocated CPUs 117
rank 5718 on c619.nibi.sharcnet: 1 pinned threads; allocated CPUs 150
rank 5176 on c614.nibi.sharcnet: 1 pinned threads; allocated CPUs 184
rank 1917 on c572.nibi.sharcnet: 1 pinned threads; allocated CPUs 189
rank 2028 on c573.nibi.sharcnet: 1 pinned threads; allocated CPUs 108
rank 3352 on c591.nibi.sharcnet: 1 pinned threads; allocated CPUs 88
rank 2431 on c581.nibi.sharcnet: 1 pinned threads; allocated CPUs 127
rank 5178 on c614.nibi.sharcnet: 1 pinned threads; allocated CPUs 186
rank 50 on c120.nibi.sharcnet: 1 pinned threads; allocated CPUs 50
rank 3176 on c589.nibi.sharcnet: 1 pinned threads; allocated CPUs 104
rank 3353 on c591.nibi.sharcnet: 1 pinned threads; allocated CPUs 89
rank 2240 on c580.nibi.sharcnet: 1 pinned threads; allocated CPUs 128
rank 5293 on c617.nibi.sharcnet: 1 pinned threads; allocated CPUs 109
rank 3959 on c598.nibi.sharcnet: 1 pinned threads; allocated CPUs 119
rank 51 on c120.nibi.sharcnet: 1 pinned threads; allocated CPUs 51
rank 2029 on c573.nibi.sharcnet: 1 pinned threads; allocated CPUs 109
rank 3354 on c591.nibi.sharcnet: 1 pinned threads; allocated CPUs 90
rank 2889 on c585.nibi.sharcnet: 1 pinned threads; allocated CPUs 9
rank 871 on c145.nibi.sharcnet: 1 pinned threads; allocated CPUs 103
rank 2432 on c581.nibi.sharcnet: 1 pinned threads; allocated CPUs 128
rank 2244 on c580.nibi.sharcnet: 1 pinned threads; allocated CPUs 132
rank 5294 on c617.nibi.sharcnet: 1 pinned threads; allocated CPUs 110
rank 2433 on c581.nibi.sharcnet: 1 pinned threads; allocated CPUs 129
rank 52 on c120.nibi.sharcnet: 1 pinned threads; allocated CPUs 52
rank 3177 on c589.nibi.sharcnet: 1 pinned threads; allocated CPUs 105
rank 3357 on c591.nibi.sharcnet: 1 pinned threads; allocated CPUs 93
rank 2245 on c580.nibi.sharcnet: 1 pinned threads; allocated CPUs 133
rank 1099 on c409.nibi.sharcnet: 1 pinned threads; allocated CPUs 139
rank 2030 on c573.nibi.sharcnet: 1 pinned threads; allocated CPUs 110
rank 5722 on c619.nibi.sharcnet: 1 pinned threads; allocated CPUs 154
rank 2246 on c580.nibi.sharcnet: 1 pinned threads; allocated CPUs 134
rank 4969 on c612.nibi.sharcnet: 1 pinned threads; allocated CPUs 169
rank 53 on c120.nibi.sharcnet: 1 pinned threads; allocated CPUs 53
rank 3178 on c589.nibi.sharcnet: 1 pinned threads; allocated CPUs 106
rank 2901 on c585.nibi.sharcnet: 1 pinned threads; allocated CPUs 21
rank 2031 on c573.nibi.sharcnet: 1 pinned threads; allocated CPUs 111
rank 2434 on c581.nibi.sharcnet: 1 pinned threads; allocated CPUs 130
rank 5295 on c617.nibi.sharcnet: 1 pinned threads; allocated CPUs 111
rank 5179 on c614.nibi.sharcnet: 1 pinned threads; allocated CPUs 187
rank 3358 on c591.nibi.sharcnet: 1 pinned threads; allocated CPUs 94
rank 2435 on c581.nibi.sharcnet: 1 pinned threads; allocated CPUs 131
rank 2247 on c580.nibi.sharcnet: 1 pinned threads; allocated CPUs 135
rank 5296 on c617.nibi.sharcnet: 1 pinned threads; allocated CPUs 112
rank 890 on c145.nibi.sharcnet: 1 pinned threads; allocated CPUs 122
rank 3179 on c589.nibi.sharcnet: 1 pinned threads; allocated CPUs 107
rank 3960 on c598.nibi.sharcnet: 1 pinned threads; allocated CPUs 120
rank 3360 on c591.nibi.sharcnet: 1 pinned threads; allocated CPUs 96
rank 56 on c120.nibi.sharcnet: 1 pinned threads; allocated CPUs 56
rank 2905 on c585.nibi.sharcnet: 1 pinned threads; allocated CPUs 25
rank 2033 on c573.nibi.sharcnet: 1 pinned threads; allocated CPUs 113
rank 5725 on c619.nibi.sharcnet: 1 pinned threads; allocated CPUs 157
rank 1100 on c409.nibi.sharcnet: 1 pinned threads; allocated CPUs 140
rank 3180 on c589.nibi.sharcnet: 1 pinned threads; allocated CPUs 108
rank 5297 on c617.nibi.sharcnet: 1 pinned threads; allocated CPUs 113
rank 1918 on c572.nibi.sharcnet: 1 pinned threads; allocated CPUs 190
rank 898 on c145.nibi.sharcnet: 1 pinned threads; allocated CPUs 130
rank 3181 on c589.nibi.sharcnet: 1 pinned threads; allocated CPUs 109
rank 3961 on c598.nibi.sharcnet: 1 pinned threads; allocated CPUs 121
rank 3362 on c591.nibi.sharcnet: 1 pinned threads; allocated CPUs 98
rank 2436 on c581.nibi.sharcnet: 1 pinned threads; allocated CPUs 132
rank 2248 on c580.nibi.sharcnet: 1 pinned threads; allocated CPUs 136
rank 57 on c120.nibi.sharcnet: 1 pinned threads; allocated CPUs 57
rank 2034 on c573.nibi.sharcnet: 1 pinned threads; allocated CPUs 114
rank 4168 on c599.nibi.sharcnet: 1 pinned threads; allocated CPUs 136
rank 2249 on c580.nibi.sharcnet: 1 pinned threads; allocated CPUs 137
rank 1654 on c567.nibi.sharcnet: 1 pinned threads; allocated CPUs 118
rank 3363 on c591.nibi.sharcnet: 1 pinned threads; allocated CPUs 99
rank 5696 on c619.nibi.sharcnet: 1 pinned threads; allocated CPUs 128
rank 1101 on c409.nibi.sharcnet: 1 pinned threads; allocated CPUs 141
rank 2906 on c585.nibi.sharcnet: 1 pinned threads; allocated CPUs 26
rank 2035 on c573.nibi.sharcnet: 1 pinned threads; allocated CPUs 115
rank 2250 on c580.nibi.sharcnet: 1 pinned threads; allocated CPUs 138
rank 1102 on c409.nibi.sharcnet: 1 pinned threads; allocated CPUs 142
rank 899 on c145.nibi.sharcnet: 1 pinned threads; allocated CPUs 131
rank 1656 on c567.nibi.sharcnet: 1 pinned threads; allocated CPUs 120
rank 3962 on c598.nibi.sharcnet: 1 pinned threads; allocated CPUs 122
rank 3364 on c591.nibi.sharcnet: 1 pinned threads; allocated CPUs 100
rank 2437 on c581.nibi.sharcnet: 1 pinned threads; allocated CPUs 133
rank 575 on c137.nibi.sharcnet: 1 pinned threads; allocated CPUs 191
rank 5298 on c617.nibi.sharcnet: 1 pinned threads; allocated CPUs 114
rank 58 on c120.nibi.sharcnet: 1 pinned threads; allocated CPUs 58
rank 3182 on c589.nibi.sharcnet: 1 pinned threads; allocated CPUs 110
rank 2036 on c573.nibi.sharcnet: 1 pinned threads; allocated CPUs 116
rank 4169 on c599.nibi.sharcnet: 1 pinned threads; allocated CPUs 137
rank 2438 on c581.nibi.sharcnet: 1 pinned threads; allocated CPUs 134
rank 2251 on c580.nibi.sharcnet: 1 pinned threads; allocated CPUs 139
rank 5299 on c617.nibi.sharcnet: 1 pinned threads; allocated CPUs 115
rank 5377 on c618.nibi.sharcnet: 1 pinned threads; allocated CPUs 1
rank 1919 on c572.nibi.sharcnet: 1 pinned threads; allocated CPUs 191
rank 1103 on c409.nibi.sharcnet: 1 pinned threads; allocated CPUs 143
rank 2912 on c585.nibi.sharcnet: 1 pinned threads; allocated CPUs 32
rank 3183 on c589.nibi.sharcnet: 1 pinned threads; allocated CPUs 111
rank 2037 on c573.nibi.sharcnet: 1 pinned threads; allocated CPUs 117
rank 3365 on c591.nibi.sharcnet: 1 pinned threads; allocated CPUs 101
rank 2439 on c581.nibi.sharcnet: 1 pinned threads; allocated CPUs 135
rank 5300 on c617.nibi.sharcnet: 1 pinned threads; allocated CPUs 116
rank 1377 on c559.nibi.sharcnet: 1 pinned threads; allocated CPUs 33
rank 59 on c120.nibi.sharcnet: 1 pinned threads; allocated CPUs 59
rank 1104 on c409.nibi.sharcnet: 1 pinned threads; allocated CPUs 144
rank 2913 on c585.nibi.sharcnet: 1 pinned threads; allocated CPUs 33
rank 906 on c145.nibi.sharcnet: 1 pinned threads; allocated CPUs 138
rank 1658 on c567.nibi.sharcnet: 1 pinned threads; allocated CPUs 122
rank 3184 on c589.nibi.sharcnet: 1 pinned threads; allocated CPUs 112
rank 3963 on c598.nibi.sharcnet: 1 pinned threads; allocated CPUs 123
rank 4170 on c599.nibi.sharcnet: 1 pinned threads; allocated CPUs 138
rank 5180 on c614.nibi.sharcnet: 1 pinned threads; allocated CPUs 188
rank 1824 on c572.nibi.sharcnet: 1 pinned threads; allocated CPUs 96
rank 60 on c120.nibi.sharcnet: 1 pinned threads; allocated CPUs 60
rank 1105 on c409.nibi.sharcnet: 1 pinned threads; allocated CPUs 145
rank 2914 on c585.nibi.sharcnet: 1 pinned threads; allocated CPUs 34
rank 933 on c145.nibi.sharcnet: 1 pinned threads; allocated CPUs 165
rank 1710 on c567.nibi.sharcnet: 1 pinned threads; allocated CPUs 174
rank 3185 on c589.nibi.sharcnet: 1 pinned threads; allocated CPUs 113
rank 2038 on c573.nibi.sharcnet: 1 pinned threads; allocated CPUs 118
rank 3964 on c598.nibi.sharcnet: 1 pinned threads; allocated CPUs 124
rank 3366 on c591.nibi.sharcnet: 1 pinned threads; allocated CPUs 102
rank 5700 on c619.nibi.sharcnet: 1 pinned threads; allocated CPUs 132
rank 2440 on c581.nibi.sharcnet: 1 pinned threads; allocated CPUs 136
rank 3614 on c593.nibi.sharcnet: 1 pinned threads; allocated CPUs 158
rank 2252 on c580.nibi.sharcnet: 1 pinned threads; allocated CPUs 140
rank 515 on c137.nibi.sharcnet: 1 pinned threads; allocated CPUs 131
rank 5301 on c617.nibi.sharcnet: 1 pinned threads; allocated CPUs 117
rank 5378 on c618.nibi.sharcnet: 1 pinned threads; allocated CPUs 2
rank 64 on c120.nibi.sharcnet: 1 pinned threads; allocated CPUs 64
rank 1106 on c409.nibi.sharcnet: 1 pinned threads; allocated CPUs 146
rank 2915 on c585.nibi.sharcnet: 1 pinned threads; allocated CPUs 35
rank 946 on c145.nibi.sharcnet: 1 pinned threads; allocated CPUs 178
rank 3186 on c589.nibi.sharcnet: 1 pinned threads; allocated CPUs 114
rank 3965 on c598.nibi.sharcnet: 1 pinned threads; allocated CPUs 125
rank 4171 on c599.nibi.sharcnet: 1 pinned threads; allocated CPUs 139
rank 3367 on c591.nibi.sharcnet: 1 pinned threads; allocated CPUs 103
rank 5703 on c619.nibi.sharcnet: 1 pinned threads; allocated CPUs 135
rank 2441 on c581.nibi.sharcnet: 1 pinned threads; allocated CPUs 137
rank 2254 on c580.nibi.sharcnet: 1 pinned threads; allocated CPUs 142
rank 518 on c137.nibi.sharcnet: 1 pinned threads; allocated CPUs 134
rank 5302 on c617.nibi.sharcnet: 1 pinned threads; allocated CPUs 118
rank 5379 on c618.nibi.sharcnet: 1 pinned threads; allocated CPUs 3
rank 1826 on c572.nibi.sharcnet: 1 pinned threads; allocated CPUs 98
rank 66 on c120.nibi.sharcnet: 1 pinned threads; allocated CPUs 66
rank 1107 on c409.nibi.sharcnet: 1 pinned threads; allocated CPUs 147
rank 950 on c145.nibi.sharcnet: 1 pinned threads; allocated CPUs 182
rank 1635 on c567.nibi.sharcnet: 1 pinned threads; allocated CPUs 99
rank 3187 on c589.nibi.sharcnet: 1 pinned threads; allocated CPUs 115
rank 2039 on c573.nibi.sharcnet: 1 pinned threads; allocated CPUs 119
rank 3966 on c598.nibi.sharcnet: 1 pinned threads; allocated CPUs 126
rank 4172 on c599.nibi.sharcnet: 1 pinned threads; allocated CPUs 140
rank 3368 on c591.nibi.sharcnet: 1 pinned threads; allocated CPUs 104
rank 5709 on c619.nibi.sharcnet: 1 pinned threads; allocated CPUs 141
rank 2442 on c581.nibi.sharcnet: 1 pinned threads; allocated CPUs 138
rank 2255 on c580.nibi.sharcnet: 1 pinned threads; allocated CPUs 143
rank 4971 on c612.nibi.sharcnet: 1 pinned threads; allocated CPUs 171
rank 5181 on c614.nibi.sharcnet: 1 pinned threads; allocated CPUs 189
rank 1829 on c572.nibi.sharcnet: 1 pinned threads; allocated CPUs 101
rank 1108 on c409.nibi.sharcnet: 1 pinned threads; allocated CPUs 148
rank 2917 on c585.nibi.sharcnet: 1 pinned threads; allocated CPUs 37
rank 888 on c145.nibi.sharcnet: 1 pinned threads; allocated CPUs 120
rank 1636 on c567.nibi.sharcnet: 1 pinned threads; allocated CPUs 100
rank 3188 on c589.nibi.sharcnet: 1 pinned threads; allocated CPUs 116
rank 2040 on c573.nibi.sharcnet: 1 pinned threads; allocated CPUs 120
rank 3967 on c598.nibi.sharcnet: 1 pinned threads; allocated CPUs 127
rank 193 on c128.nibi.sharcnet: 1 pinned threads; allocated CPUs 1
rank 3369 on c591.nibi.sharcnet: 1 pinned threads; allocated CPUs 105
rank 5711 on c619.nibi.sharcnet: 1 pinned threads; allocated CPUs 143
rank 2443 on c581.nibi.sharcnet: 1 pinned threads; allocated CPUs 139
rank 2256 on c580.nibi.sharcnet: 1 pinned threads; allocated CPUs 144
rank 521 on c137.nibi.sharcnet: 1 pinned threads; allocated CPUs 137
rank 5303 on c617.nibi.sharcnet: 1 pinned threads; allocated CPUs 119
rank 5380 on c618.nibi.sharcnet: 1 pinned threads; allocated CPUs 4
rank 5182 on c614.nibi.sharcnet: 1 pinned threads; allocated CPUs 190
rank 1830 on c572.nibi.sharcnet: 1 pinned threads; allocated CPUs 102
rank 73 on c120.nibi.sharcnet: 1 pinned threads; allocated CPUs 73
rank 2918 on c585.nibi.sharcnet: 1 pinned threads; allocated CPUs 38
rank 919 on c145.nibi.sharcnet: 1 pinned threads; allocated CPUs 151
rank 1641 on c567.nibi.sharcnet: 1 pinned threads; allocated CPUs 105
rank 3189 on c589.nibi.sharcnet: 1 pinned threads; allocated CPUs 117
rank 2041 on c573.nibi.sharcnet: 1 pinned threads; allocated CPUs 121
rank 3968 on c598.nibi.sharcnet: 1 pinned threads; allocated CPUs 128
rank 4173 on c599.nibi.sharcnet: 1 pinned threads; allocated CPUs 141
rank 3370 on c591.nibi.sharcnet: 1 pinned threads; allocated CPUs 106
rank 5712 on c619.nibi.sharcnet: 1 pinned threads; allocated CPUs 144
rank 2444 on c581.nibi.sharcnet: 1 pinned threads; allocated CPUs 140
rank 2257 on c580.nibi.sharcnet: 1 pinned threads; allocated CPUs 145
rank 524 on c137.nibi.sharcnet: 1 pinned threads; allocated CPUs 140
rank 5304 on c617.nibi.sharcnet: 1 pinned threads; allocated CPUs 120
rank 5382 on c618.nibi.sharcnet: 1 pinned threads; allocated CPUs 6
rank 5183 on c614.nibi.sharcnet: 1 pinned threads; allocated CPUs 191
rank 1833 on c572.nibi.sharcnet: 1 pinned threads; allocated CPUs 105
rank 76 on c120.nibi.sharcnet: 1 pinned threads; allocated CPUs 76
rank 1109 on c409.nibi.sharcnet: 1 pinned threads; allocated CPUs 149
rank 2919 on c585.nibi.sharcnet: 1 pinned threads; allocated CPUs 39
rank 893 on c145.nibi.sharcnet: 1 pinned threads; allocated CPUs 125
rank 1662 on c567.nibi.sharcnet: 1 pinned threads; allocated CPUs 126
rank 2042 on c573.nibi.sharcnet: 1 pinned threads; allocated CPUs 122
rank 3969 on c598.nibi.sharcnet: 1 pinned threads; allocated CPUs 129
rank 4174 on c599.nibi.sharcnet: 1 pinned threads; allocated CPUs 142
rank 197 on c128.nibi.sharcnet: 1 pinned threads; allocated CPUs 5
rank 5713 on c619.nibi.sharcnet: 1 pinned threads; allocated CPUs 145
rank 2445 on c581.nibi.sharcnet: 1 pinned threads; allocated CPUs 141
rank 2258 on c580.nibi.sharcnet: 1 pinned threads; allocated CPUs 146
rank 525 on c137.nibi.sharcnet: 1 pinned threads; allocated CPUs 141
rank 5305 on c617.nibi.sharcnet: 1 pinned threads; allocated CPUs 121
rank 5089 on c614.nibi.sharcnet: 1 pinned threads; allocated CPUs 97
rank 1834 on c572.nibi.sharcnet: 1 pinned threads; allocated CPUs 106
rank 80 on c120.nibi.sharcnet: 1 pinned threads; allocated CPUs 80
rank 1110 on c409.nibi.sharcnet: 1 pinned threads; allocated CPUs 150
rank 2920 on c585.nibi.sharcnet: 1 pinned threads; allocated CPUs 40
rank 940 on c145.nibi.sharcnet: 1 pinned threads; allocated CPUs 172
rank 1684 on c567.nibi.sharcnet: 1 pinned threads; allocated CPUs 148
rank 3190 on c589.nibi.sharcnet: 1 pinned threads; allocated CPUs 118
rank 2043 on c573.nibi.sharcnet: 1 pinned threads; allocated CPUs 123
rank 3970 on c598.nibi.sharcnet: 1 pinned threads; allocated CPUs 130
rank 4175 on c599.nibi.sharcnet: 1 pinned threads; allocated CPUs 143
rank 198 on c128.nibi.sharcnet: 1 pinned threads; allocated CPUs 6
rank 3371 on c591.nibi.sharcnet: 1 pinned threads; allocated CPUs 107
rank 3615 on c593.nibi.sharcnet: 1 pinned threads; allocated CPUs 159
rank 2259 on c580.nibi.sharcnet: 1 pinned threads; allocated CPUs 147
rank 536 on c137.nibi.sharcnet: 1 pinned threads; allocated CPUs 152
rank 5306 on c617.nibi.sharcnet: 1 pinned threads; allocated CPUs 122
rank 5383 on c618.nibi.sharcnet: 1 pinned threads; allocated CPUs 7
rank 1835 on c572.nibi.sharcnet: 1 pinned threads; allocated CPUs 107
rank 1378 on c559.nibi.sharcnet: 1 pinned threads; allocated CPUs 34
rank 81 on c120.nibi.sharcnet: 1 pinned threads; allocated CPUs 81
rank 1111 on c409.nibi.sharcnet: 1 pinned threads; allocated CPUs 151
rank 2921 on c585.nibi.sharcnet: 1 pinned threads; allocated CPUs 41
rank 1705 on c567.nibi.sharcnet: 1 pinned threads; allocated CPUs 169
rank 3191 on c589.nibi.sharcnet: 1 pinned threads; allocated CPUs 119
rank 2044 on c573.nibi.sharcnet: 1 pinned threads; allocated CPUs 124
rank 3971 on c598.nibi.sharcnet: 1 pinned threads; allocated CPUs 131
rank 4176 on c599.nibi.sharcnet: 1 pinned threads; allocated CPUs 144
rank 3372 on c591.nibi.sharcnet: 1 pinned threads; allocated CPUs 108
rank 5714 on c619.nibi.sharcnet: 1 pinned threads; allocated CPUs 146
rank 2446 on c581.nibi.sharcnet: 1 pinned threads; allocated CPUs 142
rank 3616 on c593.nibi.sharcnet: 1 pinned threads; allocated CPUs 160
rank 2260 on c580.nibi.sharcnet: 1 pinned threads; allocated CPUs 148
rank 544 on c137.nibi.sharcnet: 1 pinned threads; allocated CPUs 160
rank 4972 on c612.nibi.sharcnet: 1 pinned threads; allocated CPUs 172
rank 5307 on c617.nibi.sharcnet: 1 pinned threads; allocated CPUs 123
rank 5384 on c618.nibi.sharcnet: 1 pinned threads; allocated CPUs 8
rank 5091 on c614.nibi.sharcnet: 1 pinned threads; allocated CPUs 99
rank 1836 on c572.nibi.sharcnet: 1 pinned threads; allocated CPUs 108
rank 87 on c120.nibi.sharcnet: 1 pinned threads; allocated CPUs 87
rank 1112 on c409.nibi.sharcnet: 1 pinned threads; allocated CPUs 152
rank 2922 on c585.nibi.sharcnet: 1 pinned threads; allocated CPUs 42
rank 954 on c145.nibi.sharcnet: 1 pinned threads; allocated CPUs 186
rank 1711 on c567.nibi.sharcnet: 1 pinned threads; allocated CPUs 175
rank 3192 on c589.nibi.sharcnet: 1 pinned threads; allocated CPUs 120
rank 2045 on c573.nibi.sharcnet: 1 pinned threads; allocated CPUs 125
rank 3972 on c598.nibi.sharcnet: 1 pinned threads; allocated CPUs 132
rank 4177 on c599.nibi.sharcnet: 1 pinned threads; allocated CPUs 145
rank 201 on c128.nibi.sharcnet: 1 pinned threads; allocated CPUs 9
rank 3373 on c591.nibi.sharcnet: 1 pinned threads; allocated CPUs 109
rank 5715 on c619.nibi.sharcnet: 1 pinned threads; allocated CPUs 147
rank 2447 on c581.nibi.sharcnet: 1 pinned threads; allocated CPUs 143
rank 2261 on c580.nibi.sharcnet: 1 pinned threads; allocated CPUs 149
rank 4973 on c612.nibi.sharcnet: 1 pinned threads; allocated CPUs 173
rank 5308 on c617.nibi.sharcnet: 1 pinned threads; allocated CPUs 124
rank 5385 on c618.nibi.sharcnet: 1 pinned threads; allocated CPUs 9
rank 5094 on c614.nibi.sharcnet: 1 pinned threads; allocated CPUs 102
rank 1839 on c572.nibi.sharcnet: 1 pinned threads; allocated CPUs 111
rank 89 on c120.nibi.sharcnet: 1 pinned threads; allocated CPUs 89
rank 1113 on c409.nibi.sharcnet: 1 pinned threads; allocated CPUs 153
rank 2924 on c585.nibi.sharcnet: 1 pinned threads; allocated CPUs 44
rank 1663 on c567.nibi.sharcnet: 1 pinned threads; allocated CPUs 127
rank 3193 on c589.nibi.sharcnet: 1 pinned threads; allocated CPUs 121
rank 2046 on c573.nibi.sharcnet: 1 pinned threads; allocated CPUs 126
rank 3973 on c598.nibi.sharcnet: 1 pinned threads; allocated CPUs 133
rank 4178 on c599.nibi.sharcnet: 1 pinned threads; allocated CPUs 146
rank 202 on c128.nibi.sharcnet: 1 pinned threads; allocated CPUs 10
rank 3374 on c591.nibi.sharcnet: 1 pinned threads; allocated CPUs 110
rank 2448 on c581.nibi.sharcnet: 1 pinned threads; allocated CPUs 144
rank 3617 on c593.nibi.sharcnet: 1 pinned threads; allocated CPUs 161
rank 2262 on c580.nibi.sharcnet: 1 pinned threads; allocated CPUs 150
rank 545 on c137.nibi.sharcnet: 1 pinned threads; allocated CPUs 161
rank 5761 on c622.nibi.sharcnet: 1 pinned threads; allocated CPUs 1
rank 4974 on c612.nibi.sharcnet: 1 pinned threads; allocated CPUs 174
rank 5309 on c617.nibi.sharcnet: 1 pinned threads; allocated CPUs 125
rank 5387 on c618.nibi.sharcnet: 1 pinned threads; allocated CPUs 11
rank 5095 on c614.nibi.sharcnet: 1 pinned threads; allocated CPUs 103
rank 1841 on c572.nibi.sharcnet: 1 pinned threads; allocated CPUs 113
rank 92 on c120.nibi.sharcnet: 1 pinned threads; allocated CPUs 92
rank 1114 on c409.nibi.sharcnet: 1 pinned threads; allocated CPUs 154
rank 2926 on c585.nibi.sharcnet: 1 pinned threads; allocated CPUs 46
rank 879 on c145.nibi.sharcnet: 1 pinned threads; allocated CPUs 111
rank 1694 on c567.nibi.sharcnet: 1 pinned threads; allocated CPUs 158
rank 3194 on c589.nibi.sharcnet: 1 pinned threads; allocated CPUs 122
rank 2047 on c573.nibi.sharcnet: 1 pinned threads; allocated CPUs 127
rank 3974 on c598.nibi.sharcnet: 1 pinned threads; allocated CPUs 134
rank 4179 on c599.nibi.sharcnet: 1 pinned threads; allocated CPUs 147
rank 204 on c128.nibi.sharcnet: 1 pinned threads; allocated CPUs 12
rank 3375 on c591.nibi.sharcnet: 1 pinned threads; allocated CPUs 111
rank 5721 on c619.nibi.sharcnet: 1 pinned threads; allocated CPUs 153
rank 2449 on c581.nibi.sharcnet: 1 pinned threads; allocated CPUs 145
rank 3618 on c593.nibi.sharcnet: 1 pinned threads; allocated CPUs 162
rank 2263 on c580.nibi.sharcnet: 1 pinned threads; allocated CPUs 151
rank 550 on c137.nibi.sharcnet: 1 pinned threads; allocated CPUs 166
rank 3649 on c596.nibi.sharcnet: 1 pinned threads; allocated CPUs 1
rank 5763 on c622.nibi.sharcnet: 1 pinned threads; allocated CPUs 3
rank 4982 on c612.nibi.sharcnet: 1 pinned threads; allocated CPUs 182
rank 5310 on c617.nibi.sharcnet: 1 pinned threads; allocated CPUs 126
rank 5388 on c618.nibi.sharcnet: 1 pinned threads; allocated CPUs 12
rank 5100 on c614.nibi.sharcnet: 1 pinned threads; allocated CPUs 108
rank 1843 on c572.nibi.sharcnet: 1 pinned threads; allocated CPUs 115
rank 93 on c120.nibi.sharcnet: 1 pinned threads; allocated CPUs 93
rank 1115 on c409.nibi.sharcnet: 1 pinned threads; allocated CPUs 155
rank 2928 on c585.nibi.sharcnet: 1 pinned threads; allocated CPUs 48
rank 892 on c145.nibi.sharcnet: 1 pinned threads; allocated CPUs 124
rank 1671 on c567.nibi.sharcnet: 1 pinned threads; allocated CPUs 135
rank 3195 on c589.nibi.sharcnet: 1 pinned threads; allocated CPUs 123
rank 2048 on c573.nibi.sharcnet: 1 pinned threads; allocated CPUs 128
rank 3975 on c598.nibi.sharcnet: 1 pinned threads; allocated CPUs 135
rank 4180 on c599.nibi.sharcnet: 1 pinned threads; allocated CPUs 148
rank 206 on c128.nibi.sharcnet: 1 pinned threads; allocated CPUs 14
rank 3376 on c591.nibi.sharcnet: 1 pinned threads; allocated CPUs 112
rank 5727 on c619.nibi.sharcnet: 1 pinned threads; allocated CPUs 159
rank 2450 on c581.nibi.sharcnet: 1 pinned threads; allocated CPUs 146
rank 3619 on c593.nibi.sharcnet: 1 pinned threads; allocated CPUs 163
rank 2264 on c580.nibi.sharcnet: 1 pinned threads; allocated CPUs 152
rank 561 on c137.nibi.sharcnet: 1 pinned threads; allocated CPUs 177
rank 4988 on c612.nibi.sharcnet: 1 pinned threads; allocated CPUs 188
rank 5311 on c617.nibi.sharcnet: 1 pinned threads; allocated CPUs 127
rank 5389 on c618.nibi.sharcnet: 1 pinned threads; allocated CPUs 13
rank 4435 on c608.nibi.sharcnet: 1 pinned threads; allocated CPUs 19
rank 5101 on c614.nibi.sharcnet: 1 pinned threads; allocated CPUs 109
rank 1844 on c572.nibi.sharcnet: 1 pinned threads; allocated CPUs 116
rank 96 on c120.nibi.sharcnet: 1 pinned threads; allocated CPUs 96
rank 1116 on c409.nibi.sharcnet: 1 pinned threads; allocated CPUs 156
rank 2929 on c585.nibi.sharcnet: 1 pinned threads; allocated CPUs 49
rank 894 on c145.nibi.sharcnet: 1 pinned threads; allocated CPUs 126
rank 1715 on c567.nibi.sharcnet: 1 pinned threads; allocated CPUs 179
rank 3196 on c589.nibi.sharcnet: 1 pinned threads; allocated CPUs 124
rank 2049 on c573.nibi.sharcnet: 1 pinned threads; allocated CPUs 129
rank 3976 on c598.nibi.sharcnet: 1 pinned threads; allocated CPUs 136
rank 4181 on c599.nibi.sharcnet: 1 pinned threads; allocated CPUs 149
rank 3377 on c591.nibi.sharcnet: 1 pinned threads; allocated CPUs 113
rank 5745 on c619.nibi.sharcnet: 1 pinned threads; allocated CPUs 177
rank 2451 on c581.nibi.sharcnet: 1 pinned threads; allocated CPUs 147
rank 3620 on c593.nibi.sharcnet: 1 pinned threads; allocated CPUs 164
rank 2265 on c580.nibi.sharcnet: 1 pinned threads; allocated CPUs 153
rank 564 on c137.nibi.sharcnet: 1 pinned threads; allocated CPUs 180
rank 3650 on c596.nibi.sharcnet: 1 pinned threads; allocated CPUs 2
rank 5769 on c622.nibi.sharcnet: 1 pinned threads; allocated CPUs 9
rank 4902 on c612.nibi.sharcnet: 1 pinned threads; allocated CPUs 102
rank 5312 on c617.nibi.sharcnet: 1 pinned threads; allocated CPUs 128
rank 5390 on c618.nibi.sharcnet: 1 pinned threads; allocated CPUs 14
rank 5102 on c614.nibi.sharcnet: 1 pinned threads; allocated CPUs 110
rank 1847 on c572.nibi.sharcnet: 1 pinned threads; allocated CPUs 119
rank 1381 on c559.nibi.sharcnet: 1 pinned threads; allocated CPUs 37
rank 97 on c120.nibi.sharcnet: 1 pinned threads; allocated CPUs 97
rank 1117 on c409.nibi.sharcnet: 1 pinned threads; allocated CPUs 157
rank 2930 on c585.nibi.sharcnet: 1 pinned threads; allocated CPUs 50
rank 943 on c145.nibi.sharcnet: 1 pinned threads; allocated CPUs 175
rank 1722 on c567.nibi.sharcnet: 1 pinned threads; allocated CPUs 186
rank 3197 on c589.nibi.sharcnet: 1 pinned threads; allocated CPUs 125
rank 2050 on c573.nibi.sharcnet: 1 pinned threads; allocated CPUs 130
rank 3977 on c598.nibi.sharcnet: 1 pinned threads; allocated CPUs 137
rank 4182 on c599.nibi.sharcnet: 1 pinned threads; allocated CPUs 150
rank 208 on c128.nibi.sharcnet: 1 pinned threads; allocated CPUs 16
rank 3378 on c591.nibi.sharcnet: 1 pinned threads; allocated CPUs 114
rank 5747 on c619.nibi.sharcnet: 1 pinned threads; allocated CPUs 179
rank 2452 on c581.nibi.sharcnet: 1 pinned threads; allocated CPUs 148
rank 3621 on c593.nibi.sharcnet: 1 pinned threads; allocated CPUs 165
rank 2266 on c580.nibi.sharcnet: 1 pinned threads; allocated CPUs 154
rank 571 on c137.nibi.sharcnet: 1 pinned threads; allocated CPUs 187
rank 3652 on c596.nibi.sharcnet: 1 pinned threads; allocated CPUs 4
rank 5770 on c622.nibi.sharcnet: 1 pinned threads; allocated CPUs 10
rank 4903 on c612.nibi.sharcnet: 1 pinned threads; allocated CPUs 103
rank 5313 on c617.nibi.sharcnet: 1 pinned threads; allocated CPUs 129
rank 5391 on c618.nibi.sharcnet: 1 pinned threads; allocated CPUs 15
rank 5104 on c614.nibi.sharcnet: 1 pinned threads; allocated CPUs 112
rank 1848 on c572.nibi.sharcnet: 1 pinned threads; allocated CPUs 120
rank 98 on c120.nibi.sharcnet: 1 pinned threads; allocated CPUs 98
rank 1118 on c409.nibi.sharcnet: 1 pinned threads; allocated CPUs 158
rank 2931 on c585.nibi.sharcnet: 1 pinned threads; allocated CPUs 51
rank 874 on c145.nibi.sharcnet: 1 pinned threads; allocated CPUs 106
rank 1717 on c567.nibi.sharcnet: 1 pinned threads; allocated CPUs 181
rank 3198 on c589.nibi.sharcnet: 1 pinned threads; allocated CPUs 126
rank 2051 on c573.nibi.sharcnet: 1 pinned threads; allocated CPUs 131
rank 3978 on c598.nibi.sharcnet: 1 pinned threads; allocated CPUs 138
rank 4183 on c599.nibi.sharcnet: 1 pinned threads; allocated CPUs 151
rank 209 on c128.nibi.sharcnet: 1 pinned threads; allocated CPUs 17
rank 3379 on c591.nibi.sharcnet: 1 pinned threads; allocated CPUs 115
rank 5587 on c619.nibi.sharcnet: 1 pinned threads; allocated CPUs 19
rank 2453 on c581.nibi.sharcnet: 1 pinned threads; allocated CPUs 149
rank 3623 on c593.nibi.sharcnet: 1 pinned threads; allocated CPUs 167
rank 2267 on c580.nibi.sharcnet: 1 pinned threads; allocated CPUs 155
rank 490 on c137.nibi.sharcnet: 1 pinned threads; allocated CPUs 106
rank 5771 on c622.nibi.sharcnet: 1 pinned threads; allocated CPUs 11
rank 4915 on c612.nibi.sharcnet: 1 pinned threads; allocated CPUs 115
rank 5314 on c617.nibi.sharcnet: 1 pinned threads; allocated CPUs 130
rank 5392 on c618.nibi.sharcnet: 1 pinned threads; allocated CPUs 16
rank 4445 on c608.nibi.sharcnet: 1 pinned threads; allocated CPUs 29
rank 5106 on c614.nibi.sharcnet: 1 pinned threads; allocated CPUs 114
rank 1850 on c572.nibi.sharcnet: 1 pinned threads; allocated CPUs 122
rank 1384 on c559.nibi.sharcnet: 1 pinned threads; allocated CPUs 40
rank 99 on c120.nibi.sharcnet: 1 pinned threads; allocated CPUs 99
rank 1119 on c409.nibi.sharcnet: 1 pinned threads; allocated CPUs 159
rank 2932 on c585.nibi.sharcnet: 1 pinned threads; allocated CPUs 52
rank 875 on c145.nibi.sharcnet: 1 pinned threads; allocated CPUs 107
rank 1652 on c567.nibi.sharcnet: 1 pinned threads; allocated CPUs 116
rank 3199 on c589.nibi.sharcnet: 1 pinned threads; allocated CPUs 127
rank 2052 on c573.nibi.sharcnet: 1 pinned threads; allocated CPUs 132
rank 3979 on c598.nibi.sharcnet: 1 pinned threads; allocated CPUs 139
rank 4184 on c599.nibi.sharcnet: 1 pinned threads; allocated CPUs 152
rank 212 on c128.nibi.sharcnet: 1 pinned threads; allocated CPUs 20
rank 3381 on c591.nibi.sharcnet: 1 pinned threads; allocated CPUs 117
rank 5602 on c619.nibi.sharcnet: 1 pinned threads; allocated CPUs 34
rank 2454 on c581.nibi.sharcnet: 1 pinned threads; allocated CPUs 150
rank 3624 on c593.nibi.sharcnet: 1 pinned threads; allocated CPUs 168
rank 2268 on c580.nibi.sharcnet: 1 pinned threads; allocated CPUs 156
rank 496 on c137.nibi.sharcnet: 1 pinned threads; allocated CPUs 112
rank 3653 on c596.nibi.sharcnet: 1 pinned threads; allocated CPUs 5
rank 5776 on c622.nibi.sharcnet: 1 pinned threads; allocated CPUs 16
rank 4917 on c612.nibi.sharcnet: 1 pinned threads; allocated CPUs 117
rank 5315 on c617.nibi.sharcnet: 1 pinned threads; allocated CPUs 131
rank 5393 on c618.nibi.sharcnet: 1 pinned threads; allocated CPUs 17
rank 5108 on c614.nibi.sharcnet: 1 pinned threads; allocated CPUs 116
rank 1852 on c572.nibi.sharcnet: 1 pinned threads; allocated CPUs 124
rank 100 on c120.nibi.sharcnet: 1 pinned threads; allocated CPUs 100
rank 1120 on c409.nibi.sharcnet: 1 pinned threads; allocated CPUs 160
rank 891 on c145.nibi.sharcnet: 1 pinned threads; allocated CPUs 123
rank 1713 on c567.nibi.sharcnet: 1 pinned threads; allocated CPUs 177
rank 3200 on c589.nibi.sharcnet: 1 pinned threads; allocated CPUs 128
rank 2053 on c573.nibi.sharcnet: 1 pinned threads; allocated CPUs 133
rank 3980 on c598.nibi.sharcnet: 1 pinned threads; allocated CPUs 140
rank 4185 on c599.nibi.sharcnet: 1 pinned threads; allocated CPUs 153
rank 214 on c128.nibi.sharcnet: 1 pinned threads; allocated CPUs 22
rank 3382 on c591.nibi.sharcnet: 1 pinned threads; allocated CPUs 118
rank 5603 on c619.nibi.sharcnet: 1 pinned threads; allocated CPUs 35
rank 2455 on c581.nibi.sharcnet: 1 pinned threads; allocated CPUs 151
rank 3625 on c593.nibi.sharcnet: 1 pinned threads; allocated CPUs 169
rank 2269 on c580.nibi.sharcnet: 1 pinned threads; allocated CPUs 157
rank 507 on c137.nibi.sharcnet: 1 pinned threads; allocated CPUs 123
rank 3654 on c596.nibi.sharcnet: 1 pinned threads; allocated CPUs 6
rank 5777 on c622.nibi.sharcnet: 1 pinned threads; allocated CPUs 17
rank 4919 on c612.nibi.sharcnet: 1 pinned threads; allocated CPUs 119
rank 5316 on c617.nibi.sharcnet: 1 pinned threads; allocated CPUs 132
rank 5395 on c618.nibi.sharcnet: 1 pinned threads; allocated CPUs 19
rank 4448 on c608.nibi.sharcnet: 1 pinned threads; allocated CPUs 32
rank 5111 on c614.nibi.sharcnet: 1 pinned threads; allocated CPUs 119
rank 1889 on c572.nibi.sharcnet: 1 pinned threads; allocated CPUs 161
rank 1387 on c559.nibi.sharcnet: 1 pinned threads; allocated CPUs 43
rank 101 on c120.nibi.sharcnet: 1 pinned threads; allocated CPUs 101
rank 1121 on c409.nibi.sharcnet: 1 pinned threads; allocated CPUs 161
rank 2933 on c585.nibi.sharcnet: 1 pinned threads; allocated CPUs 53
rank 915 on c145.nibi.sharcnet: 1 pinned threads; allocated CPUs 147
rank 1674 on c567.nibi.sharcnet: 1 pinned threads; allocated CPUs 138
rank 2054 on c573.nibi.sharcnet: 1 pinned threads; allocated CPUs 134
rank 3981 on c598.nibi.sharcnet: 1 pinned threads; allocated CPUs 141
rank 4187 on c599.nibi.sharcnet: 1 pinned threads; allocated CPUs 155
rank 217 on c128.nibi.sharcnet: 1 pinned threads; allocated CPUs 25
rank 3383 on c591.nibi.sharcnet: 1 pinned threads; allocated CPUs 119
rank 5608 on c619.nibi.sharcnet: 1 pinned threads; allocated CPUs 40
rank 2456 on c581.nibi.sharcnet: 1 pinned threads; allocated CPUs 152
rank 3626 on c593.nibi.sharcnet: 1 pinned threads; allocated CPUs 170
rank 516 on c137.nibi.sharcnet: 1 pinned threads; allocated CPUs 132
rank 3655 on c596.nibi.sharcnet: 1 pinned threads; allocated CPUs 7
rank 5778 on c622.nibi.sharcnet: 1 pinned threads; allocated CPUs 18
rank 4920 on c612.nibi.sharcnet: 1 pinned threads; allocated CPUs 120
rank 5397 on c618.nibi.sharcnet: 1 pinned threads; allocated CPUs 21
rank 4449 on c608.nibi.sharcnet: 1 pinned threads; allocated CPUs 33
rank 5112 on c614.nibi.sharcnet: 1 pinned threads; allocated CPUs 120
rank 1902 on c572.nibi.sharcnet: 1 pinned threads; allocated CPUs 174
rank 102 on c120.nibi.sharcnet: 1 pinned threads; allocated CPUs 102
rank 1122 on c409.nibi.sharcnet: 1 pinned threads; allocated CPUs 162
rank 2934 on c585.nibi.sharcnet: 1 pinned threads; allocated CPUs 54
rank 955 on c145.nibi.sharcnet: 1 pinned threads; allocated CPUs 187
rank 1716 on c567.nibi.sharcnet: 1 pinned threads; allocated CPUs 180
rank 2055 on c573.nibi.sharcnet: 1 pinned threads; allocated CPUs 135
rank 3982 on c598.nibi.sharcnet: 1 pinned threads; allocated CPUs 142
rank 4188 on c599.nibi.sharcnet: 1 pinned threads; allocated CPUs 156
rank 219 on c128.nibi.sharcnet: 1 pinned threads; allocated CPUs 27
rank 3384 on c591.nibi.sharcnet: 1 pinned threads; allocated CPUs 120
rank 5609 on c619.nibi.sharcnet: 1 pinned threads; allocated CPUs 41
rank 2457 on c581.nibi.sharcnet: 1 pinned threads; allocated CPUs 153
rank 3627 on c593.nibi.sharcnet: 1 pinned threads; allocated CPUs 171
rank 2270 on c580.nibi.sharcnet: 1 pinned threads; allocated CPUs 158
rank 574 on c137.nibi.sharcnet: 1 pinned threads; allocated CPUs 190
rank 3657 on c596.nibi.sharcnet: 1 pinned threads; allocated CPUs 9
rank 4968 on c612.nibi.sharcnet: 1 pinned threads; allocated CPUs 168
rank 5398 on c618.nibi.sharcnet: 1 pinned threads; allocated CPUs 22
rank 5114 on c614.nibi.sharcnet: 1 pinned threads; allocated CPUs 122
rank 1903 on c572.nibi.sharcnet: 1 pinned threads; allocated CPUs 175
rank 1394 on c559.nibi.sharcnet: 1 pinned threads; allocated CPUs 50
rank 1123 on c409.nibi.sharcnet: 1 pinned threads; allocated CPUs 163
rank 2937 on c585.nibi.sharcnet: 1 pinned threads; allocated CPUs 57
rank 869 on c145.nibi.sharcnet: 1 pinned threads; allocated CPUs 101
rank 1651 on c567.nibi.sharcnet: 1 pinned threads; allocated CPUs 115
rank 3201 on c589.nibi.sharcnet: 1 pinned threads; allocated CPUs 129
rank 2056 on c573.nibi.sharcnet: 1 pinned threads; allocated CPUs 136
rank 3983 on c598.nibi.sharcnet: 1 pinned threads; allocated CPUs 143
rank 4189 on c599.nibi.sharcnet: 1 pinned threads; allocated CPUs 157
rank 220 on c128.nibi.sharcnet: 1 pinned threads; allocated CPUs 28
rank 3385 on c591.nibi.sharcnet: 1 pinned threads; allocated CPUs 121
rank 5613 on c619.nibi.sharcnet: 1 pinned threads; allocated CPUs 45
rank 2458 on c581.nibi.sharcnet: 1 pinned threads; allocated CPUs 154
rank 3628 on c593.nibi.sharcnet: 1 pinned threads; allocated CPUs 172
rank 2271 on c580.nibi.sharcnet: 1 pinned threads; allocated CPUs 159
rank 506 on c137.nibi.sharcnet: 1 pinned threads; allocated CPUs 122
rank 3658 on c596.nibi.sharcnet: 1 pinned threads; allocated CPUs 10
rank 5780 on c622.nibi.sharcnet: 1 pinned threads; allocated CPUs 20
rank 4924 on c612.nibi.sharcnet: 1 pinned threads; allocated CPUs 124
rank 5317 on c617.nibi.sharcnet: 1 pinned threads; allocated CPUs 133
rank 5399 on c618.nibi.sharcnet: 1 pinned threads; allocated CPUs 23
rank 5116 on c614.nibi.sharcnet: 1 pinned threads; allocated CPUs 124
rank 1825 on c572.nibi.sharcnet: 1 pinned threads; allocated CPUs 97
rank 103 on c120.nibi.sharcnet: 1 pinned threads; allocated CPUs 103
rank 1124 on c409.nibi.sharcnet: 1 pinned threads; allocated CPUs 164
rank 2938 on c585.nibi.sharcnet: 1 pinned threads; allocated CPUs 58
rank 877 on c145.nibi.sharcnet: 1 pinned threads; allocated CPUs 109
rank 1695 on c567.nibi.sharcnet: 1 pinned threads; allocated CPUs 159
rank 3202 on c589.nibi.sharcnet: 1 pinned threads; allocated CPUs 130
rank 2057 on c573.nibi.sharcnet: 1 pinned threads; allocated CPUs 137
rank 4190 on c599.nibi.sharcnet: 1 pinned threads; allocated CPUs 158
rank 221 on c128.nibi.sharcnet: 1 pinned threads; allocated CPUs 29
rank 3386 on c591.nibi.sharcnet: 1 pinned threads; allocated CPUs 122
rank 5616 on c619.nibi.sharcnet: 1 pinned threads; allocated CPUs 48
rank 3629 on c593.nibi.sharcnet: 1 pinned threads; allocated CPUs 173
rank 2272 on c580.nibi.sharcnet: 1 pinned threads; allocated CPUs 160
rank 509 on c137.nibi.sharcnet: 1 pinned threads; allocated CPUs 125
rank 5785 on c622.nibi.sharcnet: 1 pinned threads; allocated CPUs 25
rank 4905 on c612.nibi.sharcnet: 1 pinned threads; allocated CPUs 105
rank 5318 on c617.nibi.sharcnet: 1 pinned threads; allocated CPUs 134
rank 5400 on c618.nibi.sharcnet: 1 pinned threads; allocated CPUs 24
rank 4450 on c608.nibi.sharcnet: 1 pinned threads; allocated CPUs 34
rank 5117 on c614.nibi.sharcnet: 1 pinned threads; allocated CPUs 125
rank 1831 on c572.nibi.sharcnet: 1 pinned threads; allocated CPUs 103
rank 1395 on c559.nibi.sharcnet: 1 pinned threads; allocated CPUs 51
rank 1125 on c409.nibi.sharcnet: 1 pinned threads; allocated CPUs 165
rank 2939 on c585.nibi.sharcnet: 1 pinned threads; allocated CPUs 59
rank 881 on c145.nibi.sharcnet: 1 pinned threads; allocated CPUs 113
rank 1719 on c567.nibi.sharcnet: 1 pinned threads; allocated CPUs 183
rank 3203 on c589.nibi.sharcnet: 1 pinned threads; allocated CPUs 131
rank 3984 on c598.nibi.sharcnet: 1 pinned threads; allocated CPUs 144
rank 4191 on c599.nibi.sharcnet: 1 pinned threads; allocated CPUs 159
rank 227 on c128.nibi.sharcnet: 1 pinned threads; allocated CPUs 35
rank 3387 on c591.nibi.sharcnet: 1 pinned threads; allocated CPUs 123
rank 5623 on c619.nibi.sharcnet: 1 pinned threads; allocated CPUs 55
rank 3630 on c593.nibi.sharcnet: 1 pinned threads; allocated CPUs 174
rank 2273 on c580.nibi.sharcnet: 1 pinned threads; allocated CPUs 161
rank 493 on c137.nibi.sharcnet: 1 pinned threads; allocated CPUs 109
rank 3660 on c596.nibi.sharcnet: 1 pinned threads; allocated CPUs 12
rank 5787 on c622.nibi.sharcnet: 1 pinned threads; allocated CPUs 27
rank 4918 on c612.nibi.sharcnet: 1 pinned threads; allocated CPUs 118
rank 5319 on c617.nibi.sharcnet: 1 pinned threads; allocated CPUs 135
rank 4452 on c608.nibi.sharcnet: 1 pinned threads; allocated CPUs 36
rank 5118 on c614.nibi.sharcnet: 1 pinned threads; allocated CPUs 126
rank 1832 on c572.nibi.sharcnet: 1 pinned threads; allocated CPUs 104
rank 1396 on c559.nibi.sharcnet: 1 pinned threads; allocated CPUs 52
rank 104 on c120.nibi.sharcnet: 1 pinned threads; allocated CPUs 104
rank 1126 on c409.nibi.sharcnet: 1 pinned threads; allocated CPUs 166
rank 2941 on c585.nibi.sharcnet: 1 pinned threads; allocated CPUs 61
rank 938 on c145.nibi.sharcnet: 1 pinned threads; allocated CPUs 170
rank 1643 on c567.nibi.sharcnet: 1 pinned threads; allocated CPUs 107
rank 3204 on c589.nibi.sharcnet: 1 pinned threads; allocated CPUs 132
rank 2058 on c573.nibi.sharcnet: 1 pinned threads; allocated CPUs 138
rank 3985 on c598.nibi.sharcnet: 1 pinned threads; allocated CPUs 145
rank 4192 on c599.nibi.sharcnet: 1 pinned threads; allocated CPUs 160
rank 228 on c128.nibi.sharcnet: 1 pinned threads; allocated CPUs 36
rank 5625 on c619.nibi.sharcnet: 1 pinned threads; allocated CPUs 57
rank 2459 on c581.nibi.sharcnet: 1 pinned threads; allocated CPUs 155
rank 3631 on c593.nibi.sharcnet: 1 pinned threads; allocated CPUs 175
rank 2274 on c580.nibi.sharcnet: 1 pinned threads; allocated CPUs 162
rank 511 on c137.nibi.sharcnet: 1 pinned threads; allocated CPUs 127
rank 3661 on c596.nibi.sharcnet: 1 pinned threads; allocated CPUs 13
rank 5789 on c622.nibi.sharcnet: 1 pinned threads; allocated CPUs 29
rank 4925 on c612.nibi.sharcnet: 1 pinned threads; allocated CPUs 125
rank 5320 on c617.nibi.sharcnet: 1 pinned threads; allocated CPUs 136
rank 5119 on c614.nibi.sharcnet: 1 pinned threads; allocated CPUs 127
rank 1842 on c572.nibi.sharcnet: 1 pinned threads; allocated CPUs 114
rank 105 on c120.nibi.sharcnet: 1 pinned threads; allocated CPUs 105
rank 1127 on c409.nibi.sharcnet: 1 pinned threads; allocated CPUs 167
rank 2942 on c585.nibi.sharcnet: 1 pinned threads; allocated CPUs 62
rank 952 on c145.nibi.sharcnet: 1 pinned threads; allocated CPUs 184
rank 1692 on c567.nibi.sharcnet: 1 pinned threads; allocated CPUs 156
rank 3205 on c589.nibi.sharcnet: 1 pinned threads; allocated CPUs 133
rank 2059 on c573.nibi.sharcnet: 1 pinned threads; allocated CPUs 139
rank 3986 on c598.nibi.sharcnet: 1 pinned threads; allocated CPUs 146
rank 4193 on c599.nibi.sharcnet: 1 pinned threads; allocated CPUs 161
rank 230 on c128.nibi.sharcnet: 1 pinned threads; allocated CPUs 38
rank 5669 on c619.nibi.sharcnet: 1 pinned threads; allocated CPUs 101
rank 2460 on c581.nibi.sharcnet: 1 pinned threads; allocated CPUs 156
rank 3632 on c593.nibi.sharcnet: 1 pinned threads; allocated CPUs 176
rank 2275 on c580.nibi.sharcnet: 1 pinned threads; allocated CPUs 163
rank 487 on c137.nibi.sharcnet: 1 pinned threads; allocated CPUs 103
rank 3662 on c596.nibi.sharcnet: 1 pinned threads; allocated CPUs 14
rank 4907 on c612.nibi.sharcnet: 1 pinned threads; allocated CPUs 107
rank 5321 on c617.nibi.sharcnet: 1 pinned threads; allocated CPUs 137
rank 5401 on c618.nibi.sharcnet: 1 pinned threads; allocated CPUs 25
rank 4453 on c608.nibi.sharcnet: 1 pinned threads; allocated CPUs 37
rank 5157 on c614.nibi.sharcnet: 1 pinned threads; allocated CPUs 165
rank 1854 on c572.nibi.sharcnet: 1 pinned threads; allocated CPUs 126
rank 1397 on c559.nibi.sharcnet: 1 pinned threads; allocated CPUs 53
rank 106 on c120.nibi.sharcnet: 1 pinned threads; allocated CPUs 106
rank 1128 on c409.nibi.sharcnet: 1 pinned threads; allocated CPUs 168
rank 2943 on c585.nibi.sharcnet: 1 pinned threads; allocated CPUs 63
rank 1709 on c567.nibi.sharcnet: 1 pinned threads; allocated CPUs 173
rank 3206 on c589.nibi.sharcnet: 1 pinned threads; allocated CPUs 134
rank 2060 on c573.nibi.sharcnet: 1 pinned threads; allocated CPUs 140
rank 3987 on c598.nibi.sharcnet: 1 pinned threads; allocated CPUs 147
rank 4194 on c599.nibi.sharcnet: 1 pinned threads; allocated CPUs 162
rank 231 on c128.nibi.sharcnet: 1 pinned threads; allocated CPUs 39
rank 3388 on c591.nibi.sharcnet: 1 pinned threads; allocated CPUs 124
rank 5670 on c619.nibi.sharcnet: 1 pinned threads; allocated CPUs 102
rank 2461 on c581.nibi.sharcnet: 1 pinned threads; allocated CPUs 157
rank 3633 on c593.nibi.sharcnet: 1 pinned threads; allocated CPUs 177
rank 2276 on c580.nibi.sharcnet: 1 pinned threads; allocated CPUs 164
rank 488 on c137.nibi.sharcnet: 1 pinned threads; allocated CPUs 104
rank 3666 on c596.nibi.sharcnet: 1 pinned threads; allocated CPUs 18
rank 5790 on c622.nibi.sharcnet: 1 pinned threads; allocated CPUs 30
rank 4912 on c612.nibi.sharcnet: 1 pinned threads; allocated CPUs 112
rank 5322 on c617.nibi.sharcnet: 1 pinned threads; allocated CPUs 138
rank 5402 on c618.nibi.sharcnet: 1 pinned threads; allocated CPUs 26
rank 4456 on c608.nibi.sharcnet: 1 pinned threads; allocated CPUs 40
rank 5177 on c614.nibi.sharcnet: 1 pinned threads; allocated CPUs 185
rank 1846 on c572.nibi.sharcnet: 1 pinned threads; allocated CPUs 118
rank 1398 on c559.nibi.sharcnet: 1 pinned threads; allocated CPUs 54
rank 107 on c120.nibi.sharcnet: 1 pinned threads; allocated CPUs 107
rank 1129 on c409.nibi.sharcnet: 1 pinned threads; allocated CPUs 169
rank 2976 on c585.nibi.sharcnet: 1 pinned threads; allocated CPUs 96
rank 959 on c145.nibi.sharcnet: 1 pinned threads; allocated CPUs 191
rank 1599 on c567.nibi.sharcnet: 1 pinned threads; allocated CPUs 63
rank 3207 on c589.nibi.sharcnet: 1 pinned threads; allocated CPUs 135
rank 2061 on c573.nibi.sharcnet: 1 pinned threads; allocated CPUs 141
rank 3988 on c598.nibi.sharcnet: 1 pinned threads; allocated CPUs 148
rank 4195 on c599.nibi.sharcnet: 1 pinned threads; allocated CPUs 163
rank 232 on c128.nibi.sharcnet: 1 pinned threads; allocated CPUs 40
rank 3389 on c591.nibi.sharcnet: 1 pinned threads; allocated CPUs 125
rank 5680 on c619.nibi.sharcnet: 1 pinned threads; allocated CPUs 112
rank 2462 on c581.nibi.sharcnet: 1 pinned threads; allocated CPUs 158
rank 3634 on c593.nibi.sharcnet: 1 pinned threads; allocated CPUs 178
rank 2277 on c580.nibi.sharcnet: 1 pinned threads; allocated CPUs 165
rank 504 on c137.nibi.sharcnet: 1 pinned threads; allocated CPUs 120
rank 3667 on c596.nibi.sharcnet: 1 pinned threads; allocated CPUs 19
rank 5793 on c622.nibi.sharcnet: 1 pinned threads; allocated CPUs 33
rank 4914 on c612.nibi.sharcnet: 1 pinned threads; allocated CPUs 114
rank 5323 on c617.nibi.sharcnet: 1 pinned threads; allocated CPUs 139
rank 5403 on c618.nibi.sharcnet: 1 pinned threads; allocated CPUs 27
rank 4458 on c608.nibi.sharcnet: 1 pinned threads; allocated CPUs 42
rank 5088 on c614.nibi.sharcnet: 1 pinned threads; allocated CPUs 96
rank 1855 on c572.nibi.sharcnet: 1 pinned threads; allocated CPUs 127
rank 1399 on c559.nibi.sharcnet: 1 pinned threads; allocated CPUs 55
rank 108 on c120.nibi.sharcnet: 1 pinned threads; allocated CPUs 108
rank 1130 on c409.nibi.sharcnet: 1 pinned threads; allocated CPUs 170
rank 2977 on c585.nibi.sharcnet: 1 pinned threads; allocated CPUs 97
rank 865 on c145.nibi.sharcnet: 1 pinned threads; allocated CPUs 97
rank 1597 on c567.nibi.sharcnet: 1 pinned threads; allocated CPUs 61
rank 3208 on c589.nibi.sharcnet: 1 pinned threads; allocated CPUs 136
rank 2062 on c573.nibi.sharcnet: 1 pinned threads; allocated CPUs 142
rank 3989 on c598.nibi.sharcnet: 1 pinned threads; allocated CPUs 149
rank 4196 on c599.nibi.sharcnet: 1 pinned threads; allocated CPUs 164
rank 233 on c128.nibi.sharcnet: 1 pinned threads; allocated CPUs 41
rank 3390 on c591.nibi.sharcnet: 1 pinned threads; allocated CPUs 126
rank 5681 on c619.nibi.sharcnet: 1 pinned threads; allocated CPUs 113
rank 2463 on c581.nibi.sharcnet: 1 pinned threads; allocated CPUs 159
rank 3636 on c593.nibi.sharcnet: 1 pinned threads; allocated CPUs 180
rank 2278 on c580.nibi.sharcnet: 1 pinned threads; allocated CPUs 166
rank 481 on c137.nibi.sharcnet: 1 pinned threads; allocated CPUs 97
rank 3668 on c596.nibi.sharcnet: 1 pinned threads; allocated CPUs 20
rank 5794 on c622.nibi.sharcnet: 1 pinned threads; allocated CPUs 34
rank 4901 on c612.nibi.sharcnet: 1 pinned threads; allocated CPUs 101
rank 5324 on c617.nibi.sharcnet: 1 pinned threads; allocated CPUs 140
rank 5405 on c618.nibi.sharcnet: 1 pinned threads; allocated CPUs 29
rank 4460 on c608.nibi.sharcnet: 1 pinned threads; allocated CPUs 44
rank 5098 on c614.nibi.sharcnet: 1 pinned threads; allocated CPUs 106
rank 1860 on c572.nibi.sharcnet: 1 pinned threads; allocated CPUs 132
rank 1401 on c559.nibi.sharcnet: 1 pinned threads; allocated CPUs 57
rank 109 on c120.nibi.sharcnet: 1 pinned threads; allocated CPUs 109
rank 1131 on c409.nibi.sharcnet: 1 pinned threads; allocated CPUs 171
rank 2978 on c585.nibi.sharcnet: 1 pinned threads; allocated CPUs 98
rank 889 on c145.nibi.sharcnet: 1 pinned threads; allocated CPUs 121
rank 1576 on c567.nibi.sharcnet: 1 pinned threads; allocated CPUs 40
rank 3209 on c589.nibi.sharcnet: 1 pinned threads; allocated CPUs 137
rank 2063 on c573.nibi.sharcnet: 1 pinned threads; allocated CPUs 143
rank 3990 on c598.nibi.sharcnet: 1 pinned threads; allocated CPUs 150
rank 4197 on c599.nibi.sharcnet: 1 pinned threads; allocated CPUs 165
rank 234 on c128.nibi.sharcnet: 1 pinned threads; allocated CPUs 42
rank 3391 on c591.nibi.sharcnet: 1 pinned threads; allocated CPUs 127
rank 5702 on c619.nibi.sharcnet: 1 pinned threads; allocated CPUs 134
rank 2464 on c581.nibi.sharcnet: 1 pinned threads; allocated CPUs 160
rank 3637 on c593.nibi.sharcnet: 1 pinned threads; allocated CPUs 181
rank 2279 on c580.nibi.sharcnet: 1 pinned threads; allocated CPUs 167
rank 483 on c137.nibi.sharcnet: 1 pinned threads; allocated CPUs 99
rank 3669 on c596.nibi.sharcnet: 1 pinned threads; allocated CPUs 21
rank 5795 on c622.nibi.sharcnet: 1 pinned threads; allocated CPUs 35
rank 4908 on c612.nibi.sharcnet: 1 pinned threads; allocated CPUs 108
rank 5325 on c617.nibi.sharcnet: 1 pinned threads; allocated CPUs 141
rank 5406 on c618.nibi.sharcnet: 1 pinned threads; allocated CPUs 30
rank 4461 on c608.nibi.sharcnet: 1 pinned threads; allocated CPUs 45
rank 5090 on c614.nibi.sharcnet: 1 pinned threads; allocated CPUs 98
rank 1838 on c572.nibi.sharcnet: 1 pinned threads; allocated CPUs 110
rank 1402 on c559.nibi.sharcnet: 1 pinned threads; allocated CPUs 58
rank 110 on c120.nibi.sharcnet: 1 pinned threads; allocated CPUs 110
rank 1132 on c409.nibi.sharcnet: 1 pinned threads; allocated CPUs 172
rank 2979 on c585.nibi.sharcnet: 1 pinned threads; allocated CPUs 99
rank 934 on c145.nibi.sharcnet: 1 pinned threads; allocated CPUs 166
rank 1573 on c567.nibi.sharcnet: 1 pinned threads; allocated CPUs 37
rank 3210 on c589.nibi.sharcnet: 1 pinned threads; allocated CPUs 138
rank 2064 on c573.nibi.sharcnet: 1 pinned threads; allocated CPUs 144
rank 3991 on c598.nibi.sharcnet: 1 pinned threads; allocated CPUs 151
rank 4198 on c599.nibi.sharcnet: 1 pinned threads; allocated CPUs 166
rank 237 on c128.nibi.sharcnet: 1 pinned threads; allocated CPUs 45
rank 3392 on c591.nibi.sharcnet: 1 pinned threads; allocated CPUs 128
rank 5710 on c619.nibi.sharcnet: 1 pinned threads; allocated CPUs 142
rank 2465 on c581.nibi.sharcnet: 1 pinned threads; allocated CPUs 161
rank 3638 on c593.nibi.sharcnet: 1 pinned threads; allocated CPUs 182
rank 2281 on c580.nibi.sharcnet: 1 pinned threads; allocated CPUs 169
rank 491 on c137.nibi.sharcnet: 1 pinned threads; allocated CPUs 107
rank 3670 on c596.nibi.sharcnet: 1 pinned threads; allocated CPUs 22
rank 5796 on c622.nibi.sharcnet: 1 pinned threads; allocated CPUs 36
rank 4900 on c612.nibi.sharcnet: 1 pinned threads; allocated CPUs 100
rank 5326 on c617.nibi.sharcnet: 1 pinned threads; allocated CPUs 142
rank 5407 on c618.nibi.sharcnet: 1 pinned threads; allocated CPUs 31
rank 4464 on c608.nibi.sharcnet: 1 pinned threads; allocated CPUs 48
rank 5103 on c614.nibi.sharcnet: 1 pinned threads; allocated CPUs 111
rank 1815 on c572.nibi.sharcnet: 1 pinned threads; allocated CPUs 87
rank 1421 on c559.nibi.sharcnet: 1 pinned threads; allocated CPUs 77
rank 111 on c120.nibi.sharcnet: 1 pinned threads; allocated CPUs 111
rank 1133 on c409.nibi.sharcnet: 1 pinned threads; allocated CPUs 173
rank 2980 on c585.nibi.sharcnet: 1 pinned threads; allocated CPUs 100
rank 935 on c145.nibi.sharcnet: 1 pinned threads; allocated CPUs 167
rank 1590 on c567.nibi.sharcnet: 1 pinned threads; allocated CPUs 54
rank 3211 on c589.nibi.sharcnet: 1 pinned threads; allocated CPUs 139
rank 2065 on c573.nibi.sharcnet: 1 pinned threads; allocated CPUs 145
rank 3992 on c598.nibi.sharcnet: 1 pinned threads; allocated CPUs 152
rank 4199 on c599.nibi.sharcnet: 1 pinned threads; allocated CPUs 167
rank 238 on c128.nibi.sharcnet: 1 pinned threads; allocated CPUs 46
rank 3393 on c591.nibi.sharcnet: 1 pinned threads; allocated CPUs 129
rank 5716 on c619.nibi.sharcnet: 1 pinned threads; allocated CPUs 148
rank 2466 on c581.nibi.sharcnet: 1 pinned threads; allocated CPUs 162
rank 3639 on c593.nibi.sharcnet: 1 pinned threads; allocated CPUs 183
rank 2282 on c580.nibi.sharcnet: 1 pinned threads; allocated CPUs 170
rank 499 on c137.nibi.sharcnet: 1 pinned threads; allocated CPUs 115
rank 3671 on c596.nibi.sharcnet: 1 pinned threads; allocated CPUs 23
rank 5797 on c622.nibi.sharcnet: 1 pinned threads; allocated CPUs 37
rank 4985 on c612.nibi.sharcnet: 1 pinned threads; allocated CPUs 185
rank 5327 on c617.nibi.sharcnet: 1 pinned threads; allocated CPUs 143
rank 5410 on c618.nibi.sharcnet: 1 pinned threads; allocated CPUs 34
rank 4467 on c608.nibi.sharcnet: 1 pinned threads; allocated CPUs 51
rank 5132 on c614.nibi.sharcnet: 1 pinned threads; allocated CPUs 140
rank 1788 on c572.nibi.sharcnet: 1 pinned threads; allocated CPUs 60
rank 1433 on c559.nibi.sharcnet: 1 pinned threads; allocated CPUs 89
rank 112 on c120.nibi.sharcnet: 1 pinned threads; allocated CPUs 112
rank 1134 on c409.nibi.sharcnet: 1 pinned threads; allocated CPUs 174
rank 2981 on c585.nibi.sharcnet: 1 pinned threads; allocated CPUs 101
rank 937 on c145.nibi.sharcnet: 1 pinned threads; allocated CPUs 169
rank 1577 on c567.nibi.sharcnet: 1 pinned threads; allocated CPUs 41
rank 3212 on c589.nibi.sharcnet: 1 pinned threads; allocated CPUs 140
rank 2066 on c573.nibi.sharcnet: 1 pinned threads; allocated CPUs 146
rank 3993 on c598.nibi.sharcnet: 1 pinned threads; allocated CPUs 153
rank 4200 on c599.nibi.sharcnet: 1 pinned threads; allocated CPUs 168
rank 239 on c128.nibi.sharcnet: 1 pinned threads; allocated CPUs 47
rank 3394 on c591.nibi.sharcnet: 1 pinned threads; allocated CPUs 130
rank 5717 on c619.nibi.sharcnet: 1 pinned threads; allocated CPUs 149
rank 2467 on c581.nibi.sharcnet: 1 pinned threads; allocated CPUs 163
rank 3640 on c593.nibi.sharcnet: 1 pinned threads; allocated CPUs 184
rank 2283 on c580.nibi.sharcnet: 1 pinned threads; allocated CPUs 171
rank 500 on c137.nibi.sharcnet: 1 pinned threads; allocated CPUs 116
rank 3674 on c596.nibi.sharcnet: 1 pinned threads; allocated CPUs 26
rank 5798 on c622.nibi.sharcnet: 1 pinned threads; allocated CPUs 38
rank 4927 on c612.nibi.sharcnet: 1 pinned threads; allocated CPUs 127
rank 5328 on c617.nibi.sharcnet: 1 pinned threads; allocated CPUs 144
rank 5413 on c618.nibi.sharcnet: 1 pinned threads; allocated CPUs 37
rank 4469 on c608.nibi.sharcnet: 1 pinned threads; allocated CPUs 53
rank 5105 on c614.nibi.sharcnet: 1 pinned threads; allocated CPUs 113
rank 1773 on c572.nibi.sharcnet: 1 pinned threads; allocated CPUs 45
rank 1461 on c559.nibi.sharcnet: 1 pinned threads; allocated CPUs 117
rank 113 on c120.nibi.sharcnet: 1 pinned threads; allocated CPUs 113
rank 1135 on c409.nibi.sharcnet: 1 pinned threads; allocated CPUs 175
rank 2982 on c585.nibi.sharcnet: 1 pinned threads; allocated CPUs 102
rank 951 on c145.nibi.sharcnet: 1 pinned threads; allocated CPUs 183
rank 1581 on c567.nibi.sharcnet: 1 pinned threads; allocated CPUs 45
rank 3213 on c589.nibi.sharcnet: 1 pinned threads; allocated CPUs 141
rank 2067 on c573.nibi.sharcnet: 1 pinned threads; allocated CPUs 147
rank 3994 on c598.nibi.sharcnet: 1 pinned threads; allocated CPUs 154
rank 4201 on c599.nibi.sharcnet: 1 pinned threads; allocated CPUs 169
rank 240 on c128.nibi.sharcnet: 1 pinned threads; allocated CPUs 48
rank 3395 on c591.nibi.sharcnet: 1 pinned threads; allocated CPUs 131
rank 5719 on c619.nibi.sharcnet: 1 pinned threads; allocated CPUs 151
rank 2468 on c581.nibi.sharcnet: 1 pinned threads; allocated CPUs 164
rank 3641 on c593.nibi.sharcnet: 1 pinned threads; allocated CPUs 185
rank 2284 on c580.nibi.sharcnet: 1 pinned threads; allocated CPUs 172
rank 486 on c137.nibi.sharcnet: 1 pinned threads; allocated CPUs 102
rank 3676 on c596.nibi.sharcnet: 1 pinned threads; allocated CPUs 28
rank 5799 on c622.nibi.sharcnet: 1 pinned threads; allocated CPUs 39
rank 4923 on c612.nibi.sharcnet: 1 pinned threads; allocated CPUs 123
rank 5329 on c617.nibi.sharcnet: 1 pinned threads; allocated CPUs 145
rank 5416 on c618.nibi.sharcnet: 1 pinned threads; allocated CPUs 40
rank 4470 on c608.nibi.sharcnet: 1 pinned threads; allocated CPUs 54
rank 5151 on c614.nibi.sharcnet: 1 pinned threads; allocated CPUs 159
rank 1774 on c572.nibi.sharcnet: 1 pinned threads; allocated CPUs 46
rank 1472 on c559.nibi.sharcnet: 1 pinned threads; allocated CPUs 128
rank 114 on c120.nibi.sharcnet: 1 pinned threads; allocated CPUs 114
rank 1136 on c409.nibi.sharcnet: 1 pinned threads; allocated CPUs 176
rank 2983 on c585.nibi.sharcnet: 1 pinned threads; allocated CPUs 103
rank 953 on c145.nibi.sharcnet: 1 pinned threads; allocated CPUs 185
rank 1582 on c567.nibi.sharcnet: 1 pinned threads; allocated CPUs 46
rank 3214 on c589.nibi.sharcnet: 1 pinned threads; allocated CPUs 142
rank 2068 on c573.nibi.sharcnet: 1 pinned threads; allocated CPUs 148
rank 3995 on c598.nibi.sharcnet: 1 pinned threads; allocated CPUs 155
rank 4202 on c599.nibi.sharcnet: 1 pinned threads; allocated CPUs 170
rank 241 on c128.nibi.sharcnet: 1 pinned threads; allocated CPUs 49
rank 3396 on c591.nibi.sharcnet: 1 pinned threads; allocated CPUs 132
rank 5720 on c619.nibi.sharcnet: 1 pinned threads; allocated CPUs 152
rank 2469 on c581.nibi.sharcnet: 1 pinned threads; allocated CPUs 165
rank 3643 on c593.nibi.sharcnet: 1 pinned threads; allocated CPUs 187
rank 2688 on c584.nibi.sharcnet: 1 pinned threads; allocated CPUs 0
rank 2285 on c580.nibi.sharcnet: 1 pinned threads; allocated CPUs 173
rank 489 on c137.nibi.sharcnet: 1 pinned threads; allocated CPUs 105
rank 3677 on c596.nibi.sharcnet: 1 pinned threads; allocated CPUs 29
rank 5800 on c622.nibi.sharcnet: 1 pinned threads; allocated CPUs 40
rank 4896 on c612.nibi.sharcnet: 1 pinned threads; allocated CPUs 96
rank 5330 on c617.nibi.sharcnet: 1 pinned threads; allocated CPUs 146
rank 5417 on c618.nibi.sharcnet: 1 pinned threads; allocated CPUs 41
rank 4471 on c608.nibi.sharcnet: 1 pinned threads; allocated CPUs 55
rank 5107 on c614.nibi.sharcnet: 1 pinned threads; allocated CPUs 115
rank 1782 on c572.nibi.sharcnet: 1 pinned threads; allocated CPUs 54
rank 1477 on c559.nibi.sharcnet: 1 pinned threads; allocated CPUs 133
rank 1152 on c455.nibi.sharcnet: 1 pinned threads; allocated CPUs 0
rank 115 on c120.nibi.sharcnet: 1 pinned threads; allocated CPUs 115
rank 1137 on c409.nibi.sharcnet: 1 pinned threads; allocated CPUs 177
rank 2984 on c585.nibi.sharcnet: 1 pinned threads; allocated CPUs 104
rank 882 on c145.nibi.sharcnet: 1 pinned threads; allocated CPUs 114
rank 1661 on c567.nibi.sharcnet: 1 pinned threads; allocated CPUs 125
rank 3215 on c589.nibi.sharcnet: 1 pinned threads; allocated CPUs 143
rank 2069 on c573.nibi.sharcnet: 1 pinned threads; allocated CPUs 149
rank 3996 on c598.nibi.sharcnet: 1 pinned threads; allocated CPUs 156
rank 4203 on c599.nibi.sharcnet: 1 pinned threads; allocated CPUs 171
rank 242 on c128.nibi.sharcnet: 1 pinned threads; allocated CPUs 50
rank 3397 on c591.nibi.sharcnet: 1 pinned threads; allocated CPUs 133
rank 2470 on c581.nibi.sharcnet: 1 pinned threads; allocated CPUs 166
rank 3644 on c593.nibi.sharcnet: 1 pinned threads; allocated CPUs 188
rank 2286 on c580.nibi.sharcnet: 1 pinned threads; allocated CPUs 174
rank 508 on c137.nibi.sharcnet: 1 pinned threads; allocated CPUs 124
rank 3678 on c596.nibi.sharcnet: 1 pinned threads; allocated CPUs 30
rank 4898 on c612.nibi.sharcnet: 1 pinned threads; allocated CPUs 98
rank 5331 on c617.nibi.sharcnet: 1 pinned threads; allocated CPUs 147
rank 5418 on c618.nibi.sharcnet: 1 pinned threads; allocated CPUs 42
rank 4472 on c608.nibi.sharcnet: 1 pinned threads; allocated CPUs 56
rank 5165 on c614.nibi.sharcnet: 1 pinned threads; allocated CPUs 173
rank 1781 on c572.nibi.sharcnet: 1 pinned threads; allocated CPUs 53
rank 1153 on c455.nibi.sharcnet: 1 pinned threads; allocated CPUs 1
rank 116 on c120.nibi.sharcnet: 1 pinned threads; allocated CPUs 116
rank 1138 on c409.nibi.sharcnet: 1 pinned threads; allocated CPUs 178
rank 2985 on c585.nibi.sharcnet: 1 pinned threads; allocated CPUs 105
rank 886 on c145.nibi.sharcnet: 1 pinned threads; allocated CPUs 118
rank 1594 on c567.nibi.sharcnet: 1 pinned threads; allocated CPUs 58
rank 3216 on c589.nibi.sharcnet: 1 pinned threads; allocated CPUs 144
rank 2070 on c573.nibi.sharcnet: 1 pinned threads; allocated CPUs 150
rank 3997 on c598.nibi.sharcnet: 1 pinned threads; allocated CPUs 157
rank 4204 on c599.nibi.sharcnet: 1 pinned threads; allocated CPUs 172
rank 243 on c128.nibi.sharcnet: 1 pinned threads; allocated CPUs 51
rank 3398 on c591.nibi.sharcnet: 1 pinned threads; allocated CPUs 134
rank 2471 on c581.nibi.sharcnet: 1 pinned threads; allocated CPUs 167
rank 3645 on c593.nibi.sharcnet: 1 pinned threads; allocated CPUs 189
rank 2689 on c584.nibi.sharcnet: 1 pinned threads; allocated CPUs 1
rank 2287 on c580.nibi.sharcnet: 1 pinned threads; allocated CPUs 175
rank 482 on c137.nibi.sharcnet: 1 pinned threads; allocated CPUs 98
rank 3680 on c596.nibi.sharcnet: 1 pinned threads; allocated CPUs 32
rank 5801 on c622.nibi.sharcnet: 1 pinned threads; allocated CPUs 41
rank 4975 on c612.nibi.sharcnet: 1 pinned threads; allocated CPUs 175
rank 5332 on c617.nibi.sharcnet: 1 pinned threads; allocated CPUs 148
rank 5419 on c618.nibi.sharcnet: 1 pinned threads; allocated CPUs 43
rank 4473 on c608.nibi.sharcnet: 1 pinned threads; allocated CPUs 57
rank 5147 on c614.nibi.sharcnet: 1 pinned threads; allocated CPUs 155
rank 1786 on c572.nibi.sharcnet: 1 pinned threads; allocated CPUs 58
rank 1482 on c559.nibi.sharcnet: 1 pinned threads; allocated CPUs 138
rank 1154 on c455.nibi.sharcnet: 1 pinned threads; allocated CPUs 2
rank 117 on c120.nibi.sharcnet: 1 pinned threads; allocated CPUs 117
rank 1139 on c409.nibi.sharcnet: 1 pinned threads; allocated CPUs 179
rank 2986 on c585.nibi.sharcnet: 1 pinned threads; allocated CPUs 106
rank 931 on c145.nibi.sharcnet: 1 pinned threads; allocated CPUs 163
rank 1618 on c567.nibi.sharcnet: 1 pinned threads; allocated CPUs 82
rank 3217 on c589.nibi.sharcnet: 1 pinned threads; allocated CPUs 145
rank 2071 on c573.nibi.sharcnet: 1 pinned threads; allocated CPUs 151
rank 3998 on c598.nibi.sharcnet: 1 pinned threads; allocated CPUs 158
rank 4205 on c599.nibi.sharcnet: 1 pinned threads; allocated CPUs 173
rank 245 on c128.nibi.sharcnet: 1 pinned threads; allocated CPUs 53
rank 3399 on c591.nibi.sharcnet: 1 pinned threads; allocated CPUs 135
rank 5726 on c619.nibi.sharcnet: 1 pinned threads; allocated CPUs 158
rank 2472 on c581.nibi.sharcnet: 1 pinned threads; allocated CPUs 168
rank 3646 on c593.nibi.sharcnet: 1 pinned threads; allocated CPUs 190
rank 2690 on c584.nibi.sharcnet: 1 pinned threads; allocated CPUs 2
rank 2288 on c580.nibi.sharcnet: 1 pinned threads; allocated CPUs 176
rank 484 on c137.nibi.sharcnet: 1 pinned threads; allocated CPUs 100
rank 3682 on c596.nibi.sharcnet: 1 pinned threads; allocated CPUs 34
rank 5802 on c622.nibi.sharcnet: 1 pinned threads; allocated CPUs 42
rank 4983 on c612.nibi.sharcnet: 1 pinned threads; allocated CPUs 183
rank 5333 on c617.nibi.sharcnet: 1 pinned threads; allocated CPUs 149
rank 5420 on c618.nibi.sharcnet: 1 pinned threads; allocated CPUs 44
rank 4474 on c608.nibi.sharcnet: 1 pinned threads; allocated CPUs 58
rank 5049 on c614.nibi.sharcnet: 1 pinned threads; allocated CPUs 57
rank 1787 on c572.nibi.sharcnet: 1 pinned threads; allocated CPUs 59
rank 1486 on c559.nibi.sharcnet: 1 pinned threads; allocated CPUs 142
rank 1155 on c455.nibi.sharcnet: 1 pinned threads; allocated CPUs 3
rank 118 on c120.nibi.sharcnet: 1 pinned threads; allocated CPUs 118
rank 1140 on c409.nibi.sharcnet: 1 pinned threads; allocated CPUs 180
rank 2987 on c585.nibi.sharcnet: 1 pinned threads; allocated CPUs 107
rank 936 on c145.nibi.sharcnet: 1 pinned threads; allocated CPUs 168
rank 1645 on c567.nibi.sharcnet: 1 pinned threads; allocated CPUs 109
rank 3218 on c589.nibi.sharcnet: 1 pinned threads; allocated CPUs 146
rank 2072 on c573.nibi.sharcnet: 1 pinned threads; allocated CPUs 152
rank 3999 on c598.nibi.sharcnet: 1 pinned threads; allocated CPUs 159
rank 4207 on c599.nibi.sharcnet: 1 pinned threads; allocated CPUs 175
rank 247 on c128.nibi.sharcnet: 1 pinned threads; allocated CPUs 55
rank 3400 on c591.nibi.sharcnet: 1 pinned threads; allocated CPUs 136
rank 5734 on c619.nibi.sharcnet: 1 pinned threads; allocated CPUs 166
rank 576 on c144.nibi.sharcnet: 1 pinned threads; allocated CPUs 0
rank 2473 on c581.nibi.sharcnet: 1 pinned threads; allocated CPUs 169
rank 3571 on c593.nibi.sharcnet: 1 pinned threads; allocated CPUs 115
rank 2691 on c584.nibi.sharcnet: 1 pinned threads; allocated CPUs 3
rank 2289 on c580.nibi.sharcnet: 1 pinned threads; allocated CPUs 177
rank 498 on c137.nibi.sharcnet: 1 pinned threads; allocated CPUs 114
rank 3684 on c596.nibi.sharcnet: 1 pinned threads; allocated CPUs 36
rank 5803 on c622.nibi.sharcnet: 1 pinned threads; allocated CPUs 43
rank 4805 on c612.nibi.sharcnet: 1 pinned threads; allocated CPUs 5
rank 5334 on c617.nibi.sharcnet: 1 pinned threads; allocated CPUs 150
rank 5421 on c618.nibi.sharcnet: 1 pinned threads; allocated CPUs 45
rank 4475 on c608.nibi.sharcnet: 1 pinned threads; allocated CPUs 59
rank 5050 on c614.nibi.sharcnet: 1 pinned threads; allocated CPUs 58
rank 1791 on c572.nibi.sharcnet: 1 pinned threads; allocated CPUs 63
rank 1487 on c559.nibi.sharcnet: 1 pinned threads; allocated CPUs 143
rank 1156 on c455.nibi.sharcnet: 1 pinned threads; allocated CPUs 4
rank 119 on c120.nibi.sharcnet: 1 pinned threads; allocated CPUs 119
rank 1141 on c409.nibi.sharcnet: 1 pinned threads; allocated CPUs 181
rank 2988 on c585.nibi.sharcnet: 1 pinned threads; allocated CPUs 108
rank 948 on c145.nibi.sharcnet: 1 pinned threads; allocated CPUs 180
rank 1650 on c567.nibi.sharcnet: 1 pinned threads; allocated CPUs 114
rank 3219 on c589.nibi.sharcnet: 1 pinned threads; allocated CPUs 147
rank 2073 on c573.nibi.sharcnet: 1 pinned threads; allocated CPUs 153
rank 4000 on c598.nibi.sharcnet: 1 pinned threads; allocated CPUs 160
rank 4208 on c599.nibi.sharcnet: 1 pinned threads; allocated CPUs 176
rank 248 on c128.nibi.sharcnet: 1 pinned threads; allocated CPUs 56
rank 3401 on c591.nibi.sharcnet: 1 pinned threads; allocated CPUs 137
rank 5746 on c619.nibi.sharcnet: 1 pinned threads; allocated CPUs 178
rank 577 on c144.nibi.sharcnet: 1 pinned threads; allocated CPUs 1
rank 2474 on c581.nibi.sharcnet: 1 pinned threads; allocated CPUs 170
rank 3622 on c593.nibi.sharcnet: 1 pinned threads; allocated CPUs 166
rank 2692 on c584.nibi.sharcnet: 1 pinned threads; allocated CPUs 4
rank 2292 on c580.nibi.sharcnet: 1 pinned threads; allocated CPUs 180
rank 503 on c137.nibi.sharcnet: 1 pinned threads; allocated CPUs 119
rank 3685 on c596.nibi.sharcnet: 1 pinned threads; allocated CPUs 37
rank 5806 on c622.nibi.sharcnet: 1 pinned threads; allocated CPUs 46
rank 4809 on c612.nibi.sharcnet: 1 pinned threads; allocated CPUs 9
rank 5335 on c617.nibi.sharcnet: 1 pinned threads; allocated CPUs 151
rank 5422 on c618.nibi.sharcnet: 1 pinned threads; allocated CPUs 46
rank 4476 on c608.nibi.sharcnet: 1 pinned threads; allocated CPUs 60
rank 5056 on c614.nibi.sharcnet: 1 pinned threads; allocated CPUs 64
rank 1769 on c572.nibi.sharcnet: 1 pinned threads; allocated CPUs 41
rank 1492 on c559.nibi.sharcnet: 1 pinned threads; allocated CPUs 148
rank 1157 on c455.nibi.sharcnet: 1 pinned threads; allocated CPUs 5
rank 120 on c120.nibi.sharcnet: 1 pinned threads; allocated CPUs 120
rank 1142 on c409.nibi.sharcnet: 1 pinned threads; allocated CPUs 182
rank 2989 on c585.nibi.sharcnet: 1 pinned threads; allocated CPUs 109
rank 949 on c145.nibi.sharcnet: 1 pinned threads; allocated CPUs 181
rank 1569 on c567.nibi.sharcnet: 1 pinned threads; allocated CPUs 33
rank 3220 on c589.nibi.sharcnet: 1 pinned threads; allocated CPUs 148
rank 2074 on c573.nibi.sharcnet: 1 pinned threads; allocated CPUs 154
rank 4002 on c598.nibi.sharcnet: 1 pinned threads; allocated CPUs 162
rank 4209 on c599.nibi.sharcnet: 1 pinned threads; allocated CPUs 177
rank 249 on c128.nibi.sharcnet: 1 pinned threads; allocated CPUs 57
rank 3402 on c591.nibi.sharcnet: 1 pinned threads; allocated CPUs 138
rank 5607 on c619.nibi.sharcnet: 1 pinned threads; allocated CPUs 39
rank 578 on c144.nibi.sharcnet: 1 pinned threads; allocated CPUs 2
rank 2475 on c581.nibi.sharcnet: 1 pinned threads; allocated CPUs 171
rank 2693 on c584.nibi.sharcnet: 1 pinned threads; allocated CPUs 5
rank 2293 on c580.nibi.sharcnet: 1 pinned threads; allocated CPUs 181
rank 505 on c137.nibi.sharcnet: 1 pinned threads; allocated CPUs 121
rank 3686 on c596.nibi.sharcnet: 1 pinned threads; allocated CPUs 38
rank 5807 on c622.nibi.sharcnet: 1 pinned threads; allocated CPUs 47
rank 4848 on c612.nibi.sharcnet: 1 pinned threads; allocated CPUs 48
rank 5336 on c617.nibi.sharcnet: 1 pinned threads; allocated CPUs 152
rank 5423 on c618.nibi.sharcnet: 1 pinned threads; allocated CPUs 47
rank 5032 on c614.nibi.sharcnet: 1 pinned threads; allocated CPUs 40
rank 1776 on c572.nibi.sharcnet: 1 pinned threads; allocated CPUs 48
rank 1496 on c559.nibi.sharcnet: 1 pinned threads; allocated CPUs 152
rank 1158 on c455.nibi.sharcnet: 1 pinned threads; allocated CPUs 6
rank 121 on c120.nibi.sharcnet: 1 pinned threads; allocated CPUs 121
rank 1143 on c409.nibi.sharcnet: 1 pinned threads; allocated CPUs 183
rank 2991 on c585.nibi.sharcnet: 1 pinned threads; allocated CPUs 111
rank 957 on c145.nibi.sharcnet: 1 pinned threads; allocated CPUs 189
rank 1575 on c567.nibi.sharcnet: 1 pinned threads; allocated CPUs 39
rank 3221 on c589.nibi.sharcnet: 1 pinned threads; allocated CPUs 149
rank 2075 on c573.nibi.sharcnet: 1 pinned threads; allocated CPUs 155
rank 4003 on c598.nibi.sharcnet: 1 pinned threads; allocated CPUs 163
rank 4212 on c599.nibi.sharcnet: 1 pinned threads; allocated CPUs 180
rank 251 on c128.nibi.sharcnet: 1 pinned threads; allocated CPUs 59
rank 3403 on c591.nibi.sharcnet: 1 pinned threads; allocated CPUs 139
rank 5612 on c619.nibi.sharcnet: 1 pinned threads; allocated CPUs 44
rank 579 on c144.nibi.sharcnet: 1 pinned threads; allocated CPUs 3
rank 2476 on c581.nibi.sharcnet: 1 pinned threads; allocated CPUs 172
rank 2694 on c584.nibi.sharcnet: 1 pinned threads; allocated CPUs 6
rank 2294 on c580.nibi.sharcnet: 1 pinned threads; allocated CPUs 182
rank 501 on c137.nibi.sharcnet: 1 pinned threads; allocated CPUs 117
rank 3687 on c596.nibi.sharcnet: 1 pinned threads; allocated CPUs 39
rank 5808 on c622.nibi.sharcnet: 1 pinned threads; allocated CPUs 48
rank 4842 on c612.nibi.sharcnet: 1 pinned threads; allocated CPUs 42
rank 5337 on c617.nibi.sharcnet: 1 pinned threads; allocated CPUs 153
rank 5424 on c618.nibi.sharcnet: 1 pinned threads; allocated CPUs 48
rank 4224 on c603.nibi.sharcnet: 1 pinned threads; allocated CPUs 0
rank 5037 on c614.nibi.sharcnet: 1 pinned threads; allocated CPUs 45
rank 1783 on c572.nibi.sharcnet: 1 pinned threads; allocated CPUs 55
rank 1497 on c559.nibi.sharcnet: 1 pinned threads; allocated CPUs 153
rank 1159 on c455.nibi.sharcnet: 1 pinned threads; allocated CPUs 7
rank 122 on c120.nibi.sharcnet: 1 pinned threads; allocated CPUs 122
rank 1144 on c409.nibi.sharcnet: 1 pinned threads; allocated CPUs 184
rank 2992 on c585.nibi.sharcnet: 1 pinned threads; allocated CPUs 112
rank 873 on c145.nibi.sharcnet: 1 pinned threads; allocated CPUs 105
rank 1572 on c567.nibi.sharcnet: 1 pinned threads; allocated CPUs 36
rank 3222 on c589.nibi.sharcnet: 1 pinned threads; allocated CPUs 150
rank 2076 on c573.nibi.sharcnet: 1 pinned threads; allocated CPUs 156
rank 4004 on c598.nibi.sharcnet: 1 pinned threads; allocated CPUs 164
rank 4213 on c599.nibi.sharcnet: 1 pinned threads; allocated CPUs 181
rank 252 on c128.nibi.sharcnet: 1 pinned threads; allocated CPUs 60
rank 3404 on c591.nibi.sharcnet: 1 pinned threads; allocated CPUs 140
rank 5617 on c619.nibi.sharcnet: 1 pinned threads; allocated CPUs 49
rank 580 on c144.nibi.sharcnet: 1 pinned threads; allocated CPUs 4
rank 2477 on c581.nibi.sharcnet: 1 pinned threads; allocated CPUs 173
rank 3635 on c593.nibi.sharcnet: 1 pinned threads; allocated CPUs 179
rank 2695 on c584.nibi.sharcnet: 1 pinned threads; allocated CPUs 7
rank 2295 on c580.nibi.sharcnet: 1 pinned threads; allocated CPUs 183
rank 502 on c137.nibi.sharcnet: 1 pinned threads; allocated CPUs 118
rank 3688 on c596.nibi.sharcnet: 1 pinned threads; allocated CPUs 40
rank 5810 on c622.nibi.sharcnet: 1 pinned threads; allocated CPUs 50
rank 4845 on c612.nibi.sharcnet: 1 pinned threads; allocated CPUs 45
rank 5338 on c617.nibi.sharcnet: 1 pinned threads; allocated CPUs 154
rank 5425 on c618.nibi.sharcnet: 1 pinned threads; allocated CPUs 49
rank 4225 on c603.nibi.sharcnet: 1 pinned threads; allocated CPUs 1
rank 4477 on c608.nibi.sharcnet: 1 pinned threads; allocated CPUs 61
rank 5027 on c614.nibi.sharcnet: 1 pinned threads; allocated CPUs 35
rank 1772 on c572.nibi.sharcnet: 1 pinned threads; allocated CPUs 44
rank 1499 on c559.nibi.sharcnet: 1 pinned threads; allocated CPUs 155
rank 1160 on c455.nibi.sharcnet: 1 pinned threads; allocated CPUs 8
rank 123 on c120.nibi.sharcnet: 1 pinned threads; allocated CPUs 123
rank 1145 on c409.nibi.sharcnet: 1 pinned threads; allocated CPUs 185
rank 2993 on c585.nibi.sharcnet: 1 pinned threads; allocated CPUs 113
rank 947 on c145.nibi.sharcnet: 1 pinned threads; allocated CPUs 179
rank 1624 on c567.nibi.sharcnet: 1 pinned threads; allocated CPUs 88
rank 3223 on c589.nibi.sharcnet: 1 pinned threads; allocated CPUs 151
rank 2077 on c573.nibi.sharcnet: 1 pinned threads; allocated CPUs 157
rank 4005 on c598.nibi.sharcnet: 1 pinned threads; allocated CPUs 165
rank 4214 on c599.nibi.sharcnet: 1 pinned threads; allocated CPUs 182
rank 253 on c128.nibi.sharcnet: 1 pinned threads; allocated CPUs 61
rank 3405 on c591.nibi.sharcnet: 1 pinned threads; allocated CPUs 141
rank 5621 on c619.nibi.sharcnet: 1 pinned threads; allocated CPUs 53
rank 581 on c144.nibi.sharcnet: 1 pinned threads; allocated CPUs 5
rank 2479 on c581.nibi.sharcnet: 1 pinned threads; allocated CPUs 175
rank 3642 on c593.nibi.sharcnet: 1 pinned threads; allocated CPUs 186
rank 2696 on c584.nibi.sharcnet: 1 pinned threads; allocated CPUs 8
rank 2296 on c580.nibi.sharcnet: 1 pinned threads; allocated CPUs 184
rank 492 on c137.nibi.sharcnet: 1 pinned threads; allocated CPUs 108
rank 3689 on c596.nibi.sharcnet: 1 pinned threads; allocated CPUs 41
rank 5811 on c622.nibi.sharcnet: 1 pinned threads; allocated CPUs 51
rank 4847 on c612.nibi.sharcnet: 1 pinned threads; allocated CPUs 47
rank 5339 on c617.nibi.sharcnet: 1 pinned threads; allocated CPUs 155
rank 5428 on c618.nibi.sharcnet: 1 pinned threads; allocated CPUs 52
rank 4478 on c608.nibi.sharcnet: 1 pinned threads; allocated CPUs 62
rank 5042 on c614.nibi.sharcnet: 1 pinned threads; allocated CPUs 50
rank 1766 on c572.nibi.sharcnet: 1 pinned threads; allocated CPUs 38
rank 1502 on c559.nibi.sharcnet: 1 pinned threads; allocated CPUs 158
rank 1161 on c455.nibi.sharcnet: 1 pinned threads; allocated CPUs 9
rank 124 on c120.nibi.sharcnet: 1 pinned threads; allocated CPUs 124
rank 1146 on c409.nibi.sharcnet: 1 pinned threads; allocated CPUs 186
rank 811 on c145.nibi.sharcnet: 1 pinned threads; allocated CPUs 43
rank 1639 on c567.nibi.sharcnet: 1 pinned threads; allocated CPUs 103
rank 3224 on c589.nibi.sharcnet: 1 pinned threads; allocated CPUs 152
rank 2078 on c573.nibi.sharcnet: 1 pinned threads; allocated CPUs 158
rank 4006 on c598.nibi.sharcnet: 1 pinned threads; allocated CPUs 166
rank 4215 on c599.nibi.sharcnet: 1 pinned threads; allocated CPUs 183
rank 254 on c128.nibi.sharcnet: 1 pinned threads; allocated CPUs 62
rank 3406 on c591.nibi.sharcnet: 1 pinned threads; allocated CPUs 142
rank 5626 on c619.nibi.sharcnet: 1 pinned threads; allocated CPUs 58
rank 582 on c144.nibi.sharcnet: 1 pinned threads; allocated CPUs 6
rank 2481 on c581.nibi.sharcnet: 1 pinned threads; allocated CPUs 177
rank 3647 on c593.nibi.sharcnet: 1 pinned threads; allocated CPUs 191
rank 2697 on c584.nibi.sharcnet: 1 pinned threads; allocated CPUs 9
rank 2298 on c580.nibi.sharcnet: 1 pinned threads; allocated CPUs 186
rank 495 on c137.nibi.sharcnet: 1 pinned threads; allocated CPUs 111
rank 3690 on c596.nibi.sharcnet: 1 pinned threads; allocated CPUs 42
rank 5812 on c622.nibi.sharcnet: 1 pinned threads; allocated CPUs 52
rank 4854 on c612.nibi.sharcnet: 1 pinned threads; allocated CPUs 54
rank 5340 on c617.nibi.sharcnet: 1 pinned threads; allocated CPUs 156
rank 5435 on c618.nibi.sharcnet: 1 pinned threads; allocated CPUs 59
rank 4226 on c603.nibi.sharcnet: 1 pinned threads; allocated CPUs 2
rank 4479 on c608.nibi.sharcnet: 1 pinned threads; allocated CPUs 63
rank 5045 on c614.nibi.sharcnet: 1 pinned threads; allocated CPUs 53
rank 1777 on c572.nibi.sharcnet: 1 pinned threads; allocated CPUs 49
rank 1503 on c559.nibi.sharcnet: 1 pinned threads; allocated CPUs 159
rank 1162 on c455.nibi.sharcnet: 1 pinned threads; allocated CPUs 10
rank 125 on c120.nibi.sharcnet: 1 pinned threads; allocated CPUs 125
rank 1147 on c409.nibi.sharcnet: 1 pinned threads; allocated CPUs 187
rank 2994 on c585.nibi.sharcnet: 1 pinned threads; allocated CPUs 114
rank 932 on c145.nibi.sharcnet: 1 pinned threads; allocated CPUs 164
rank 1570 on c567.nibi.sharcnet: 1 pinned threads; allocated CPUs 34
rank 3225 on c589.nibi.sharcnet: 1 pinned threads; allocated CPUs 153
rank 2079 on c573.nibi.sharcnet: 1 pinned threads; allocated CPUs 159
rank 4007 on c598.nibi.sharcnet: 1 pinned threads; allocated CPUs 167
rank 4216 on c599.nibi.sharcnet: 1 pinned threads; allocated CPUs 184
rank 255 on c128.nibi.sharcnet: 1 pinned threads; allocated CPUs 63
rank 3407 on c591.nibi.sharcnet: 1 pinned threads; allocated CPUs 143
rank 5668 on c619.nibi.sharcnet: 1 pinned threads; allocated CPUs 100
rank 583 on c144.nibi.sharcnet: 1 pinned threads; allocated CPUs 7
rank 2482 on c581.nibi.sharcnet: 1 pinned threads; allocated CPUs 178
rank 3567 on c593.nibi.sharcnet: 1 pinned threads; allocated CPUs 111
rank 2698 on c584.nibi.sharcnet: 1 pinned threads; allocated CPUs 10
rank 2299 on c580.nibi.sharcnet: 1 pinned threads; allocated CPUs 187
rank 3691 on c596.nibi.sharcnet: 1 pinned threads; allocated CPUs 43
rank 5813 on c622.nibi.sharcnet: 1 pinned threads; allocated CPUs 53
rank 4857 on c612.nibi.sharcnet: 1 pinned threads; allocated CPUs 57
rank 5341 on c617.nibi.sharcnet: 1 pinned threads; allocated CPUs 157
rank 5436 on c618.nibi.sharcnet: 1 pinned threads; allocated CPUs 60
rank 4227 on c603.nibi.sharcnet: 1 pinned threads; allocated CPUs 3
rank 4480 on c608.nibi.sharcnet: 1 pinned threads; allocated CPUs 64
rank 5110 on c614.nibi.sharcnet: 1 pinned threads; allocated CPUs 118
rank 1770 on c572.nibi.sharcnet: 1 pinned threads; allocated CPUs 42
rank 1345 on c559.nibi.sharcnet: 1 pinned threads; allocated CPUs 1
rank 1163 on c455.nibi.sharcnet: 1 pinned threads; allocated CPUs 11
rank 126 on c120.nibi.sharcnet: 1 pinned threads; allocated CPUs 126
rank 1149 on c409.nibi.sharcnet: 1 pinned threads; allocated CPUs 189
rank 2995 on c585.nibi.sharcnet: 1 pinned threads; allocated CPUs 115
rank 939 on c145.nibi.sharcnet: 1 pinned threads; allocated CPUs 171
rank 1612 on c567.nibi.sharcnet: 1 pinned threads; allocated CPUs 76
rank 2080 on c573.nibi.sharcnet: 1 pinned threads; allocated CPUs 160
rank 4008 on c598.nibi.sharcnet: 1 pinned threads; allocated CPUs 168
rank 4217 on c599.nibi.sharcnet: 1 pinned threads; allocated CPUs 185
rank 289 on c128.nibi.sharcnet: 1 pinned threads; allocated CPUs 97
rank 3408 on c591.nibi.sharcnet: 1 pinned threads; allocated CPUs 144
rank 5687 on c619.nibi.sharcnet: 1 pinned threads; allocated CPUs 119
rank 584 on c144.nibi.sharcnet: 1 pinned threads; allocated CPUs 8
rank 2484 on c581.nibi.sharcnet: 1 pinned threads; allocated CPUs 180
rank 3506 on c593.nibi.sharcnet: 1 pinned threads; allocated CPUs 50
rank 2699 on c584.nibi.sharcnet: 1 pinned threads; allocated CPUs 11
rank 2300 on c580.nibi.sharcnet: 1 pinned threads; allocated CPUs 188
rank 3692 on c596.nibi.sharcnet: 1 pinned threads; allocated CPUs 44
rank 5814 on c622.nibi.sharcnet: 1 pinned threads; allocated CPUs 54
rank 4846 on c612.nibi.sharcnet: 1 pinned threads; allocated CPUs 46
rank 5342 on c617.nibi.sharcnet: 1 pinned threads; allocated CPUs 158
rank 5437 on c618.nibi.sharcnet: 1 pinned threads; allocated CPUs 61
rank 4228 on c603.nibi.sharcnet: 1 pinned threads; allocated CPUs 4
rank 4482 on c608.nibi.sharcnet: 1 pinned threads; allocated CPUs 66
rank 5055 on c614.nibi.sharcnet: 1 pinned threads; allocated CPUs 63
rank 1763 on c572.nibi.sharcnet: 1 pinned threads; allocated CPUs 35
rank 1354 on c559.nibi.sharcnet: 1 pinned threads; allocated CPUs 10
rank 1164 on c455.nibi.sharcnet: 1 pinned threads; allocated CPUs 12
rank 127 on c120.nibi.sharcnet: 1 pinned threads; allocated CPUs 127
rank 1150 on c409.nibi.sharcnet: 1 pinned threads; allocated CPUs 190
rank 2996 on c585.nibi.sharcnet: 1 pinned threads; allocated CPUs 116
rank 956 on c145.nibi.sharcnet: 1 pinned threads; allocated CPUs 188
rank 1697 on c567.nibi.sharcnet: 1 pinned threads; allocated CPUs 161
rank 3226 on c589.nibi.sharcnet: 1 pinned threads; allocated CPUs 154
rank 2081 on c573.nibi.sharcnet: 1 pinned threads; allocated CPUs 161
rank 4009 on c598.nibi.sharcnet: 1 pinned threads; allocated CPUs 169
rank 4218 on c599.nibi.sharcnet: 1 pinned threads; allocated CPUs 186
rank 3409 on c591.nibi.sharcnet: 1 pinned threads; allocated CPUs 145
rank 5688 on c619.nibi.sharcnet: 1 pinned threads; allocated CPUs 120
rank 585 on c144.nibi.sharcnet: 1 pinned threads; allocated CPUs 9
rank 2485 on c581.nibi.sharcnet: 1 pinned threads; allocated CPUs 181
rank 3573 on c593.nibi.sharcnet: 1 pinned threads; allocated CPUs 117
rank 2301 on c580.nibi.sharcnet: 1 pinned threads; allocated CPUs 189
rank 439 on c137.nibi.sharcnet: 1 pinned threads; allocated CPUs 55
rank 3693 on c596.nibi.sharcnet: 1 pinned threads; allocated CPUs 45
rank 5815 on c622.nibi.sharcnet: 1 pinned threads; allocated CPUs 55
rank 4858 on c612.nibi.sharcnet: 1 pinned threads; allocated CPUs 58
rank 5343 on c617.nibi.sharcnet: 1 pinned threads; allocated CPUs 159
rank 5439 on c618.nibi.sharcnet: 1 pinned threads; allocated CPUs 63
rank 4229 on c603.nibi.sharcnet: 1 pinned threads; allocated CPUs 5
rank 4484 on c608.nibi.sharcnet: 1 pinned threads; allocated CPUs 68
rank 5072 on c614.nibi.sharcnet: 1 pinned threads; allocated CPUs 80
rank 1796 on c572.nibi.sharcnet: 1 pinned threads; allocated CPUs 68
rank 1355 on c559.nibi.sharcnet: 1 pinned threads; allocated CPUs 11
rank 1165 on c455.nibi.sharcnet: 1 pinned threads; allocated CPUs 13
rank 128 on c120.nibi.sharcnet: 1 pinned threads; allocated CPUs 128
rank 1151 on c409.nibi.sharcnet: 1 pinned threads; allocated CPUs 191
rank 2997 on c585.nibi.sharcnet: 1 pinned threads; allocated CPUs 117
rank 958 on c145.nibi.sharcnet: 1 pinned threads; allocated CPUs 190
rank 1707 on c567.nibi.sharcnet: 1 pinned threads; allocated CPUs 171
rank 3227 on c589.nibi.sharcnet: 1 pinned threads; allocated CPUs 155
rank 2082 on c573.nibi.sharcnet: 1 pinned threads; allocated CPUs 162
rank 4010 on c598.nibi.sharcnet: 1 pinned threads; allocated CPUs 170
rank 4219 on c599.nibi.sharcnet: 1 pinned threads; allocated CPUs 187
rank 290 on c128.nibi.sharcnet: 1 pinned threads; allocated CPUs 98
rank 3410 on c591.nibi.sharcnet: 1 pinned threads; allocated CPUs 146
rank 5694 on c619.nibi.sharcnet: 1 pinned threads; allocated CPUs 126
rank 586 on c144.nibi.sharcnet: 1 pinned threads; allocated CPUs 10
rank 2486 on c581.nibi.sharcnet: 1 pinned threads; allocated CPUs 182
rank 3492 on c593.nibi.sharcnet: 1 pinned threads; allocated CPUs 36
rank 2302 on c580.nibi.sharcnet: 1 pinned threads; allocated CPUs 190
rank 497 on c137.nibi.sharcnet: 1 pinned threads; allocated CPUs 113
rank 3694 on c596.nibi.sharcnet: 1 pinned threads; allocated CPUs 46
rank 4608 on c609.nibi.sharcnet: 1 pinned threads; allocated CPUs 0
rank 5816 on c622.nibi.sharcnet: 1 pinned threads; allocated CPUs 56
rank 4851 on c612.nibi.sharcnet: 1 pinned threads; allocated CPUs 51
rank 5344 on c617.nibi.sharcnet: 1 pinned threads; allocated CPUs 160
rank 5472 on c618.nibi.sharcnet: 1 pinned threads; allocated CPUs 96
rank 4230 on c603.nibi.sharcnet: 1 pinned threads; allocated CPUs 6
rank 4486 on c608.nibi.sharcnet: 1 pinned threads; allocated CPUs 70
rank 5025 on c614.nibi.sharcnet: 1 pinned threads; allocated CPUs 33
rank 1801 on c572.nibi.sharcnet: 1 pinned threads; allocated CPUs 73
rank 1356 on c559.nibi.sharcnet: 1 pinned threads; allocated CPUs 12
rank 1166 on c455.nibi.sharcnet: 1 pinned threads; allocated CPUs 14
rank 129 on c120.nibi.sharcnet: 1 pinned threads; allocated CPUs 129
rank 1092 on c409.nibi.sharcnet: 1 pinned threads; allocated CPUs 132
rank 2998 on c585.nibi.sharcnet: 1 pinned threads; allocated CPUs 118
rank 942 on c145.nibi.sharcnet: 1 pinned threads; allocated CPUs 174
rank 1578 on c567.nibi.sharcnet: 1 pinned threads; allocated CPUs 42
rank 2496 on c582.nibi.sharcnet: 1 pinned threads; allocated CPUs 0
rank 3228 on c589.nibi.sharcnet: 1 pinned threads; allocated CPUs 156
rank 2083 on c573.nibi.sharcnet: 1 pinned threads; allocated CPUs 163
rank 4011 on c598.nibi.sharcnet: 1 pinned threads; allocated CPUs 171
rank 4220 on c599.nibi.sharcnet: 1 pinned threads; allocated CPUs 188
rank 292 on c128.nibi.sharcnet: 1 pinned threads; allocated CPUs 100
rank 3411 on c591.nibi.sharcnet: 1 pinned threads; allocated CPUs 147
rank 5699 on c619.nibi.sharcnet: 1 pinned threads; allocated CPUs 131
rank 587 on c144.nibi.sharcnet: 1 pinned threads; allocated CPUs 11
rank 2487 on c581.nibi.sharcnet: 1 pinned threads; allocated CPUs 183
rank 3513 on c593.nibi.sharcnet: 1 pinned threads; allocated CPUs 57
rank 2700 on c584.nibi.sharcnet: 1 pinned threads; allocated CPUs 12
rank 2154 on c580.nibi.sharcnet: 1 pinned threads; allocated CPUs 42
rank 480 on c137.nibi.sharcnet: 1 pinned threads; allocated CPUs 96
rank 3695 on c596.nibi.sharcnet: 1 pinned threads; allocated CPUs 47
rank 4609 on c609.nibi.sharcnet: 1 pinned threads; allocated CPUs 1
rank 5817 on c622.nibi.sharcnet: 1 pinned threads; allocated CPUs 57
rank 4843 on c612.nibi.sharcnet: 1 pinned threads; allocated CPUs 43
rank 5345 on c617.nibi.sharcnet: 1 pinned threads; allocated CPUs 161
rank 5473 on c618.nibi.sharcnet: 1 pinned threads; allocated CPUs 97
rank 4231 on c603.nibi.sharcnet: 1 pinned threads; allocated CPUs 7
rank 4488 on c608.nibi.sharcnet: 1 pinned threads; allocated CPUs 72
rank 5051 on c614.nibi.sharcnet: 1 pinned threads; allocated CPUs 59
rank 1809 on c572.nibi.sharcnet: 1 pinned threads; allocated CPUs 81
rank 1362 on c559.nibi.sharcnet: 1 pinned threads; allocated CPUs 18
rank 1167 on c455.nibi.sharcnet: 1 pinned threads; allocated CPUs 15
rank 130 on c120.nibi.sharcnet: 1 pinned threads; allocated CPUs 130
rank 1148 on c409.nibi.sharcnet: 1 pinned threads; allocated CPUs 188
rank 2999 on c585.nibi.sharcnet: 1 pinned threads; allocated CPUs 119
rank 803 on c145.nibi.sharcnet: 1 pinned threads; allocated CPUs 35
rank 1580 on c567.nibi.sharcnet: 1 pinned threads; allocated CPUs 44
rank 2497 on c582.nibi.sharcnet: 1 pinned threads; allocated CPUs 1
rank 3229 on c589.nibi.sharcnet: 1 pinned threads; allocated CPUs 157
rank 2084 on c573.nibi.sharcnet: 1 pinned threads; allocated CPUs 164
rank 4012 on c598.nibi.sharcnet: 1 pinned threads; allocated CPUs 172
rank 4221 on c599.nibi.sharcnet: 1 pinned threads; allocated CPUs 189
rank 293 on c128.nibi.sharcnet: 1 pinned threads; allocated CPUs 101
rank 3412 on c591.nibi.sharcnet: 1 pinned threads; allocated CPUs 148
rank 5729 on c619.nibi.sharcnet: 1 pinned threads; allocated CPUs 161
rank 588 on c144.nibi.sharcnet: 1 pinned threads; allocated CPUs 12
rank 2488 on c581.nibi.sharcnet: 1 pinned threads; allocated CPUs 184
rank 3505 on c593.nibi.sharcnet: 1 pinned threads; allocated CPUs 49
rank 2701 on c584.nibi.sharcnet: 1 pinned threads; allocated CPUs 13
rank 2215 on c580.nibi.sharcnet: 1 pinned threads; allocated CPUs 103
rank 552 on c137.nibi.sharcnet: 1 pinned threads; allocated CPUs 168
rank 3696 on c596.nibi.sharcnet: 1 pinned threads; allocated CPUs 48
rank 4610 on c609.nibi.sharcnet: 1 pinned threads; allocated CPUs 2
rank 5818 on c622.nibi.sharcnet: 1 pinned threads; allocated CPUs 58
rank 4832 on c612.nibi.sharcnet: 1 pinned threads; allocated CPUs 32
rank 5346 on c617.nibi.sharcnet: 1 pinned threads; allocated CPUs 162
rank 5474 on c618.nibi.sharcnet: 1 pinned threads; allocated CPUs 98
rank 4232 on c603.nibi.sharcnet: 1 pinned threads; allocated CPUs 8
rank 4489 on c608.nibi.sharcnet: 1 pinned threads; allocated CPUs 73
rank 5076 on c614.nibi.sharcnet: 1 pinned threads; allocated CPUs 84
rank 1816 on c572.nibi.sharcnet: 1 pinned threads; allocated CPUs 88
rank 1365 on c559.nibi.sharcnet: 1 pinned threads; allocated CPUs 21
rank 1168 on c455.nibi.sharcnet: 1 pinned threads; allocated CPUs 16
rank 131 on c120.nibi.sharcnet: 1 pinned threads; allocated CPUs 131
rank 1065 on c409.nibi.sharcnet: 1 pinned threads; allocated CPUs 105
rank 3000 on c585.nibi.sharcnet: 1 pinned threads; allocated CPUs 120
rank 824 on c145.nibi.sharcnet: 1 pinned threads; allocated CPUs 56
rank 1584 on c567.nibi.sharcnet: 1 pinned threads; allocated CPUs 48
rank 2498 on c582.nibi.sharcnet: 1 pinned threads; allocated CPUs 2
rank 3230 on c589.nibi.sharcnet: 1 pinned threads; allocated CPUs 158
rank 4013 on c598.nibi.sharcnet: 1 pinned threads; allocated CPUs 173
rank 4130 on c599.nibi.sharcnet: 1 pinned threads; allocated CPUs 98
rank 294 on c128.nibi.sharcnet: 1 pinned threads; allocated CPUs 102
rank 3413 on c591.nibi.sharcnet: 1 pinned threads; allocated CPUs 149
rank 5733 on c619.nibi.sharcnet: 1 pinned threads; allocated CPUs 165
rank 589 on c144.nibi.sharcnet: 1 pinned threads; allocated CPUs 13
rank 2489 on c581.nibi.sharcnet: 1 pinned threads; allocated CPUs 185
rank 3517 on c593.nibi.sharcnet: 1 pinned threads; allocated CPUs 61
rank 2702 on c584.nibi.sharcnet: 1 pinned threads; allocated CPUs 14
rank 2225 on c580.nibi.sharcnet: 1 pinned threads; allocated CPUs 113
rank 526 on c137.nibi.sharcnet: 1 pinned threads; allocated CPUs 142
rank 3697 on c596.nibi.sharcnet: 1 pinned threads; allocated CPUs 49
rank 5819 on c622.nibi.sharcnet: 1 pinned threads; allocated CPUs 59
rank 4852 on c612.nibi.sharcnet: 1 pinned threads; allocated CPUs 52
rank 5347 on c617.nibi.sharcnet: 1 pinned threads; allocated CPUs 163
rank 4233 on c603.nibi.sharcnet: 1 pinned threads; allocated CPUs 9
rank 4490 on c608.nibi.sharcnet: 1 pinned threads; allocated CPUs 74
rank 5081 on c614.nibi.sharcnet: 1 pinned threads; allocated CPUs 89
rank 1789 on c572.nibi.sharcnet: 1 pinned threads; allocated CPUs 61
rank 1366 on c559.nibi.sharcnet: 1 pinned threads; allocated CPUs 22
rank 1169 on c455.nibi.sharcnet: 1 pinned threads; allocated CPUs 17
rank 132 on c120.nibi.sharcnet: 1 pinned threads; allocated CPUs 132
rank 1005 on c409.nibi.sharcnet: 1 pinned threads; allocated CPUs 45
rank 3001 on c585.nibi.sharcnet: 1 pinned threads; allocated CPUs 121
rank 829 on c145.nibi.sharcnet: 1 pinned threads; allocated CPUs 61
rank 1589 on c567.nibi.sharcnet: 1 pinned threads; allocated CPUs 53
rank 3231 on c589.nibi.sharcnet: 1 pinned threads; allocated CPUs 159
rank 2085 on c573.nibi.sharcnet: 1 pinned threads; allocated CPUs 165
rank 4014 on c598.nibi.sharcnet: 1 pinned threads; allocated CPUs 174
rank 4206 on c599.nibi.sharcnet: 1 pinned threads; allocated CPUs 174
rank 295 on c128.nibi.sharcnet: 1 pinned threads; allocated CPUs 103
rank 3414 on c591.nibi.sharcnet: 1 pinned threads; allocated CPUs 150
rank 5741 on c619.nibi.sharcnet: 1 pinned threads; allocated CPUs 173
rank 590 on c144.nibi.sharcnet: 1 pinned threads; allocated CPUs 14
rank 2490 on c581.nibi.sharcnet: 1 pinned threads; allocated CPUs 186
rank 3501 on c593.nibi.sharcnet: 1 pinned threads; allocated CPUs 45
rank 2703 on c584.nibi.sharcnet: 1 pinned threads; allocated CPUs 15
rank 2291 on c580.nibi.sharcnet: 1 pinned threads; allocated CPUs 179
rank 522 on c137.nibi.sharcnet: 1 pinned threads; allocated CPUs 138
rank 3698 on c596.nibi.sharcnet: 1 pinned threads; allocated CPUs 50
rank 4611 on c609.nibi.sharcnet: 1 pinned threads; allocated CPUs 3
rank 5820 on c622.nibi.sharcnet: 1 pinned threads; allocated CPUs 60
rank 4841 on c612.nibi.sharcnet: 1 pinned threads; allocated CPUs 41
rank 5348 on c617.nibi.sharcnet: 1 pinned threads; allocated CPUs 164
rank 4234 on c603.nibi.sharcnet: 1 pinned threads; allocated CPUs 10
rank 4496 on c608.nibi.sharcnet: 1 pinned threads; allocated CPUs 80
rank 5073 on c614.nibi.sharcnet: 1 pinned threads; allocated CPUs 81
rank 1369 on c559.nibi.sharcnet: 1 pinned threads; allocated CPUs 25
rank 1170 on c455.nibi.sharcnet: 1 pinned threads; allocated CPUs 18
rank 133 on c120.nibi.sharcnet: 1 pinned threads; allocated CPUs 133
rank 984 on c409.nibi.sharcnet: 1 pinned threads; allocated CPUs 24
rank 3002 on c585.nibi.sharcnet: 1 pinned threads; allocated CPUs 122
rank 870 on c145.nibi.sharcnet: 1 pinned threads; allocated CPUs 102
rank 1591 on c567.nibi.sharcnet: 1 pinned threads; allocated CPUs 55
rank 2499 on c582.nibi.sharcnet: 1 pinned threads; allocated CPUs 3
rank 3232 on c589.nibi.sharcnet: 1 pinned threads; allocated CPUs 160
rank 2086 on c573.nibi.sharcnet: 1 pinned threads; allocated CPUs 166
rank 4016 on c598.nibi.sharcnet: 1 pinned threads; allocated CPUs 176
rank 4210 on c599.nibi.sharcnet: 1 pinned threads; allocated CPUs 178
rank 5952 on c641.nibi.sharcnet: 1 pinned threads; allocated CPUs 0
rank 296 on c128.nibi.sharcnet: 1 pinned threads; allocated CPUs 104
rank 3415 on c591.nibi.sharcnet: 1 pinned threads; allocated CPUs 151
rank 5586 on c619.nibi.sharcnet: 1 pinned threads; allocated CPUs 18
rank 591 on c144.nibi.sharcnet: 1 pinned threads; allocated CPUs 15
rank 2491 on c581.nibi.sharcnet: 1 pinned threads; allocated CPUs 187
rank 3504 on c593.nibi.sharcnet: 1 pinned threads; allocated CPUs 48
rank 2704 on c584.nibi.sharcnet: 1 pinned threads; allocated CPUs 16
rank 2297 on c580.nibi.sharcnet: 1 pinned threads; allocated CPUs 185
rank 442 on c137.nibi.sharcnet: 1 pinned threads; allocated CPUs 58
rank 3699 on c596.nibi.sharcnet: 1 pinned threads; allocated CPUs 51
rank 4612 on c609.nibi.sharcnet: 1 pinned threads; allocated CPUs 4
rank 5821 on c622.nibi.sharcnet: 1 pinned threads; allocated CPUs 61
rank 4825 on c612.nibi.sharcnet: 1 pinned threads; allocated CPUs 25
rank 5349 on c617.nibi.sharcnet: 1 pinned threads; allocated CPUs 165
rank 5475 on c618.nibi.sharcnet: 1 pinned threads; allocated CPUs 99
rank 4235 on c603.nibi.sharcnet: 1 pinned threads; allocated CPUs 11
rank 4505 on c608.nibi.sharcnet: 1 pinned threads; allocated CPUs 89
rank 5115 on c614.nibi.sharcnet: 1 pinned threads; allocated CPUs 123
rank 1370 on c559.nibi.sharcnet: 1 pinned threads; allocated CPUs 26
rank 1171 on c455.nibi.sharcnet: 1 pinned threads; allocated CPUs 19
rank 134 on c120.nibi.sharcnet: 1 pinned threads; allocated CPUs 134
rank 1000 on c409.nibi.sharcnet: 1 pinned threads; allocated CPUs 40
rank 3003 on c585.nibi.sharcnet: 1 pinned threads; allocated CPUs 123
rank 908 on c145.nibi.sharcnet: 1 pinned threads; allocated CPUs 140
rank 1598 on c567.nibi.sharcnet: 1 pinned threads; allocated CPUs 62
rank 2500 on c582.nibi.sharcnet: 1 pinned threads; allocated CPUs 4
rank 3233 on c589.nibi.sharcnet: 1 pinned threads; allocated CPUs 161
rank 2087 on c573.nibi.sharcnet: 1 pinned threads; allocated CPUs 167
rank 4017 on c598.nibi.sharcnet: 1 pinned threads; allocated CPUs 177
rank 4211 on c599.nibi.sharcnet: 1 pinned threads; allocated CPUs 179
rank 5953 on c641.nibi.sharcnet: 1 pinned threads; allocated CPUs 1
rank 297 on c128.nibi.sharcnet: 1 pinned threads; allocated CPUs 105
rank 3416 on c591.nibi.sharcnet: 1 pinned threads; allocated CPUs 152
rank 5593 on c619.nibi.sharcnet: 1 pinned threads; allocated CPUs 25
rank 592 on c144.nibi.sharcnet: 1 pinned threads; allocated CPUs 16
rank 2492 on c581.nibi.sharcnet: 1 pinned threads; allocated CPUs 188
rank 3489 on c593.nibi.sharcnet: 1 pinned threads; allocated CPUs 33
rank 2705 on c584.nibi.sharcnet: 1 pinned threads; allocated CPUs 17
rank 2303 on c580.nibi.sharcnet: 1 pinned threads; allocated CPUs 191
rank 420 on c137.nibi.sharcnet: 1 pinned threads; allocated CPUs 36
rank 3700 on c596.nibi.sharcnet: 1 pinned threads; allocated CPUs 52
rank 4613 on c609.nibi.sharcnet: 1 pinned threads; allocated CPUs 5
rank 5822 on c622.nibi.sharcnet: 1 pinned threads; allocated CPUs 62
rank 4844 on c612.nibi.sharcnet: 1 pinned threads; allocated CPUs 44
rank 5476 on c618.nibi.sharcnet: 1 pinned threads; allocated CPUs 100
rank 4236 on c603.nibi.sharcnet: 1 pinned threads; allocated CPUs 12
rank 4511 on c608.nibi.sharcnet: 1 pinned threads; allocated CPUs 95
rank 5024 on c614.nibi.sharcnet: 1 pinned threads; allocated CPUs 32
rank 1790 on c572.nibi.sharcnet: 1 pinned threads; allocated CPUs 62
rank 1372 on c559.nibi.sharcnet: 1 pinned threads; allocated CPUs 28
rank 1172 on c455.nibi.sharcnet: 1 pinned threads; allocated CPUs 20
rank 135 on c120.nibi.sharcnet: 1 pinned threads; allocated CPUs 135
rank 1004 on c409.nibi.sharcnet: 1 pinned threads; allocated CPUs 44
rank 3004 on c585.nibi.sharcnet: 1 pinned threads; allocated CPUs 124
rank 1611 on c567.nibi.sharcnet: 1 pinned threads; allocated CPUs 75
rank 2501 on c582.nibi.sharcnet: 1 pinned threads; allocated CPUs 5
rank 3234 on c589.nibi.sharcnet: 1 pinned threads; allocated CPUs 162
rank 2088 on c573.nibi.sharcnet: 1 pinned threads; allocated CPUs 168
rank 4019 on c598.nibi.sharcnet: 1 pinned threads; allocated CPUs 179
rank 4222 on c599.nibi.sharcnet: 1 pinned threads; allocated CPUs 190
rank 5954 on c641.nibi.sharcnet: 1 pinned threads; allocated CPUs 2
rank 298 on c128.nibi.sharcnet: 1 pinned threads; allocated CPUs 106
rank 3417 on c591.nibi.sharcnet: 1 pinned threads; allocated CPUs 153
rank 5600 on c619.nibi.sharcnet: 1 pinned threads; allocated CPUs 32
rank 593 on c144.nibi.sharcnet: 1 pinned threads; allocated CPUs 17
rank 3490 on c593.nibi.sharcnet: 1 pinned threads; allocated CPUs 34
rank 2706 on c584.nibi.sharcnet: 1 pinned threads; allocated CPUs 18
rank 2152 on c580.nibi.sharcnet: 1 pinned threads; allocated CPUs 40
rank 424 on c137.nibi.sharcnet: 1 pinned threads; allocated CPUs 40
rank 3701 on c596.nibi.sharcnet: 1 pinned threads; allocated CPUs 53
rank 4614 on c609.nibi.sharcnet: 1 pinned threads; allocated CPUs 6
rank 5823 on c622.nibi.sharcnet: 1 pinned threads; allocated CPUs 63
rank 4835 on c612.nibi.sharcnet: 1 pinned threads; allocated CPUs 35
rank 5477 on c618.nibi.sharcnet: 1 pinned threads; allocated CPUs 101
rank 4237 on c603.nibi.sharcnet: 1 pinned threads; allocated CPUs 13
rank 4523 on c608.nibi.sharcnet: 1 pinned threads; allocated CPUs 107
rank 5026 on c614.nibi.sharcnet: 1 pinned threads; allocated CPUs 34
rank 1798 on c572.nibi.sharcnet: 1 pinned threads; allocated CPUs 70
rank 1376 on c559.nibi.sharcnet: 1 pinned threads; allocated CPUs 32
rank 1173 on c455.nibi.sharcnet: 1 pinned threads; allocated CPUs 21
rank 136 on c120.nibi.sharcnet: 1 pinned threads; allocated CPUs 136
rank 1007 on c409.nibi.sharcnet: 1 pinned threads; allocated CPUs 47
rank 3005 on c585.nibi.sharcnet: 1 pinned threads; allocated CPUs 125
rank 941 on c145.nibi.sharcnet: 1 pinned threads; allocated CPUs 173
rank 1617 on c567.nibi.sharcnet: 1 pinned threads; allocated CPUs 81
rank 2502 on c582.nibi.sharcnet: 1 pinned threads; allocated CPUs 6
rank 3235 on c589.nibi.sharcnet: 1 pinned threads; allocated CPUs 163
rank 2089 on c573.nibi.sharcnet: 1 pinned threads; allocated CPUs 169
rank 4020 on c598.nibi.sharcnet: 1 pinned threads; allocated CPUs 180
rank 4223 on c599.nibi.sharcnet: 1 pinned threads; allocated CPUs 191
rank 5955 on c641.nibi.sharcnet: 1 pinned threads; allocated CPUs 3
rank 300 on c128.nibi.sharcnet: 1 pinned threads; allocated CPUs 108
rank 3418 on c591.nibi.sharcnet: 1 pinned threads; allocated CPUs 154
rank 5610 on c619.nibi.sharcnet: 1 pinned threads; allocated CPUs 42
rank 594 on c144.nibi.sharcnet: 1 pinned threads; allocated CPUs 18
rank 3495 on c593.nibi.sharcnet: 1 pinned threads; allocated CPUs 39
rank 2707 on c584.nibi.sharcnet: 1 pinned threads; allocated CPUs 19
rank 2160 on c580.nibi.sharcnet: 1 pinned threads; allocated CPUs 48
rank 445 on c137.nibi.sharcnet: 1 pinned threads; allocated CPUs 61
rank 3702 on c596.nibi.sharcnet: 1 pinned threads; allocated CPUs 54
rank 4615 on c609.nibi.sharcnet: 1 pinned threads; allocated CPUs 7
rank 5837 on c622.nibi.sharcnet: 1 pinned threads; allocated CPUs 77
rank 4834 on c612.nibi.sharcnet: 1 pinned threads; allocated CPUs 34
rank 5350 on c617.nibi.sharcnet: 1 pinned threads; allocated CPUs 166
rank 5478 on c618.nibi.sharcnet: 1 pinned threads; allocated CPUs 102
rank 4532 on c608.nibi.sharcnet: 1 pinned threads; allocated CPUs 116
rank 5029 on c614.nibi.sharcnet: 1 pinned threads; allocated CPUs 37
rank 1800 on c572.nibi.sharcnet: 1 pinned threads; allocated CPUs 72
rank 1379 on c559.nibi.sharcnet: 1 pinned threads; allocated CPUs 35
rank 137 on c120.nibi.sharcnet: 1 pinned threads; allocated CPUs 137
rank 1008 on c409.nibi.sharcnet: 1 pinned threads; allocated CPUs 48
rank 3006 on c585.nibi.sharcnet: 1 pinned threads; allocated CPUs 126
rank 812 on c145.nibi.sharcnet: 1 pinned threads; allocated CPUs 44
rank 1622 on c567.nibi.sharcnet: 1 pinned threads; allocated CPUs 86
rank 2503 on c582.nibi.sharcnet: 1 pinned threads; allocated CPUs 7
rank 3236 on c589.nibi.sharcnet: 1 pinned threads; allocated CPUs 164
rank 2090 on c573.nibi.sharcnet: 1 pinned threads; allocated CPUs 170
rank 4021 on c598.nibi.sharcnet: 1 pinned threads; allocated CPUs 181
rank 4150 on c599.nibi.sharcnet: 1 pinned threads; allocated CPUs 118
rank 302 on c128.nibi.sharcnet: 1 pinned threads; allocated CPUs 110
rank 3419 on c591.nibi.sharcnet: 1 pinned threads; allocated CPUs 155
rank 5618 on c619.nibi.sharcnet: 1 pinned threads; allocated CPUs 50
rank 595 on c144.nibi.sharcnet: 1 pinned threads; allocated CPUs 19
rank 2493 on c581.nibi.sharcnet: 1 pinned threads; allocated CPUs 189
rank 3502 on c593.nibi.sharcnet: 1 pinned threads; allocated CPUs 46
rank 2708 on c584.nibi.sharcnet: 1 pinned threads; allocated CPUs 20
rank 2167 on c580.nibi.sharcnet: 1 pinned threads; allocated CPUs 55
rank 426 on c137.nibi.sharcnet: 1 pinned threads; allocated CPUs 42
rank 3705 on c596.nibi.sharcnet: 1 pinned threads; allocated CPUs 57
rank 4616 on c609.nibi.sharcnet: 1 pinned threads; allocated CPUs 8
rank 5841 on c622.nibi.sharcnet: 1 pinned threads; allocated CPUs 81
rank 4849 on c612.nibi.sharcnet: 1 pinned threads; allocated CPUs 49
rank 5351 on c617.nibi.sharcnet: 1 pinned threads; allocated CPUs 167
rank 5479 on c618.nibi.sharcnet: 1 pinned threads; allocated CPUs 103
rank 4544 on c608.nibi.sharcnet: 1 pinned threads; allocated CPUs 128
rank 5034 on c614.nibi.sharcnet: 1 pinned threads; allocated CPUs 42
rank 1807 on c572.nibi.sharcnet: 1 pinned threads; allocated CPUs 79
rank 1382 on c559.nibi.sharcnet: 1 pinned threads; allocated CPUs 38
rank 1174 on c455.nibi.sharcnet: 1 pinned threads; allocated CPUs 22
rank 138 on c120.nibi.sharcnet: 1 pinned threads; allocated CPUs 138
rank 3007 on c585.nibi.sharcnet: 1 pinned threads; allocated CPUs 127
rank 816 on c145.nibi.sharcnet: 1 pinned threads; allocated CPUs 48
rank 1579 on c567.nibi.sharcnet: 1 pinned threads; allocated CPUs 43
rank 2504 on c582.nibi.sharcnet: 1 pinned threads; allocated CPUs 8
rank 3237 on c589.nibi.sharcnet: 1 pinned threads; allocated CPUs 165
rank 2091 on c573.nibi.sharcnet: 1 pinned threads; allocated CPUs 171
rank 4022 on c598.nibi.sharcnet: 1 pinned threads; allocated CPUs 182
rank 4186 on c599.nibi.sharcnet: 1 pinned threads; allocated CPUs 154
rank 5956 on c641.nibi.sharcnet: 1 pinned threads; allocated CPUs 4
rank 304 on c128.nibi.sharcnet: 1 pinned threads; allocated CPUs 112
rank 3420 on c591.nibi.sharcnet: 1 pinned threads; allocated CPUs 156
rank 5622 on c619.nibi.sharcnet: 1 pinned threads; allocated CPUs 54
rank 596 on c144.nibi.sharcnet: 1 pinned threads; allocated CPUs 20
rank 2494 on c581.nibi.sharcnet: 1 pinned threads; allocated CPUs 190
rank 3498 on c593.nibi.sharcnet: 1 pinned threads; allocated CPUs 42
rank 2709 on c584.nibi.sharcnet: 1 pinned threads; allocated CPUs 21
rank 2243 on c580.nibi.sharcnet: 1 pinned threads; allocated CPUs 131
rank 456 on c137.nibi.sharcnet: 1 pinned threads; allocated CPUs 72
rank 4618 on c609.nibi.sharcnet: 1 pinned threads; allocated CPUs 10
rank 5842 on c622.nibi.sharcnet: 1 pinned threads; allocated CPUs 82
rank 4855 on c612.nibi.sharcnet: 1 pinned threads; allocated CPUs 55
rank 5352 on c617.nibi.sharcnet: 1 pinned threads; allocated CPUs 168
rank 5480 on c618.nibi.sharcnet: 1 pinned threads; allocated CPUs 104
rank 4238 on c603.nibi.sharcnet: 1 pinned threads; allocated CPUs 14
rank 4545 on c608.nibi.sharcnet: 1 pinned threads; allocated CPUs 129
rank 5039 on c614.nibi.sharcnet: 1 pinned threads; allocated CPUs 47
rank 1808 on c572.nibi.sharcnet: 1 pinned threads; allocated CPUs 80
rank 1383 on c559.nibi.sharcnet: 1 pinned threads; allocated CPUs 39
rank 1175 on c455.nibi.sharcnet: 1 pinned threads; allocated CPUs 23
rank 139 on c120.nibi.sharcnet: 1 pinned threads; allocated CPUs 139
rank 3008 on c585.nibi.sharcnet: 1 pinned threads; allocated CPUs 128
rank 867 on c145.nibi.sharcnet: 1 pinned threads; allocated CPUs 99
rank 1592 on c567.nibi.sharcnet: 1 pinned threads; allocated CPUs 56
rank 2505 on c582.nibi.sharcnet: 1 pinned threads; allocated CPUs 9
rank 3238 on c589.nibi.sharcnet: 1 pinned threads; allocated CPUs 166
rank 2092 on c573.nibi.sharcnet: 1 pinned threads; allocated CPUs 172
rank 4023 on c598.nibi.sharcnet: 1 pinned threads; allocated CPUs 183
rank 4086 on c599.nibi.sharcnet: 1 pinned threads; allocated CPUs 54
rank 5957 on c641.nibi.sharcnet: 1 pinned threads; allocated CPUs 5
rank 307 on c128.nibi.sharcnet: 1 pinned threads; allocated CPUs 115
rank 3421 on c591.nibi.sharcnet: 1 pinned threads; allocated CPUs 157
rank 5627 on c619.nibi.sharcnet: 1 pinned threads; allocated CPUs 59
rank 597 on c144.nibi.sharcnet: 1 pinned threads; allocated CPUs 21
rank 2495 on c581.nibi.sharcnet: 1 pinned threads; allocated CPUs 191
rank 3508 on c593.nibi.sharcnet: 1 pinned threads; allocated CPUs 52
rank 2710 on c584.nibi.sharcnet: 1 pinned threads; allocated CPUs 22
rank 2253 on c580.nibi.sharcnet: 1 pinned threads; allocated CPUs 141
rank 470 on c137.nibi.sharcnet: 1 pinned threads; allocated CPUs 86
rank 4619 on c609.nibi.sharcnet: 1 pinned threads; allocated CPUs 11
rank 5845 on c622.nibi.sharcnet: 1 pinned threads; allocated CPUs 85
rank 5353 on c617.nibi.sharcnet: 1 pinned threads; allocated CPUs 169
rank 5481 on c618.nibi.sharcnet: 1 pinned threads; allocated CPUs 105
rank 4240 on c603.nibi.sharcnet: 1 pinned threads; allocated CPUs 16
rank 4547 on c608.nibi.sharcnet: 1 pinned threads; allocated CPUs 131
rank 5040 on c614.nibi.sharcnet: 1 pinned threads; allocated CPUs 48
rank 1811 on c572.nibi.sharcnet: 1 pinned threads; allocated CPUs 83
rank 1385 on c559.nibi.sharcnet: 1 pinned threads; allocated CPUs 41
rank 1176 on c455.nibi.sharcnet: 1 pinned threads; allocated CPUs 24
rank 140 on c120.nibi.sharcnet: 1 pinned threads; allocated CPUs 140
rank 976 on c409.nibi.sharcnet: 1 pinned threads; allocated CPUs 16
rank 3009 on c585.nibi.sharcnet: 1 pinned threads; allocated CPUs 129
rank 876 on c145.nibi.sharcnet: 1 pinned threads; allocated CPUs 108
rank 1593 on c567.nibi.sharcnet: 1 pinned threads; allocated CPUs 57
rank 2506 on c582.nibi.sharcnet: 1 pinned threads; allocated CPUs 10
rank 3239 on c589.nibi.sharcnet: 1 pinned threads; allocated CPUs 167
rank 2093 on c573.nibi.sharcnet: 1 pinned threads; allocated CPUs 173
rank 4024 on c598.nibi.sharcnet: 1 pinned threads; allocated CPUs 184
rank 4090 on c599.nibi.sharcnet: 1 pinned threads; allocated CPUs 58
rank 5958 on c641.nibi.sharcnet: 1 pinned threads; allocated CPUs 6
rank 308 on c128.nibi.sharcnet: 1 pinned threads; allocated CPUs 116
rank 5628 on c619.nibi.sharcnet: 1 pinned threads; allocated CPUs 60
rank 598 on c144.nibi.sharcnet: 1 pinned threads; allocated CPUs 22
rank 2412 on c581.nibi.sharcnet: 1 pinned threads; allocated CPUs 108
rank 3510 on c593.nibi.sharcnet: 1 pinned threads; allocated CPUs 54
rank 2711 on c584.nibi.sharcnet: 1 pinned threads; allocated CPUs 23
rank 422 on c137.nibi.sharcnet: 1 pinned threads; allocated CPUs 38
rank 3706 on c596.nibi.sharcnet: 1 pinned threads; allocated CPUs 58
rank 4620 on c609.nibi.sharcnet: 1 pinned threads; allocated CPUs 12
rank 5848 on c622.nibi.sharcnet: 1 pinned threads; allocated CPUs 88
rank 5354 on c617.nibi.sharcnet: 1 pinned threads; allocated CPUs 170
rank 5482 on c618.nibi.sharcnet: 1 pinned threads; allocated CPUs 106
rank 4241 on c603.nibi.sharcnet: 1 pinned threads; allocated CPUs 17
rank 4548 on c608.nibi.sharcnet: 1 pinned threads; allocated CPUs 132
rank 5048 on c614.nibi.sharcnet: 1 pinned threads; allocated CPUs 56
rank 1817 on c572.nibi.sharcnet: 1 pinned threads; allocated CPUs 89
rank 1386 on c559.nibi.sharcnet: 1 pinned threads; allocated CPUs 42
rank 1177 on c455.nibi.sharcnet: 1 pinned threads; allocated CPUs 25
rank 141 on c120.nibi.sharcnet: 1 pinned threads; allocated CPUs 141
rank 1006 on c409.nibi.sharcnet: 1 pinned threads; allocated CPUs 46
rank 3010 on c585.nibi.sharcnet: 1 pinned threads; allocated CPUs 130
rank 878 on c145.nibi.sharcnet: 1 pinned threads; allocated CPUs 110
rank 1608 on c567.nibi.sharcnet: 1 pinned threads; allocated CPUs 72
rank 2507 on c582.nibi.sharcnet: 1 pinned threads; allocated CPUs 11
rank 3240 on c589.nibi.sharcnet: 1 pinned threads; allocated CPUs 168
rank 2094 on c573.nibi.sharcnet: 1 pinned threads; allocated CPUs 174
rank 4026 on c598.nibi.sharcnet: 1 pinned threads; allocated CPUs 186
rank 4070 on c599.nibi.sharcnet: 1 pinned threads; allocated CPUs 38
rank 5959 on c641.nibi.sharcnet: 1 pinned threads; allocated CPUs 7
rank 309 on c128.nibi.sharcnet: 1 pinned threads; allocated CPUs 117
rank 5665 on c619.nibi.sharcnet: 1 pinned threads; allocated CPUs 97
rank 599 on c144.nibi.sharcnet: 1 pinned threads; allocated CPUs 23
rank 2478 on c581.nibi.sharcnet: 1 pinned threads; allocated CPUs 174
rank 3491 on c593.nibi.sharcnet: 1 pinned threads; allocated CPUs 35
rank 2712 on c584.nibi.sharcnet: 1 pinned threads; allocated CPUs 24
rank 433 on c137.nibi.sharcnet: 1 pinned threads; allocated CPUs 49
rank 3707 on c596.nibi.sharcnet: 1 pinned threads; allocated CPUs 59
rank 4621 on c609.nibi.sharcnet: 1 pinned threads; allocated CPUs 13
rank 5852 on c622.nibi.sharcnet: 1 pinned threads; allocated CPUs 92
rank 4826 on c612.nibi.sharcnet: 1 pinned threads; allocated CPUs 26
rank 5355 on c617.nibi.sharcnet: 1 pinned threads; allocated CPUs 171
rank 5483 on c618.nibi.sharcnet: 1 pinned threads; allocated CPUs 107
rank 4242 on c603.nibi.sharcnet: 1 pinned threads; allocated CPUs 18
rank 4549 on c608.nibi.sharcnet: 1 pinned threads; allocated CPUs 133
rank 5052 on c614.nibi.sharcnet: 1 pinned threads; allocated CPUs 60
rank 1821 on c572.nibi.sharcnet: 1 pinned threads; allocated CPUs 93
rank 1388 on c559.nibi.sharcnet: 1 pinned threads; allocated CPUs 44
rank 1178 on c455.nibi.sharcnet: 1 pinned threads; allocated CPUs 26
rank 142 on c120.nibi.sharcnet: 1 pinned threads; allocated CPUs 142
rank 1021 on c409.nibi.sharcnet: 1 pinned threads; allocated CPUs 61
rank 3011 on c585.nibi.sharcnet: 1 pinned threads; allocated CPUs 131
rank 820 on c145.nibi.sharcnet: 1 pinned threads; allocated CPUs 52
rank 2508 on c582.nibi.sharcnet: 1 pinned threads; allocated CPUs 12
rank 3241 on c589.nibi.sharcnet: 1 pinned threads; allocated CPUs 169
rank 2095 on c573.nibi.sharcnet: 1 pinned threads; allocated CPUs 175
rank 4027 on c598.nibi.sharcnet: 1 pinned threads; allocated CPUs 187
rank 4073 on c599.nibi.sharcnet: 1 pinned threads; allocated CPUs 41
rank 5960 on c641.nibi.sharcnet: 1 pinned threads; allocated CPUs 8
rank 311 on c128.nibi.sharcnet: 1 pinned threads; allocated CPUs 119
rank 3422 on c591.nibi.sharcnet: 1 pinned threads; allocated CPUs 158
rank 5686 on c619.nibi.sharcnet: 1 pinned threads; allocated CPUs 118
rank 600 on c144.nibi.sharcnet: 1 pinned threads; allocated CPUs 24
rank 2480 on c581.nibi.sharcnet: 1 pinned threads; allocated CPUs 176
rank 3518 on c593.nibi.sharcnet: 1 pinned threads; allocated CPUs 62
rank 2713 on c584.nibi.sharcnet: 1 pinned threads; allocated CPUs 25
rank 2150 on c580.nibi.sharcnet: 1 pinned threads; allocated CPUs 38
rank 472 on c137.nibi.sharcnet: 1 pinned threads; allocated CPUs 88
rank 3708 on c596.nibi.sharcnet: 1 pinned threads; allocated CPUs 60
rank 4622 on c609.nibi.sharcnet: 1 pinned threads; allocated CPUs 14
rank 5856 on c622.nibi.sharcnet: 1 pinned threads; allocated CPUs 96
rank 4863 on c612.nibi.sharcnet: 1 pinned threads; allocated CPUs 63
rank 5356 on c617.nibi.sharcnet: 1 pinned threads; allocated CPUs 172
rank 5484 on c618.nibi.sharcnet: 1 pinned threads; allocated CPUs 108
rank 4243 on c603.nibi.sharcnet: 1 pinned threads; allocated CPUs 19
rank 4550 on c608.nibi.sharcnet: 1 pinned threads; allocated CPUs 134
rank 5061 on c614.nibi.sharcnet: 1 pinned threads; allocated CPUs 69
rank 1761 on c572.nibi.sharcnet: 1 pinned threads; allocated CPUs 33
rank 1389 on c559.nibi.sharcnet: 1 pinned threads; allocated CPUs 45
rank 1179 on c455.nibi.sharcnet: 1 pinned threads; allocated CPUs 27
rank 143 on c120.nibi.sharcnet: 1 pinned threads; allocated CPUs 143
rank 960 on c409.nibi.sharcnet: 1 pinned threads; allocated CPUs 0
rank 3012 on c585.nibi.sharcnet: 1 pinned threads; allocated CPUs 132
rank 825 on c145.nibi.sharcnet: 1 pinned threads; allocated CPUs 57
rank 2509 on c582.nibi.sharcnet: 1 pinned threads; allocated CPUs 13
rank 3242 on c589.nibi.sharcnet: 1 pinned threads; allocated CPUs 170
rank 2096 on c573.nibi.sharcnet: 1 pinned threads; allocated CPUs 176
rank 4028 on c598.nibi.sharcnet: 1 pinned threads; allocated CPUs 188
rank 4080 on c599.nibi.sharcnet: 1 pinned threads; allocated CPUs 48
rank 5961 on c641.nibi.sharcnet: 1 pinned threads; allocated CPUs 9
rank 312 on c128.nibi.sharcnet: 1 pinned threads; allocated CPUs 120
rank 3423 on c591.nibi.sharcnet: 1 pinned threads; allocated CPUs 159
rank 5708 on c619.nibi.sharcnet: 1 pinned threads; allocated CPUs 140
rank 601 on c144.nibi.sharcnet: 1 pinned threads; allocated CPUs 25
rank 2483 on c581.nibi.sharcnet: 1 pinned threads; allocated CPUs 179
rank 3519 on c593.nibi.sharcnet: 1 pinned threads; allocated CPUs 63
rank 2714 on c584.nibi.sharcnet: 1 pinned threads; allocated CPUs 26
rank 2164 on c580.nibi.sharcnet: 1 pinned threads; allocated CPUs 52
rank 398 on c137.nibi.sharcnet: 1 pinned threads; allocated CPUs 14
rank 3709 on c596.nibi.sharcnet: 1 pinned threads; allocated CPUs 61
rank 1778 on c572.nibi.sharcnet: 1 pinned threads; allocated CPUs 50
rank 1390 on c559.nibi.sharcnet: 1 pinned threads; allocated CPUs 46
rank 1804 on c572.nibi.sharcnet: 1 pinned threads; allocated CPUs 76
rank 1391 on c559.nibi.sharcnet: 1 pinned threads; allocated CPUs 47
rank 1814 on c572.nibi.sharcnet: 1 pinned threads; allocated CPUs 86
rank 1180 on c455.nibi.sharcnet: 1 pinned threads; allocated CPUs 28
rank 1753 on c572.nibi.sharcnet: 1 pinned threads; allocated CPUs 25
rank 1181 on c455.nibi.sharcnet: 1 pinned threads; allocated CPUs 29
rank 1792 on c572.nibi.sharcnet: 1 pinned threads; allocated CPUs 64
rank 1182 on c455.nibi.sharcnet: 1 pinned threads; allocated CPUs 30
rank 1793 on c572.nibi.sharcnet: 1 pinned threads; allocated CPUs 65
rank 1184 on c455.nibi.sharcnet: 1 pinned threads; allocated CPUs 32
rank 1799 on c572.nibi.sharcnet: 1 pinned threads; allocated CPUs 71
rank 1185 on c455.nibi.sharcnet: 1 pinned threads; allocated CPUs 33
rank 1802 on c572.nibi.sharcnet: 1 pinned threads; allocated CPUs 74
rank 1187 on c455.nibi.sharcnet: 1 pinned threads; allocated CPUs 35
rank 1803 on c572.nibi.sharcnet: 1 pinned threads; allocated CPUs 75
rank 1393 on c559.nibi.sharcnet: 1 pinned threads; allocated CPUs 49
rank 1806 on c572.nibi.sharcnet: 1 pinned threads; allocated CPUs 78
rank 1400 on c559.nibi.sharcnet: 1 pinned threads; allocated CPUs 56
rank 1812 on c572.nibi.sharcnet: 1 pinned threads; allocated CPUs 84
rank 1405 on c559.nibi.sharcnet: 1 pinned threads; allocated CPUs 61
rank 1818 on c572.nibi.sharcnet: 1 pinned threads; allocated CPUs 90
rank 1406 on c559.nibi.sharcnet: 1 pinned threads; allocated CPUs 62
rank 1740 on c572.nibi.sharcnet: 1 pinned threads; allocated CPUs 12
rank 1409 on c559.nibi.sharcnet: 1 pinned threads; allocated CPUs 65
rank 1760 on c572.nibi.sharcnet: 1 pinned threads; allocated CPUs 32
rank 1410 on c559.nibi.sharcnet: 1 pinned threads; allocated CPUs 66
rank 1764 on c572.nibi.sharcnet: 1 pinned threads; allocated CPUs 36
rank 1412 on c559.nibi.sharcnet: 1 pinned threads; allocated CPUs 68
rank 1765 on c572.nibi.sharcnet: 1 pinned threads; allocated CPUs 37
rank 1413 on c559.nibi.sharcnet: 1 pinned threads; allocated CPUs 69
rank 1767 on c572.nibi.sharcnet: 1 pinned threads; allocated CPUs 39
rank 1414 on c559.nibi.sharcnet: 1 pinned threads; allocated CPUs 70
rank 1768 on c572.nibi.sharcnet: 1 pinned threads; allocated CPUs 40
rank 1416 on c559.nibi.sharcnet: 1 pinned threads; allocated CPUs 72
rank 1784 on c572.nibi.sharcnet: 1 pinned threads; allocated CPUs 56
rank 1417 on c559.nibi.sharcnet: 1 pinned threads; allocated CPUs 73
rank 1785 on c572.nibi.sharcnet: 1 pinned threads; allocated CPUs 57
rank 1425 on c559.nibi.sharcnet: 1 pinned threads; allocated CPUs 81
rank 1794 on c572.nibi.sharcnet: 1 pinned threads; allocated CPUs 66
rank 1427 on c559.nibi.sharcnet: 1 pinned threads; allocated CPUs 83
rank 1797 on c572.nibi.sharcnet: 1 pinned threads; allocated CPUs 69
rank 1436 on c559.nibi.sharcnet: 1 pinned threads; allocated CPUs 92
rank 1805 on c572.nibi.sharcnet: 1 pinned threads; allocated CPUs 77
rank 1449 on c559.nibi.sharcnet: 1 pinned threads; allocated CPUs 105
rank 1820 on c572.nibi.sharcnet: 1 pinned threads; allocated CPUs 92
rank 1188 on c455.nibi.sharcnet: 1 pinned threads; allocated CPUs 36
rank 1823 on c572.nibi.sharcnet: 1 pinned threads; allocated CPUs 95
rank 1464 on c559.nibi.sharcnet: 1 pinned threads; allocated CPUs 120
rank 1738 on c572.nibi.sharcnet: 1 pinned threads; allocated CPUs 10
rank 1467 on c559.nibi.sharcnet: 1 pinned threads; allocated CPUs 123
rank 1739 on c572.nibi.sharcnet: 1 pinned threads; allocated CPUs 11
rank 1189 on c455.nibi.sharcnet: 1 pinned threads; allocated CPUs 37
rank 1742 on c572.nibi.sharcnet: 1 pinned threads; allocated CPUs 14
rank 1190 on c455.nibi.sharcnet: 1 pinned threads; allocated CPUs 38
rank 1743 on c572.nibi.sharcnet: 1 pinned threads; allocated CPUs 15
rank 1470 on c559.nibi.sharcnet: 1 pinned threads; allocated CPUs 126
rank 1744 on c572.nibi.sharcnet: 1 pinned threads; allocated CPUs 16
rank 1191 on c455.nibi.sharcnet: 1 pinned threads; allocated CPUs 39
rank 1747 on c572.nibi.sharcnet: 1 pinned threads; allocated CPUs 19
rank 1192 on c455.nibi.sharcnet: 1 pinned threads; allocated CPUs 40
rank 1755 on c572.nibi.sharcnet: 1 pinned threads; allocated CPUs 27
rank 1193 on c455.nibi.sharcnet: 1 pinned threads; allocated CPUs 41
rank 1756 on c572.nibi.sharcnet: 1 pinned threads; allocated CPUs 28
rank 1473 on c559.nibi.sharcnet: 1 pinned threads; allocated CPUs 129
rank 1757 on c572.nibi.sharcnet: 1 pinned threads; allocated CPUs 29
rank 1194 on c455.nibi.sharcnet: 1 pinned threads; allocated CPUs 42
rank 1758 on c572.nibi.sharcnet: 1 pinned threads; allocated CPUs 30
rank 1195 on c455.nibi.sharcnet: 1 pinned threads; allocated CPUs 43
rank 1795 on c572.nibi.sharcnet: 1 pinned threads; allocated CPUs 67
rank 1196 on c455.nibi.sharcnet: 1 pinned threads; allocated CPUs 44
rank 1728 on c572.nibi.sharcnet: 1 pinned threads; allocated CPUs 0
rank 1474 on c559.nibi.sharcnet: 1 pinned threads; allocated CPUs 130
rank 1730 on c572.nibi.sharcnet: 1 pinned threads; allocated CPUs 2
rank 1475 on c559.nibi.sharcnet: 1 pinned threads; allocated CPUs 131
rank 1732 on c572.nibi.sharcnet: 1 pinned threads; allocated CPUs 4
rank 1197 on c455.nibi.sharcnet: 1 pinned threads; allocated CPUs 45
rank 1733 on c572.nibi.sharcnet: 1 pinned threads; allocated CPUs 5
rank 1198 on c455.nibi.sharcnet: 1 pinned threads; allocated CPUs 46
rank 1735 on c572.nibi.sharcnet: 1 pinned threads; allocated CPUs 7
rank 1199 on c455.nibi.sharcnet: 1 pinned threads; allocated CPUs 47
rank 1736 on c572.nibi.sharcnet: 1 pinned threads; allocated CPUs 8
rank 1488 on c559.nibi.sharcnet: 1 pinned threads; allocated CPUs 144
rank 1737 on c572.nibi.sharcnet: 1 pinned threads; allocated CPUs 9
rank 1200 on c455.nibi.sharcnet: 1 pinned threads; allocated CPUs 48
rank 1745 on c572.nibi.sharcnet: 1 pinned threads; allocated CPUs 17
rank 144 on c120.nibi.sharcnet: 1 pinned threads; allocated CPUs 144
rank 1746 on c572.nibi.sharcnet: 1 pinned threads; allocated CPUs 18
rank 145 on c120.nibi.sharcnet: 1 pinned threads; allocated CPUs 145
rank 1748 on c572.nibi.sharcnet: 1 pinned threads; allocated CPUs 20
rank 1489 on c559.nibi.sharcnet: 1 pinned threads; allocated CPUs 145
rank 1750 on c572.nibi.sharcnet: 1 pinned threads; allocated CPUs 22
rank 1490 on c559.nibi.sharcnet: 1 pinned threads; allocated CPUs 146
rank 1759 on c572.nibi.sharcnet: 1 pinned threads; allocated CPUs 31
rank 1201 on c455.nibi.sharcnet: 1 pinned threads; allocated CPUs 49
rank 1780 on c572.nibi.sharcnet: 1 pinned threads; allocated CPUs 52
rank 1202 on c455.nibi.sharcnet: 1 pinned threads; allocated CPUs 50
rank 1810 on c572.nibi.sharcnet: 1 pinned threads; allocated CPUs 82
rank 146 on c120.nibi.sharcnet: 1 pinned threads; allocated CPUs 146
rank 1491 on c559.nibi.sharcnet: 1 pinned threads; allocated CPUs 147
rank 147 on c120.nibi.sharcnet: 1 pinned threads; allocated CPUs 147
rank 1493 on c559.nibi.sharcnet: 1 pinned threads; allocated CPUs 149
rank 148 on c120.nibi.sharcnet: 1 pinned threads; allocated CPUs 148
rank 1734 on c572.nibi.sharcnet: 1 pinned threads; allocated CPUs 6
rank 149 on c120.nibi.sharcnet: 1 pinned threads; allocated CPUs 149
rank 1741 on c572.nibi.sharcnet: 1 pinned threads; allocated CPUs 13
rank 150 on c120.nibi.sharcnet: 1 pinned threads; allocated CPUs 150
rank 1749 on c572.nibi.sharcnet: 1 pinned threads; allocated CPUs 21
rank 1498 on c559.nibi.sharcnet: 1 pinned threads; allocated CPUs 154
rank 1501 on c559.nibi.sharcnet: 1 pinned threads; allocated CPUs 157
rank 1203 on c455.nibi.sharcnet: 1 pinned threads; allocated CPUs 51
rank 1752 on c572.nibi.sharcnet: 1 pinned threads; allocated CPUs 24
rank 1204 on c455.nibi.sharcnet: 1 pinned threads; allocated CPUs 52
rank 151 on c120.nibi.sharcnet: 1 pinned threads; allocated CPUs 151
rank 1013 on c409.nibi.sharcnet: 1 pinned threads; allocated CPUs 53
rank 152 on c120.nibi.sharcnet: 1 pinned threads; allocated CPUs 152
rank 1017 on c409.nibi.sharcnet: 1 pinned threads; allocated CPUs 57
rank 1512 on c559.nibi.sharcnet: 1 pinned threads; allocated CPUs 168
rank 1205 on c455.nibi.sharcnet: 1 pinned threads; allocated CPUs 53
rank 153 on c120.nibi.sharcnet: 1 pinned threads; allocated CPUs 153
rank 999 on c409.nibi.sharcnet: 1 pinned threads; allocated CPUs 39
rank 154 on c120.nibi.sharcnet: 1 pinned threads; allocated CPUs 154
rank 1015 on c409.nibi.sharcnet: 1 pinned threads; allocated CPUs 55
rank 1524 on c559.nibi.sharcnet: 1 pinned threads; allocated CPUs 180
rank 1206 on c455.nibi.sharcnet: 1 pinned threads; allocated CPUs 54
rank 1754 on c572.nibi.sharcnet: 1 pinned threads; allocated CPUs 26
rank 1346 on c559.nibi.sharcnet: 1 pinned threads; allocated CPUs 2
rank 155 on c120.nibi.sharcnet: 1 pinned threads; allocated CPUs 155
rank 1016 on c409.nibi.sharcnet: 1 pinned threads; allocated CPUs 56
rank 1207 on c455.nibi.sharcnet: 1 pinned threads; allocated CPUs 55
rank 156 on c120.nibi.sharcnet: 1 pinned threads; allocated CPUs 156
rank 1729 on c572.nibi.sharcnet: 1 pinned threads; allocated CPUs 1
rank 1348 on c559.nibi.sharcnet: 1 pinned threads; allocated CPUs 4
rank 1751 on c572.nibi.sharcnet: 1 pinned threads; allocated CPUs 23
rank 1349 on c559.nibi.sharcnet: 1 pinned threads; allocated CPUs 5
rank 1208 on c455.nibi.sharcnet: 1 pinned threads; allocated CPUs 56
rank 157 on c120.nibi.sharcnet: 1 pinned threads; allocated CPUs 157
rank 1352 on c559.nibi.sharcnet: 1 pinned threads; allocated CPUs 8
rank 158 on c120.nibi.sharcnet: 1 pinned threads; allocated CPUs 158
rank 1353 on c559.nibi.sharcnet: 1 pinned threads; allocated CPUs 9
rank 159 on c120.nibi.sharcnet: 1 pinned threads; allocated CPUs 159
rank 1731 on c572.nibi.sharcnet: 1 pinned threads; allocated CPUs 3
rank 1209 on c455.nibi.sharcnet: 1 pinned threads; allocated CPUs 57
rank 1822 on c572.nibi.sharcnet: 1 pinned threads; allocated CPUs 94
rank 160 on c120.nibi.sharcnet: 1 pinned threads; allocated CPUs 160
rank 1762 on c572.nibi.sharcnet: 1 pinned threads; allocated CPUs 34
rank 161 on c120.nibi.sharcnet: 1 pinned threads; allocated CPUs 161
rank 1357 on c559.nibi.sharcnet: 1 pinned threads; allocated CPUs 13
rank 1210 on c455.nibi.sharcnet: 1 pinned threads; allocated CPUs 58
rank 162 on c120.nibi.sharcnet: 1 pinned threads; allocated CPUs 162
rank 993 on c409.nibi.sharcnet: 1 pinned threads; allocated CPUs 33
rank 163 on c120.nibi.sharcnet: 1 pinned threads; allocated CPUs 163
rank 1019 on c409.nibi.sharcnet: 1 pinned threads; allocated CPUs 59
rank 164 on c120.nibi.sharcnet: 1 pinned threads; allocated CPUs 164
rank 992 on c409.nibi.sharcnet: 1 pinned threads; allocated CPUs 32
rank 1361 on c559.nibi.sharcnet: 1 pinned threads; allocated CPUs 17
rank 1211 on c455.nibi.sharcnet: 1 pinned threads; allocated CPUs 59
rank 1367 on c559.nibi.sharcnet: 1 pinned threads; allocated CPUs 23
rank 165 on c120.nibi.sharcnet: 1 pinned threads; allocated CPUs 165
rank 166 on c120.nibi.sharcnet: 1 pinned threads; allocated CPUs 166
rank 1023 on c409.nibi.sharcnet: 1 pinned threads; allocated CPUs 63
rank 167 on c120.nibi.sharcnet: 1 pinned threads; allocated CPUs 167
rank 1011 on c409.nibi.sharcnet: 1 pinned threads; allocated CPUs 51
rank 1771 on c572.nibi.sharcnet: 1 pinned threads; allocated CPUs 43
rank 168 on c120.nibi.sharcnet: 1 pinned threads; allocated CPUs 168
rank 1779 on c572.nibi.sharcnet: 1 pinned threads; allocated CPUs 51
rank 1368 on c559.nibi.sharcnet: 1 pinned threads; allocated CPUs 24
rank 1212 on c455.nibi.sharcnet: 1 pinned threads; allocated CPUs 60
rank 169 on c120.nibi.sharcnet: 1 pinned threads; allocated CPUs 169
rank 170 on c120.nibi.sharcnet: 1 pinned threads; allocated CPUs 170
rank 1031 on c409.nibi.sharcnet: 1 pinned threads; allocated CPUs 71
rank 1213 on c455.nibi.sharcnet: 1 pinned threads; allocated CPUs 61
rank 171 on c120.nibi.sharcnet: 1 pinned threads; allocated CPUs 171
rank 1813 on c572.nibi.sharcnet: 1 pinned threads; allocated CPUs 85
rank 172 on c120.nibi.sharcnet: 1 pinned threads; allocated CPUs 172
rank 1775 on c572.nibi.sharcnet: 1 pinned threads; allocated CPUs 47
rank 1371 on c559.nibi.sharcnet: 1 pinned threads; allocated CPUs 27
rank 1819 on c572.nibi.sharcnet: 1 pinned threads; allocated CPUs 91
rank 1375 on c559.nibi.sharcnet: 1 pinned threads; allocated CPUs 31
rank 1214 on c455.nibi.sharcnet: 1 pinned threads; allocated CPUs 62
rank 173 on c120.nibi.sharcnet: 1 pinned threads; allocated CPUs 173
rank 174 on c120.nibi.sharcnet: 1 pinned threads; allocated CPUs 174
rank 1003 on c409.nibi.sharcnet: 1 pinned threads; allocated CPUs 43
rank 175 on c120.nibi.sharcnet: 1 pinned threads; allocated CPUs 175
rank 1018 on c409.nibi.sharcnet: 1 pinned threads; allocated CPUs 58
rank 176 on c120.nibi.sharcnet: 1 pinned threads; allocated CPUs 176
rank 1042 on c409.nibi.sharcnet: 1 pinned threads; allocated CPUs 82
rank 1380 on c559.nibi.sharcnet: 1 pinned threads; allocated CPUs 36
rank 1215 on c455.nibi.sharcnet: 1 pinned threads; allocated CPUs 63
rank 1403 on c559.nibi.sharcnet: 1 pinned threads; allocated CPUs 59
rank 177 on c120.nibi.sharcnet: 1 pinned threads; allocated CPUs 177
rank 178 on c120.nibi.sharcnet: 1 pinned threads; allocated CPUs 178
rank 1009 on c409.nibi.sharcnet: 1 pinned threads; allocated CPUs 49
rank 179 on c120.nibi.sharcnet: 1 pinned threads; allocated CPUs 179
rank 1033 on c409.nibi.sharcnet: 1 pinned threads; allocated CPUs 73
rank 1216 on c455.nibi.sharcnet: 1 pinned threads; allocated CPUs 64
rank 180 on c120.nibi.sharcnet: 1 pinned threads; allocated CPUs 180
rank 1418 on c559.nibi.sharcnet: 1 pinned threads; allocated CPUs 74
rank 1217 on c455.nibi.sharcnet: 1 pinned threads; allocated CPUs 65
rank 1419 on c559.nibi.sharcnet: 1 pinned threads; allocated CPUs 75
rank 181 on c120.nibi.sharcnet: 1 pinned threads; allocated CPUs 181
rank 182 on c120.nibi.sharcnet: 1 pinned threads; allocated CPUs 182
rank 980 on c409.nibi.sharcnet: 1 pinned threads; allocated CPUs 20
rank 183 on c120.nibi.sharcnet: 1 pinned threads; allocated CPUs 183
rank 994 on c409.nibi.sharcnet: 1 pinned threads; allocated CPUs 34
rank 1218 on c455.nibi.sharcnet: 1 pinned threads; allocated CPUs 66
rank 184 on c120.nibi.sharcnet: 1 pinned threads; allocated CPUs 184
rank 185 on c120.nibi.sharcnet: 1 pinned threads; allocated CPUs 185
rank 1012 on c409.nibi.sharcnet: 1 pinned threads; allocated CPUs 52
rank 1420 on c559.nibi.sharcnet: 1 pinned threads; allocated CPUs 76
rank 1219 on c455.nibi.sharcnet: 1 pinned threads; allocated CPUs 67
rank 186 on c120.nibi.sharcnet: 1 pinned threads; allocated CPUs 186
rank 1024 on c409.nibi.sharcnet: 1 pinned threads; allocated CPUs 64
rank 1422 on c559.nibi.sharcnet: 1 pinned threads; allocated CPUs 78
rank 1220 on c455.nibi.sharcnet: 1 pinned threads; allocated CPUs 68
rank 187 on c120.nibi.sharcnet: 1 pinned threads; allocated CPUs 187
rank 1035 on c409.nibi.sharcnet: 1 pinned threads; allocated CPUs 75
rank 188 on c120.nibi.sharcnet: 1 pinned threads; allocated CPUs 188
rank 1041 on c409.nibi.sharcnet: 1 pinned threads; allocated CPUs 81
rank 189 on c120.nibi.sharcnet: 1 pinned threads; allocated CPUs 189
rank 972 on c409.nibi.sharcnet: 1 pinned threads; allocated CPUs 12
rank 1423 on c559.nibi.sharcnet: 1 pinned threads; allocated CPUs 79
rank 1221 on c455.nibi.sharcnet: 1 pinned threads; allocated CPUs 69
rank 1424 on c559.nibi.sharcnet: 1 pinned threads; allocated CPUs 80
rank 1222 on c455.nibi.sharcnet: 1 pinned threads; allocated CPUs 70
rank 1426 on c559.nibi.sharcnet: 1 pinned threads; allocated CPUs 82
rank 190 on c120.nibi.sharcnet: 1 pinned threads; allocated CPUs 190
rank 1223 on c455.nibi.sharcnet: 1 pinned threads; allocated CPUs 71
rank 191 on c120.nibi.sharcnet: 1 pinned threads; allocated CPUs 191
rank 0 on c120.nibi.sharcnet: 1 pinned threads; allocated CPUs 0
rank 1014 on c409.nibi.sharcnet: 1 pinned threads; allocated CPUs 54
rank 1224 on c455.nibi.sharcnet: 1 pinned threads; allocated CPUs 72
rank 5 on c120.nibi.sharcnet: 1 pinned threads; allocated CPUs 5
rank 1428 on c559.nibi.sharcnet: 1 pinned threads; allocated CPUs 84
rank 25 on c120.nibi.sharcnet: 1 pinned threads; allocated CPUs 25
rank 1431 on c559.nibi.sharcnet: 1 pinned threads; allocated CPUs 87
rank 32 on c120.nibi.sharcnet: 1 pinned threads; allocated CPUs 32
rank 1432 on c559.nibi.sharcnet: 1 pinned threads; allocated CPUs 88
rank 34 on c120.nibi.sharcnet: 1 pinned threads; allocated CPUs 34
rank 42 on c120.nibi.sharcnet: 1 pinned threads; allocated CPUs 42
rank 973 on c409.nibi.sharcnet: 1 pinned threads; allocated CPUs 13
rank 44 on c120.nibi.sharcnet: 1 pinned threads; allocated CPUs 44
rank 988 on c409.nibi.sharcnet: 1 pinned threads; allocated CPUs 28
rank 1225 on c455.nibi.sharcnet: 1 pinned threads; allocated CPUs 73
rank 55 on c120.nibi.sharcnet: 1 pinned threads; allocated CPUs 55
rank 1434 on c559.nibi.sharcnet: 1 pinned threads; allocated CPUs 90
rank 62 on c120.nibi.sharcnet: 1 pinned threads; allocated CPUs 62
rank 1435 on c559.nibi.sharcnet: 1 pinned threads; allocated CPUs 91
rank 63 on c120.nibi.sharcnet: 1 pinned threads; allocated CPUs 63
rank 65 on c120.nibi.sharcnet: 1 pinned threads; allocated CPUs 65
rank 996 on c409.nibi.sharcnet: 1 pinned threads; allocated CPUs 36
rank 67 on c120.nibi.sharcnet: 1 pinned threads; allocated CPUs 67
rank 1001 on c409.nibi.sharcnet: 1 pinned threads; allocated CPUs 41
rank 69 on c120.nibi.sharcnet: 1 pinned threads; allocated CPUs 69
rank 1002 on c409.nibi.sharcnet: 1 pinned threads; allocated CPUs 42
rank 70 on c120.nibi.sharcnet: 1 pinned threads; allocated CPUs 70
rank 1010 on c409.nibi.sharcnet: 1 pinned threads; allocated CPUs 50
rank 71 on c120.nibi.sharcnet: 1 pinned threads; allocated CPUs 71
rank 1022 on c409.nibi.sharcnet: 1 pinned threads; allocated CPUs 62
rank 1437 on c559.nibi.sharcnet: 1 pinned threads; allocated CPUs 93
rank 1226 on c455.nibi.sharcnet: 1 pinned threads; allocated CPUs 74
rank 1438 on c559.nibi.sharcnet: 1 pinned threads; allocated CPUs 94
rank 1227 on c455.nibi.sharcnet: 1 pinned threads; allocated CPUs 75
rank 72 on c120.nibi.sharcnet: 1 pinned threads; allocated CPUs 72
rank 1029 on c409.nibi.sharcnet: 1 pinned threads; allocated CPUs 69
rank 74 on c120.nibi.sharcnet: 1 pinned threads; allocated CPUs 74
rank 1032 on c409.nibi.sharcnet: 1 pinned threads; allocated CPUs 72
rank 75 on c120.nibi.sharcnet: 1 pinned threads; allocated CPUs 75
rank 1040 on c409.nibi.sharcnet: 1 pinned threads; allocated CPUs 80
rank 1439 on c559.nibi.sharcnet: 1 pinned threads; allocated CPUs 95
rank 1228 on c455.nibi.sharcnet: 1 pinned threads; allocated CPUs 76
rank 1440 on c559.nibi.sharcnet: 1 pinned threads; allocated CPUs 96
rank 1229 on c455.nibi.sharcnet: 1 pinned threads; allocated CPUs 77
rank 1447 on c559.nibi.sharcnet: 1 pinned threads; allocated CPUs 103
rank 1230 on c455.nibi.sharcnet: 1 pinned threads; allocated CPUs 78
rank 77 on c120.nibi.sharcnet: 1 pinned threads; allocated CPUs 77
rank 1049 on c409.nibi.sharcnet: 1 pinned threads; allocated CPUs 89
rank 1231 on c455.nibi.sharcnet: 1 pinned threads; allocated CPUs 79
rank 79 on c120.nibi.sharcnet: 1 pinned threads; allocated CPUs 79
rank 1454 on c559.nibi.sharcnet: 1 pinned threads; allocated CPUs 110
rank 1232 on c455.nibi.sharcnet: 1 pinned threads; allocated CPUs 80
rank 1459 on c559.nibi.sharcnet: 1 pinned threads; allocated CPUs 115
rank 1233 on c455.nibi.sharcnet: 1 pinned threads; allocated CPUs 81
rank 82 on c120.nibi.sharcnet: 1 pinned threads; allocated CPUs 82
rank 1050 on c409.nibi.sharcnet: 1 pinned threads; allocated CPUs 90
rank 84 on c120.nibi.sharcnet: 1 pinned threads; allocated CPUs 84
rank 1055 on c409.nibi.sharcnet: 1 pinned threads; allocated CPUs 95
rank 967 on c409.nibi.sharcnet: 1 pinned threads; allocated CPUs 7
rank 3013 on c585.nibi.sharcnet: 1 pinned threads; allocated CPUs 133
rank 85 on c120.nibi.sharcnet: 1 pinned threads; allocated CPUs 85
rank 968 on c409.nibi.sharcnet: 1 pinned threads; allocated CPUs 8
rank 969 on c409.nibi.sharcnet: 1 pinned threads; allocated CPUs 9
rank 3014 on c585.nibi.sharcnet: 1 pinned threads; allocated CPUs 134
rank 1460 on c559.nibi.sharcnet: 1 pinned threads; allocated CPUs 116
rank 1234 on c455.nibi.sharcnet: 1 pinned threads; allocated CPUs 82
rank 1462 on c559.nibi.sharcnet: 1 pinned threads; allocated CPUs 118
rank 1235 on c455.nibi.sharcnet: 1 pinned threads; allocated CPUs 83
rank 86 on c120.nibi.sharcnet: 1 pinned threads; allocated CPUs 86
rank 970 on c409.nibi.sharcnet: 1 pinned threads; allocated CPUs 10
rank 974 on c409.nibi.sharcnet: 1 pinned threads; allocated CPUs 14
rank 3015 on c585.nibi.sharcnet: 1 pinned threads; allocated CPUs 135
rank 88 on c120.nibi.sharcnet: 1 pinned threads; allocated CPUs 88
rank 975 on c409.nibi.sharcnet: 1 pinned threads; allocated CPUs 15
rank 1468 on c559.nibi.sharcnet: 1 pinned threads; allocated CPUs 124
rank 1236 on c455.nibi.sharcnet: 1 pinned threads; allocated CPUs 84
rank 1469 on c559.nibi.sharcnet: 1 pinned threads; allocated CPUs 125
rank 1237 on c455.nibi.sharcnet: 1 pinned threads; allocated CPUs 85
rank 90 on c120.nibi.sharcnet: 1 pinned threads; allocated CPUs 90
rank 977 on c409.nibi.sharcnet: 1 pinned threads; allocated CPUs 17
rank 978 on c409.nibi.sharcnet: 1 pinned threads; allocated CPUs 18
rank 3016 on c585.nibi.sharcnet: 1 pinned threads; allocated CPUs 136
rank 91 on c120.nibi.sharcnet: 1 pinned threads; allocated CPUs 91
rank 981 on c409.nibi.sharcnet: 1 pinned threads; allocated CPUs 21
rank 1481 on c559.nibi.sharcnet: 1 pinned threads; allocated CPUs 137
rank 1239 on c455.nibi.sharcnet: 1 pinned threads; allocated CPUs 87
rank 1485 on c559.nibi.sharcnet: 1 pinned threads; allocated CPUs 141
rank 1240 on c455.nibi.sharcnet: 1 pinned threads; allocated CPUs 88
rank 1500 on c559.nibi.sharcnet: 1 pinned threads; allocated CPUs 156
rank 1242 on c455.nibi.sharcnet: 1 pinned threads; allocated CPUs 90
rank 94 on c120.nibi.sharcnet: 1 pinned threads; allocated CPUs 94
rank 982 on c409.nibi.sharcnet: 1 pinned threads; allocated CPUs 22
rank 1243 on c455.nibi.sharcnet: 1 pinned threads; allocated CPUs 91
rank 95 on c120.nibi.sharcnet: 1 pinned threads; allocated CPUs 95
rank 1244 on c455.nibi.sharcnet: 1 pinned threads; allocated CPUs 92
rank 987 on c409.nibi.sharcnet: 1 pinned threads; allocated CPUs 27
rank 989 on c409.nibi.sharcnet: 1 pinned threads; allocated CPUs 29
rank 3017 on c585.nibi.sharcnet: 1 pinned threads; allocated CPUs 137
rank 1 on c120.nibi.sharcnet: 1 pinned threads; allocated CPUs 1
rank 991 on c409.nibi.sharcnet: 1 pinned threads; allocated CPUs 31
rank 995 on c409.nibi.sharcnet: 1 pinned threads; allocated CPUs 35
rank 3018 on c585.nibi.sharcnet: 1 pinned threads; allocated CPUs 138
rank 997 on c409.nibi.sharcnet: 1 pinned threads; allocated CPUs 37
rank 3019 on c585.nibi.sharcnet: 1 pinned threads; allocated CPUs 139
rank 1504 on c559.nibi.sharcnet: 1 pinned threads; allocated CPUs 160
rank 1245 on c455.nibi.sharcnet: 1 pinned threads; allocated CPUs 93
rank 1505 on c559.nibi.sharcnet: 1 pinned threads; allocated CPUs 161
rank 1246 on c455.nibi.sharcnet: 1 pinned threads; allocated CPUs 94
rank 1509 on c559.nibi.sharcnet: 1 pinned threads; allocated CPUs 165
rank 78 on c120.nibi.sharcnet: 1 pinned threads; allocated CPUs 78
rank 1513 on c559.nibi.sharcnet: 1 pinned threads; allocated CPUs 169
rank 83 on c120.nibi.sharcnet: 1 pinned threads; allocated CPUs 83
rank 998 on c409.nibi.sharcnet: 1 pinned threads; allocated CPUs 38
rank 3020 on c585.nibi.sharcnet: 1 pinned threads; allocated CPUs 140
rank 1516 on c559.nibi.sharcnet: 1 pinned threads; allocated CPUs 172
rank 1247 on c455.nibi.sharcnet: 1 pinned threads; allocated CPUs 95
rank 1523 on c559.nibi.sharcnet: 1 pinned threads; allocated CPUs 179
rank 1248 on c455.nibi.sharcnet: 1 pinned threads; allocated CPUs 96
rank 17 on c120.nibi.sharcnet: 1 pinned threads; allocated CPUs 17
rank 1025 on c409.nibi.sharcnet: 1 pinned threads; allocated CPUs 65
rank 1026 on c409.nibi.sharcnet: 1 pinned threads; allocated CPUs 66
rank 3021 on c585.nibi.sharcnet: 1 pinned threads; allocated CPUs 141
rank 37 on c120.nibi.sharcnet: 1 pinned threads; allocated CPUs 37
rank 1030 on c409.nibi.sharcnet: 1 pinned threads; allocated CPUs 70
rank 1249 on c455.nibi.sharcnet: 1 pinned threads; allocated CPUs 97
rank 1036 on c409.nibi.sharcnet: 1 pinned threads; allocated CPUs 76
rank 1528 on c559.nibi.sharcnet: 1 pinned threads; allocated CPUs 184
rank 1250 on c455.nibi.sharcnet: 1 pinned threads; allocated CPUs 98
rank 1529 on c559.nibi.sharcnet: 1 pinned threads; allocated CPUs 185
rank 1251 on c455.nibi.sharcnet: 1 pinned threads; allocated CPUs 99
rank 14 on c120.nibi.sharcnet: 1 pinned threads; allocated CPUs 14
rank 1037 on c409.nibi.sharcnet: 1 pinned threads; allocated CPUs 77
rank 68 on c120.nibi.sharcnet: 1 pinned threads; allocated CPUs 68
rank 1038 on c409.nibi.sharcnet: 1 pinned threads; allocated CPUs 78
rank 1044 on c409.nibi.sharcnet: 1 pinned threads; allocated CPUs 84
rank 3022 on c585.nibi.sharcnet: 1 pinned threads; allocated CPUs 142
rank 1045 on c409.nibi.sharcnet: 1 pinned threads; allocated CPUs 85
rank 3023 on c585.nibi.sharcnet: 1 pinned threads; allocated CPUs 143
rank 15 on c120.nibi.sharcnet: 1 pinned threads; allocated CPUs 15
rank 1047 on c409.nibi.sharcnet: 1 pinned threads; allocated CPUs 87
rank 1531 on c559.nibi.sharcnet: 1 pinned threads; allocated CPUs 187
rank 1252 on c455.nibi.sharcnet: 1 pinned threads; allocated CPUs 100
rank 1532 on c559.nibi.sharcnet: 1 pinned threads; allocated CPUs 188
rank 1253 on c455.nibi.sharcnet: 1 pinned threads; allocated CPUs 101
rank 1535 on c559.nibi.sharcnet: 1 pinned threads; allocated CPUs 191
rank 10 on c120.nibi.sharcnet: 1 pinned threads; allocated CPUs 10
rank 1048 on c409.nibi.sharcnet: 1 pinned threads; allocated CPUs 88
rank 3024 on c585.nibi.sharcnet: 1 pinned threads; allocated CPUs 144
rank 3 on c120.nibi.sharcnet: 1 pinned threads; allocated CPUs 3
rank 1053 on c409.nibi.sharcnet: 1 pinned threads; allocated CPUs 93
rank 1344 on c559.nibi.sharcnet: 1 pinned threads; allocated CPUs 0
rank 1254 on c455.nibi.sharcnet: 1 pinned threads; allocated CPUs 102
rank 1350 on c559.nibi.sharcnet: 1 pinned threads; allocated CPUs 6
rank 1255 on c455.nibi.sharcnet: 1 pinned threads; allocated CPUs 103
rank 22 on c120.nibi.sharcnet: 1 pinned threads; allocated CPUs 22
rank 1054 on c409.nibi.sharcnet: 1 pinned threads; allocated CPUs 94
rank 961 on c409.nibi.sharcnet: 1 pinned threads; allocated CPUs 1
rank 3025 on c585.nibi.sharcnet: 1 pinned threads; allocated CPUs 145
rank 1351 on c559.nibi.sharcnet: 1 pinned threads; allocated CPUs 7
rank 1256 on c455.nibi.sharcnet: 1 pinned threads; allocated CPUs 104
rank 1358 on c559.nibi.sharcnet: 1 pinned threads; allocated CPUs 14
rank 1257 on c455.nibi.sharcnet: 1 pinned threads; allocated CPUs 105
rank 1359 on c559.nibi.sharcnet: 1 pinned threads; allocated CPUs 15
rank 1258 on c455.nibi.sharcnet: 1 pinned threads; allocated CPUs 106
rank 19 on c120.nibi.sharcnet: 1 pinned threads; allocated CPUs 19
rank 962 on c409.nibi.sharcnet: 1 pinned threads; allocated CPUs 2
rank 2 on c120.nibi.sharcnet: 1 pinned threads; allocated CPUs 2
rank 966 on c409.nibi.sharcnet: 1 pinned threads; allocated CPUs 6
rank 983 on c409.nibi.sharcnet: 1 pinned threads; allocated CPUs 23
rank 3026 on c585.nibi.sharcnet: 1 pinned threads; allocated CPUs 146
rank 985 on c409.nibi.sharcnet: 1 pinned threads; allocated CPUs 25
rank 3027 on c585.nibi.sharcnet: 1 pinned threads; allocated CPUs 147
rank 26 on c120.nibi.sharcnet: 1 pinned threads; allocated CPUs 26
rank 986 on c409.nibi.sharcnet: 1 pinned threads; allocated CPUs 26
rank 1363 on c559.nibi.sharcnet: 1 pinned threads; allocated CPUs 19
rank 1259 on c455.nibi.sharcnet: 1 pinned threads; allocated CPUs 107
rank 1364 on c559.nibi.sharcnet: 1 pinned threads; allocated CPUs 20
rank 1260 on c455.nibi.sharcnet: 1 pinned threads; allocated CPUs 108
rank 6 on c120.nibi.sharcnet: 1 pinned threads; allocated CPUs 6
rank 1027 on c409.nibi.sharcnet: 1 pinned threads; allocated CPUs 67
rank 1028 on c409.nibi.sharcnet: 1 pinned threads; allocated CPUs 68
rank 3028 on c585.nibi.sharcnet: 1 pinned threads; allocated CPUs 148
rank 1034 on c409.nibi.sharcnet: 1 pinned threads; allocated CPUs 74
rank 3029 on c585.nibi.sharcnet: 1 pinned threads; allocated CPUs 149
rank 54 on c120.nibi.sharcnet: 1 pinned threads; allocated CPUs 54
rank 1039 on c409.nibi.sharcnet: 1 pinned threads; allocated CPUs 79
rank 1373 on c559.nibi.sharcnet: 1 pinned threads; allocated CPUs 29
rank 1261 on c455.nibi.sharcnet: 1 pinned threads; allocated CPUs 109
rank 1374 on c559.nibi.sharcnet: 1 pinned threads; allocated CPUs 30
rank 1262 on c455.nibi.sharcnet: 1 pinned threads; allocated CPUs 110
rank 1407 on c559.nibi.sharcnet: 1 pinned threads; allocated CPUs 63
rank 1263 on c455.nibi.sharcnet: 1 pinned threads; allocated CPUs 111
rank 12 on c120.nibi.sharcnet: 1 pinned threads; allocated CPUs 12
rank 1043 on c409.nibi.sharcnet: 1 pinned threads; allocated CPUs 83
rank 24 on c120.nibi.sharcnet: 1 pinned threads; allocated CPUs 24
rank 1046 on c409.nibi.sharcnet: 1 pinned threads; allocated CPUs 86
rank 1051 on c409.nibi.sharcnet: 1 pinned threads; allocated CPUs 91
rank 3030 on c585.nibi.sharcnet: 1 pinned threads; allocated CPUs 150
rank 1408 on c559.nibi.sharcnet: 1 pinned threads; allocated CPUs 64
rank 1264 on c455.nibi.sharcnet: 1 pinned threads; allocated CPUs 112
rank 1411 on c559.nibi.sharcnet: 1 pinned threads; allocated CPUs 67
rank 1265 on c455.nibi.sharcnet: 1 pinned threads; allocated CPUs 113
rank 1266 on c455.nibi.sharcnet: 1 pinned threads; allocated CPUs 114
rank 8 on c120.nibi.sharcnet: 1 pinned threads; allocated CPUs 8
rank 4 on c120.nibi.sharcnet: 1 pinned threads; allocated CPUs 4
rank 1052 on c409.nibi.sharcnet: 1 pinned threads; allocated CPUs 92
rank 964 on c409.nibi.sharcnet: 1 pinned threads; allocated CPUs 4
rank 3031 on c585.nibi.sharcnet: 1 pinned threads; allocated CPUs 151
rank 971 on c409.nibi.sharcnet: 1 pinned threads; allocated CPUs 11
rank 3032 on c585.nibi.sharcnet: 1 pinned threads; allocated CPUs 152
rank 11 on c120.nibi.sharcnet: 1 pinned threads; allocated CPUs 11
rank 979 on c409.nibi.sharcnet: 1 pinned threads; allocated CPUs 19
rank 1429 on c559.nibi.sharcnet: 1 pinned threads; allocated CPUs 85
rank 1267 on c455.nibi.sharcnet: 1 pinned threads; allocated CPUs 115
rank 1442 on c559.nibi.sharcnet: 1 pinned threads; allocated CPUs 98
rank 1268 on c455.nibi.sharcnet: 1 pinned threads; allocated CPUs 116
rank 1443 on c559.nibi.sharcnet: 1 pinned threads; allocated CPUs 99
rank 61 on c120.nibi.sharcnet: 1 pinned threads; allocated CPUs 61
rank 990 on c409.nibi.sharcnet: 1 pinned threads; allocated CPUs 30
rank 3033 on c585.nibi.sharcnet: 1 pinned threads; allocated CPUs 153
rank 963 on c409.nibi.sharcnet: 1 pinned threads; allocated CPUs 3
rank 3034 on c585.nibi.sharcnet: 1 pinned threads; allocated CPUs 154
rank 16 on c120.nibi.sharcnet: 1 pinned threads; allocated CPUs 16
rank 1020 on c409.nibi.sharcnet: 1 pinned threads; allocated CPUs 60
rank 965 on c409.nibi.sharcnet: 1 pinned threads; allocated CPUs 5
rank 3035 on c585.nibi.sharcnet: 1 pinned threads; allocated CPUs 155
rank 1444 on c559.nibi.sharcnet: 1 pinned threads; allocated CPUs 100
rank 1269 on c455.nibi.sharcnet: 1 pinned threads; allocated CPUs 117
rank 1445 on c559.nibi.sharcnet: 1 pinned threads; allocated CPUs 101
rank 1270 on c455.nibi.sharcnet: 1 pinned threads; allocated CPUs 118
rank 1448 on c559.nibi.sharcnet: 1 pinned threads; allocated CPUs 104
rank 1271 on c455.nibi.sharcnet: 1 pinned threads; allocated CPUs 119
rank 13 on c120.nibi.sharcnet: 1 pinned threads; allocated CPUs 13
rank 3036 on c585.nibi.sharcnet: 1 pinned threads; allocated CPUs 156
rank 28 on c120.nibi.sharcnet: 1 pinned threads; allocated CPUs 28
rank 3037 on c585.nibi.sharcnet: 1 pinned threads; allocated CPUs 157
rank 1272 on c455.nibi.sharcnet: 1 pinned threads; allocated CPUs 120
rank 3038 on c585.nibi.sharcnet: 1 pinned threads; allocated CPUs 158
rank 1450 on c559.nibi.sharcnet: 1 pinned threads; allocated CPUs 106
rank 1273 on c455.nibi.sharcnet: 1 pinned threads; allocated CPUs 121
rank 1456 on c559.nibi.sharcnet: 1 pinned threads; allocated CPUs 112
rank 1274 on c455.nibi.sharcnet: 1 pinned threads; allocated CPUs 122
rank 1457 on c559.nibi.sharcnet: 1 pinned threads; allocated CPUs 113
rank 23 on c120.nibi.sharcnet: 1 pinned threads; allocated CPUs 23
rank 1458 on c559.nibi.sharcnet: 1 pinned threads; allocated CPUs 114
rank 1275 on c455.nibi.sharcnet: 1 pinned threads; allocated CPUs 123
rank 29 on c120.nibi.sharcnet: 1 pinned threads; allocated CPUs 29
rank 3039 on c585.nibi.sharcnet: 1 pinned threads; allocated CPUs 159
rank 1276 on c455.nibi.sharcnet: 1 pinned threads; allocated CPUs 124
rank 3040 on c585.nibi.sharcnet: 1 pinned threads; allocated CPUs 160
rank 1465 on c559.nibi.sharcnet: 1 pinned threads; allocated CPUs 121
rank 31 on c120.nibi.sharcnet: 1 pinned threads; allocated CPUs 31
rank 1466 on c559.nibi.sharcnet: 1 pinned threads; allocated CPUs 122
rank 3041 on c585.nibi.sharcnet: 1 pinned threads; allocated CPUs 161
rank 1277 on c455.nibi.sharcnet: 1 pinned threads; allocated CPUs 125
rank 7 on c120.nibi.sharcnet: 1 pinned threads; allocated CPUs 7
rank 1471 on c559.nibi.sharcnet: 1 pinned threads; allocated CPUs 127
rank 3042 on c585.nibi.sharcnet: 1 pinned threads; allocated CPUs 162
rank 3043 on c585.nibi.sharcnet: 1 pinned threads; allocated CPUs 163
rank 807 on c145.nibi.sharcnet: 1 pinned threads; allocated CPUs 39
rank 1278 on c455.nibi.sharcnet: 1 pinned threads; allocated CPUs 126
rank 9 on c120.nibi.sharcnet: 1 pinned threads; allocated CPUs 9
rank 1279 on c455.nibi.sharcnet: 1 pinned threads; allocated CPUs 127
rank 3044 on c585.nibi.sharcnet: 1 pinned threads; allocated CPUs 164
rank 1476 on c559.nibi.sharcnet: 1 pinned threads; allocated CPUs 132
rank 3045 on c585.nibi.sharcnet: 1 pinned threads; allocated CPUs 165
rank 30 on c120.nibi.sharcnet: 1 pinned threads; allocated CPUs 30
rank 3046 on c585.nibi.sharcnet: 1 pinned threads; allocated CPUs 166
rank 3047 on c585.nibi.sharcnet: 1 pinned threads; allocated CPUs 167
rank 928 on c145.nibi.sharcnet: 1 pinned threads; allocated CPUs 160
rank 1280 on c455.nibi.sharcnet: 1 pinned threads; allocated CPUs 128
rank 3048 on c585.nibi.sharcnet: 1 pinned threads; allocated CPUs 168
rank 1478 on c559.nibi.sharcnet: 1 pinned threads; allocated CPUs 134
rank 18 on c120.nibi.sharcnet: 1 pinned threads; allocated CPUs 18
rank 1479 on c559.nibi.sharcnet: 1 pinned threads; allocated CPUs 135
rank 3049 on c585.nibi.sharcnet: 1 pinned threads; allocated CPUs 169
rank 3050 on c585.nibi.sharcnet: 1 pinned threads; allocated CPUs 170
rank 822 on c145.nibi.sharcnet: 1 pinned threads; allocated CPUs 54
rank 1281 on c455.nibi.sharcnet: 1 pinned threads; allocated CPUs 129
rank 21 on c120.nibi.sharcnet: 1 pinned threads; allocated CPUs 21
rank 1282 on c455.nibi.sharcnet: 1 pinned threads; allocated CPUs 130
rank 3051 on c585.nibi.sharcnet: 1 pinned threads; allocated CPUs 171
rank 1283 on c455.nibi.sharcnet: 1 pinned threads; allocated CPUs 131
rank 3052 on c585.nibi.sharcnet: 1 pinned threads; allocated CPUs 172
rank 1480 on c559.nibi.sharcnet: 1 pinned threads; allocated CPUs 136
rank 27 on c120.nibi.sharcnet: 1 pinned threads; allocated CPUs 27
rank 1483 on c559.nibi.sharcnet: 1 pinned threads; allocated CPUs 139
rank 3053 on c585.nibi.sharcnet: 1 pinned threads; allocated CPUs 173
rank 1484 on c559.nibi.sharcnet: 1 pinned threads; allocated CPUs 140
rank 1284 on c455.nibi.sharcnet: 1 pinned threads; allocated CPUs 132
rank 1285 on c455.nibi.sharcnet: 1 pinned threads; allocated CPUs 133
rank 20 on c120.nibi.sharcnet: 1 pinned threads; allocated CPUs 20
rank 1494 on c559.nibi.sharcnet: 1 pinned threads; allocated CPUs 150
rank 3054 on c585.nibi.sharcnet: 1 pinned threads; allocated CPUs 174
rank 35 on c120.nibi.sharcnet: 1 pinned threads; allocated CPUs 35
rank 3055 on c585.nibi.sharcnet: 1 pinned threads; allocated CPUs 175
rank 1495 on c559.nibi.sharcnet: 1 pinned threads; allocated CPUs 151
rank 3056 on c585.nibi.sharcnet: 1 pinned threads; allocated CPUs 176
rank 1286 on c455.nibi.sharcnet: 1 pinned threads; allocated CPUs 134
rank 3057 on c585.nibi.sharcnet: 1 pinned threads; allocated CPUs 177
rank 1506 on c559.nibi.sharcnet: 1 pinned threads; allocated CPUs 162
rank 1287 on c455.nibi.sharcnet: 1 pinned threads; allocated CPUs 135
rank 3058 on c585.nibi.sharcnet: 1 pinned threads; allocated CPUs 178
rank 810 on c145.nibi.sharcnet: 1 pinned threads; allocated CPUs 42
rank 1508 on c559.nibi.sharcnet: 1 pinned threads; allocated CPUs 164
rank 3060 on c585.nibi.sharcnet: 1 pinned threads; allocated CPUs 180
rank 3061 on c585.nibi.sharcnet: 1 pinned threads; allocated CPUs 181
rank 817 on c145.nibi.sharcnet: 1 pinned threads; allocated CPUs 49
rank 3063 on c585.nibi.sharcnet: 1 pinned threads; allocated CPUs 183
rank 930 on c145.nibi.sharcnet: 1 pinned threads; allocated CPUs 162
rank 1510 on c559.nibi.sharcnet: 1 pinned threads; allocated CPUs 166
rank 1288 on c455.nibi.sharcnet: 1 pinned threads; allocated CPUs 136
rank 1289 on c455.nibi.sharcnet: 1 pinned threads; allocated CPUs 137
rank 3064 on c585.nibi.sharcnet: 1 pinned threads; allocated CPUs 184
rank 3065 on c585.nibi.sharcnet: 1 pinned threads; allocated CPUs 185
rank 945 on c145.nibi.sharcnet: 1 pinned threads; allocated CPUs 177
rank 3066 on c585.nibi.sharcnet: 1 pinned threads; allocated CPUs 186
rank 868 on c145.nibi.sharcnet: 1 pinned threads; allocated CPUs 100
rank 3067 on c585.nibi.sharcnet: 1 pinned threads; allocated CPUs 187
rank 809 on c145.nibi.sharcnet: 1 pinned threads; allocated CPUs 41
rank 3068 on c585.nibi.sharcnet: 1 pinned threads; allocated CPUs 188
rank 808 on c145.nibi.sharcnet: 1 pinned threads; allocated CPUs 40
rank 1511 on c559.nibi.sharcnet: 1 pinned threads; allocated CPUs 167
rank 3069 on c585.nibi.sharcnet: 1 pinned threads; allocated CPUs 189
rank 1290 on c455.nibi.sharcnet: 1 pinned threads; allocated CPUs 138
rank 3070 on c585.nibi.sharcnet: 1 pinned threads; allocated CPUs 190
rank 1291 on c455.nibi.sharcnet: 1 pinned threads; allocated CPUs 139
rank 3071 on c585.nibi.sharcnet: 1 pinned threads; allocated CPUs 191
rank 2880 on c585.nibi.sharcnet: 1 pinned threads; allocated CPUs 0
rank 831 on c145.nibi.sharcnet: 1 pinned threads; allocated CPUs 63
rank 2882 on c585.nibi.sharcnet: 1 pinned threads; allocated CPUs 2
rank 800 on c145.nibi.sharcnet: 1 pinned threads; allocated CPUs 32
rank 1514 on c559.nibi.sharcnet: 1 pinned threads; allocated CPUs 170
rank 1292 on c455.nibi.sharcnet: 1 pinned threads; allocated CPUs 140
rank 1515 on c559.nibi.sharcnet: 1 pinned threads; allocated CPUs 171
rank 2885 on c585.nibi.sharcnet: 1 pinned threads; allocated CPUs 5
rank 2887 on c585.nibi.sharcnet: 1 pinned threads; allocated CPUs 7
rank 804 on c145.nibi.sharcnet: 1 pinned threads; allocated CPUs 36
rank 2890 on c585.nibi.sharcnet: 1 pinned threads; allocated CPUs 10
rank 830 on c145.nibi.sharcnet: 1 pinned threads; allocated CPUs 62
rank 2891 on c585.nibi.sharcnet: 1 pinned threads; allocated CPUs 11
rank 841 on c145.nibi.sharcnet: 1 pinned threads; allocated CPUs 73
rank 1518 on c559.nibi.sharcnet: 1 pinned threads; allocated CPUs 174
rank 1293 on c455.nibi.sharcnet: 1 pinned threads; allocated CPUs 141
rank 1519 on c559.nibi.sharcnet: 1 pinned threads; allocated CPUs 175
rank 1294 on c455.nibi.sharcnet: 1 pinned threads; allocated CPUs 142
rank 2892 on c585.nibi.sharcnet: 1 pinned threads; allocated CPUs 12
rank 921 on c145.nibi.sharcnet: 1 pinned threads; allocated CPUs 153
rank 1295 on c455.nibi.sharcnet: 1 pinned threads; allocated CPUs 143
rank 2894 on c585.nibi.sharcnet: 1 pinned threads; allocated CPUs 14
rank 1296 on c455.nibi.sharcnet: 1 pinned threads; allocated CPUs 144
rank 2896 on c585.nibi.sharcnet: 1 pinned threads; allocated CPUs 16
rank 2899 on c585.nibi.sharcnet: 1 pinned threads; allocated CPUs 19
rank 780 on c145.nibi.sharcnet: 1 pinned threads; allocated CPUs 12
rank 1297 on c455.nibi.sharcnet: 1 pinned threads; allocated CPUs 145
rank 2900 on c585.nibi.sharcnet: 1 pinned threads; allocated CPUs 20
rank 2904 on c585.nibi.sharcnet: 1 pinned threads; allocated CPUs 24
rank 793 on c145.nibi.sharcnet: 1 pinned threads; allocated CPUs 25
rank 1525 on c559.nibi.sharcnet: 1 pinned threads; allocated CPUs 181
rank 2908 on c585.nibi.sharcnet: 1 pinned threads; allocated CPUs 28
rank 1533 on c559.nibi.sharcnet: 1 pinned threads; allocated CPUs 189
rank 2910 on c585.nibi.sharcnet: 1 pinned threads; allocated CPUs 30
rank 1347 on c559.nibi.sharcnet: 1 pinned threads; allocated CPUs 3
rank 2935 on c585.nibi.sharcnet: 1 pinned threads; allocated CPUs 55
rank 1298 on c455.nibi.sharcnet: 1 pinned threads; allocated CPUs 146
rank 2945 on c585.nibi.sharcnet: 1 pinned threads; allocated CPUs 65
rank 2946 on c585.nibi.sharcnet: 1 pinned threads; allocated CPUs 66
rank 802 on c145.nibi.sharcnet: 1 pinned threads; allocated CPUs 34
rank 1446 on c559.nibi.sharcnet: 1 pinned threads; allocated CPUs 102
rank 1299 on c455.nibi.sharcnet: 1 pinned threads; allocated CPUs 147
rank 2949 on c585.nibi.sharcnet: 1 pinned threads; allocated CPUs 69
rank 813 on c145.nibi.sharcnet: 1 pinned threads; allocated CPUs 45
rank 1507 on c559.nibi.sharcnet: 1 pinned threads; allocated CPUs 163
rank 1300 on c455.nibi.sharcnet: 1 pinned threads; allocated CPUs 148
rank 2950 on c585.nibi.sharcnet: 1 pinned threads; allocated CPUs 70
rank 818 on c145.nibi.sharcnet: 1 pinned threads; allocated CPUs 50
rank 1517 on c559.nibi.sharcnet: 1 pinned threads; allocated CPUs 173
rank 2951 on c585.nibi.sharcnet: 1 pinned threads; allocated CPUs 71
rank 2952 on c585.nibi.sharcnet: 1 pinned threads; allocated CPUs 72
rank 834 on c145.nibi.sharcnet: 1 pinned threads; allocated CPUs 66
rank 1520 on c559.nibi.sharcnet: 1 pinned threads; allocated CPUs 176
rank 1301 on c455.nibi.sharcnet: 1 pinned threads; allocated CPUs 149
rank 1302 on c455.nibi.sharcnet: 1 pinned threads; allocated CPUs 150
rank 2955 on c585.nibi.sharcnet: 1 pinned threads; allocated CPUs 75
rank 2957 on c585.nibi.sharcnet: 1 pinned threads; allocated CPUs 77
rank 778 on c145.nibi.sharcnet: 1 pinned threads; allocated CPUs 10
rank 1521 on c559.nibi.sharcnet: 1 pinned threads; allocated CPUs 177
rank 2958 on c585.nibi.sharcnet: 1 pinned threads; allocated CPUs 78
rank 2959 on c585.nibi.sharcnet: 1 pinned threads; allocated CPUs 79
rank 782 on c145.nibi.sharcnet: 1 pinned threads; allocated CPUs 14
rank 1303 on c455.nibi.sharcnet: 1 pinned threads; allocated CPUs 151
rank 2960 on c585.nibi.sharcnet: 1 pinned threads; allocated CPUs 80
rank 2961 on c585.nibi.sharcnet: 1 pinned threads; allocated CPUs 81
rank 786 on c145.nibi.sharcnet: 1 pinned threads; allocated CPUs 18
rank 2962 on c585.nibi.sharcnet: 1 pinned threads; allocated CPUs 82
rank 788 on c145.nibi.sharcnet: 1 pinned threads; allocated CPUs 20
rank 1522 on c559.nibi.sharcnet: 1 pinned threads; allocated CPUs 178
rank 1304 on c455.nibi.sharcnet: 1 pinned threads; allocated CPUs 152
rank 1526 on c559.nibi.sharcnet: 1 pinned threads; allocated CPUs 182
rank 2963 on c585.nibi.sharcnet: 1 pinned threads; allocated CPUs 83
rank 2965 on c585.nibi.sharcnet: 1 pinned threads; allocated CPUs 85
rank 790 on c145.nibi.sharcnet: 1 pinned threads; allocated CPUs 22
rank 2966 on c585.nibi.sharcnet: 1 pinned threads; allocated CPUs 86
rank 801 on c145.nibi.sharcnet: 1 pinned threads; allocated CPUs 33
rank 2968 on c585.nibi.sharcnet: 1 pinned threads; allocated CPUs 88
rank 806 on c145.nibi.sharcnet: 1 pinned threads; allocated CPUs 38
rank 1305 on c455.nibi.sharcnet: 1 pinned threads; allocated CPUs 153
rank 2974 on c585.nibi.sharcnet: 1 pinned threads; allocated CPUs 94
rank 2975 on c585.nibi.sharcnet: 1 pinned threads; allocated CPUs 95
rank 828 on c145.nibi.sharcnet: 1 pinned threads; allocated CPUs 60
rank 2990 on c585.nibi.sharcnet: 1 pinned threads; allocated CPUs 110
rank 846 on c145.nibi.sharcnet: 1 pinned threads; allocated CPUs 78
rank 3059 on c585.nibi.sharcnet: 1 pinned threads; allocated CPUs 179
rank 853 on c145.nibi.sharcnet: 1 pinned threads; allocated CPUs 85
rank 1392 on c559.nibi.sharcnet: 1 pinned threads; allocated CPUs 48
rank 1306 on c455.nibi.sharcnet: 1 pinned threads; allocated CPUs 154
rank 1463 on c559.nibi.sharcnet: 1 pinned threads; allocated CPUs 119
rank 1307 on c455.nibi.sharcnet: 1 pinned threads; allocated CPUs 155
rank 3062 on c585.nibi.sharcnet: 1 pinned threads; allocated CPUs 182
rank 769 on c145.nibi.sharcnet: 1 pinned threads; allocated CPUs 1
rank 2883 on c585.nibi.sharcnet: 1 pinned threads; allocated CPUs 3
rank 772 on c145.nibi.sharcnet: 1 pinned threads; allocated CPUs 4
rank 2884 on c585.nibi.sharcnet: 1 pinned threads; allocated CPUs 4
rank 784 on c145.nibi.sharcnet: 1 pinned threads; allocated CPUs 16
rank 1534 on c559.nibi.sharcnet: 1 pinned threads; allocated CPUs 190
rank 2886 on c585.nibi.sharcnet: 1 pinned threads; allocated CPUs 6
rank 1441 on c559.nibi.sharcnet: 1 pinned threads; allocated CPUs 97
rank 2898 on c585.nibi.sharcnet: 1 pinned threads; allocated CPUs 18
rank 1527 on c559.nibi.sharcnet: 1 pinned threads; allocated CPUs 183
rank 2902 on c585.nibi.sharcnet: 1 pinned threads; allocated CPUs 22
rank 2909 on c585.nibi.sharcnet: 1 pinned threads; allocated CPUs 29
rank 791 on c145.nibi.sharcnet: 1 pinned threads; allocated CPUs 23
rank 2911 on c585.nibi.sharcnet: 1 pinned threads; allocated CPUs 31
rank 798 on c145.nibi.sharcnet: 1 pinned threads; allocated CPUs 30
rank 1452 on c559.nibi.sharcnet: 1 pinned threads; allocated CPUs 108
rank 1308 on c455.nibi.sharcnet: 1 pinned threads; allocated CPUs 156
rank 1404 on c559.nibi.sharcnet: 1 pinned threads; allocated CPUs 60
rank 1309 on c455.nibi.sharcnet: 1 pinned threads; allocated CPUs 157
rank 1310 on c455.nibi.sharcnet: 1 pinned threads; allocated CPUs 158
rank 2927 on c585.nibi.sharcnet: 1 pinned threads; allocated CPUs 47
rank 1360 on c559.nibi.sharcnet: 1 pinned threads; allocated CPUs 16
rank 2944 on c585.nibi.sharcnet: 1 pinned threads; allocated CPUs 64
rank 2953 on c585.nibi.sharcnet: 1 pinned threads; allocated CPUs 73
rank 805 on c145.nibi.sharcnet: 1 pinned threads; allocated CPUs 37
rank 1455 on c559.nibi.sharcnet: 1 pinned threads; allocated CPUs 111
rank 2964 on c585.nibi.sharcnet: 1 pinned threads; allocated CPUs 84
rank 1311 on c455.nibi.sharcnet: 1 pinned threads; allocated CPUs 159
rank 2969 on c585.nibi.sharcnet: 1 pinned threads; allocated CPUs 89
rank 1312 on c455.nibi.sharcnet: 1 pinned threads; allocated CPUs 160
rank 2971 on c585.nibi.sharcnet: 1 pinned threads; allocated CPUs 91
rank 1451 on c559.nibi.sharcnet: 1 pinned threads; allocated CPUs 107
rank 1313 on c455.nibi.sharcnet: 1 pinned threads; allocated CPUs 161
rank 1314 on c455.nibi.sharcnet: 1 pinned threads; allocated CPUs 162
rank 2881 on c585.nibi.sharcnet: 1 pinned threads; allocated CPUs 1
rank 2973 on c585.nibi.sharcnet: 1 pinned threads; allocated CPUs 93
rank 815 on c145.nibi.sharcnet: 1 pinned threads; allocated CPUs 47
rank 1430 on c559.nibi.sharcnet: 1 pinned threads; allocated CPUs 86
rank 1315 on c455.nibi.sharcnet: 1 pinned threads; allocated CPUs 163
rank 2947 on c585.nibi.sharcnet: 1 pinned threads; allocated CPUs 67
rank 819 on c145.nibi.sharcnet: 1 pinned threads; allocated CPUs 51
rank 1316 on c455.nibi.sharcnet: 1 pinned threads; allocated CPUs 164
rank 2948 on c585.nibi.sharcnet: 1 pinned threads; allocated CPUs 68
rank 2970 on c585.nibi.sharcnet: 1 pinned threads; allocated CPUs 90
rank 821 on c145.nibi.sharcnet: 1 pinned threads; allocated CPUs 53
rank 2923 on c585.nibi.sharcnet: 1 pinned threads; allocated CPUs 43
rank 823 on c145.nibi.sharcnet: 1 pinned threads; allocated CPUs 55
rank 2903 on c585.nibi.sharcnet: 1 pinned threads; allocated CPUs 23
rank 827 on c145.nibi.sharcnet: 1 pinned threads; allocated CPUs 59
rank 1317 on c455.nibi.sharcnet: 1 pinned threads; allocated CPUs 165
rank 2897 on c585.nibi.sharcnet: 1 pinned threads; allocated CPUs 17
rank 2893 on c585.nibi.sharcnet: 1 pinned threads; allocated CPUs 13
rank 840 on c145.nibi.sharcnet: 1 pinned threads; allocated CPUs 72
rank 2936 on c585.nibi.sharcnet: 1 pinned threads; allocated CPUs 56
rank 845 on c145.nibi.sharcnet: 1 pinned threads; allocated CPUs 77
rank 2940 on c585.nibi.sharcnet: 1 pinned threads; allocated CPUs 60
rank 770 on c145.nibi.sharcnet: 1 pinned threads; allocated CPUs 2
rank 1318 on c455.nibi.sharcnet: 1 pinned threads; allocated CPUs 166
rank 2907 on c585.nibi.sharcnet: 1 pinned threads; allocated CPUs 27
rank 1319 on c455.nibi.sharcnet: 1 pinned threads; allocated CPUs 167
rank 2916 on c585.nibi.sharcnet: 1 pinned threads; allocated CPUs 36
rank 2925 on c585.nibi.sharcnet: 1 pinned threads; allocated CPUs 45
rank 774 on c145.nibi.sharcnet: 1 pinned threads; allocated CPUs 6
rank 2888 on c585.nibi.sharcnet: 1 pinned threads; allocated CPUs 8
rank 779 on c145.nibi.sharcnet: 1 pinned threads; allocated CPUs 11
rank 2967 on c585.nibi.sharcnet: 1 pinned threads; allocated CPUs 87
rank 795 on c145.nibi.sharcnet: 1 pinned threads; allocated CPUs 27
rank 1320 on c455.nibi.sharcnet: 1 pinned threads; allocated CPUs 168
rank 2972 on c585.nibi.sharcnet: 1 pinned threads; allocated CPUs 92
rank 1321 on c455.nibi.sharcnet: 1 pinned threads; allocated CPUs 169
rank 2895 on c585.nibi.sharcnet: 1 pinned threads; allocated CPUs 15
rank 2954 on c585.nibi.sharcnet: 1 pinned threads; allocated CPUs 74
rank 799 on c145.nibi.sharcnet: 1 pinned threads; allocated CPUs 31
rank 2956 on c585.nibi.sharcnet: 1 pinned threads; allocated CPUs 76
rank 814 on c145.nibi.sharcnet: 1 pinned threads; allocated CPUs 46
rank 1322 on c455.nibi.sharcnet: 1 pinned threads; allocated CPUs 170
rank 826 on c145.nibi.sharcnet: 1 pinned threads; allocated CPUs 58
rank 833 on c145.nibi.sharcnet: 1 pinned threads; allocated CPUs 65
rank 1627 on c567.nibi.sharcnet: 1 pinned threads; allocated CPUs 91
rank 835 on c145.nibi.sharcnet: 1 pinned threads; allocated CPUs 67
rank 1629 on c567.nibi.sharcnet: 1 pinned threads; allocated CPUs 93
rank 836 on c145.nibi.sharcnet: 1 pinned threads; allocated CPUs 68
rank 1631 on c567.nibi.sharcnet: 1 pinned threads; allocated CPUs 95
rank 837 on c145.nibi.sharcnet: 1 pinned threads; allocated CPUs 69
rank 1561 on c567.nibi.sharcnet: 1 pinned threads; allocated CPUs 25
rank 1323 on c455.nibi.sharcnet: 1 pinned threads; allocated CPUs 171
rank 839 on c145.nibi.sharcnet: 1 pinned threads; allocated CPUs 71
rank 1324 on c455.nibi.sharcnet: 1 pinned threads; allocated CPUs 172
rank 843 on c145.nibi.sharcnet: 1 pinned threads; allocated CPUs 75
rank 848 on c145.nibi.sharcnet: 1 pinned threads; allocated CPUs 80
rank 1564 on c567.nibi.sharcnet: 1 pinned threads; allocated CPUs 28
rank 849 on c145.nibi.sharcnet: 1 pinned threads; allocated CPUs 81
rank 1574 on c567.nibi.sharcnet: 1 pinned threads; allocated CPUs 38
rank 852 on c145.nibi.sharcnet: 1 pinned threads; allocated CPUs 84
rank 1583 on c567.nibi.sharcnet: 1 pinned threads; allocated CPUs 47
rank 854 on c145.nibi.sharcnet: 1 pinned threads; allocated CPUs 86
rank 1586 on c567.nibi.sharcnet: 1 pinned threads; allocated CPUs 50
rank 857 on c145.nibi.sharcnet: 1 pinned threads; allocated CPUs 89
rank 1595 on c567.nibi.sharcnet: 1 pinned threads; allocated CPUs 59
rank 858 on c145.nibi.sharcnet: 1 pinned threads; allocated CPUs 90
rank 1596 on c567.nibi.sharcnet: 1 pinned threads; allocated CPUs 60
rank 1325 on c455.nibi.sharcnet: 1 pinned threads; allocated CPUs 173
rank 859 on c145.nibi.sharcnet: 1 pinned threads; allocated CPUs 91
rank 1326 on c455.nibi.sharcnet: 1 pinned threads; allocated CPUs 174
rank 862 on c145.nibi.sharcnet: 1 pinned threads; allocated CPUs 94
rank 1327 on c455.nibi.sharcnet: 1 pinned threads; allocated CPUs 175
rank 768 on c145.nibi.sharcnet: 1 pinned threads; allocated CPUs 0
rank 1328 on c455.nibi.sharcnet: 1 pinned threads; allocated CPUs 176
rank 771 on c145.nibi.sharcnet: 1 pinned threads; allocated CPUs 3
rank 773 on c145.nibi.sharcnet: 1 pinned threads; allocated CPUs 5
rank 1601 on c567.nibi.sharcnet: 1 pinned threads; allocated CPUs 65
rank 1329 on c455.nibi.sharcnet: 1 pinned threads; allocated CPUs 177
rank 775 on c145.nibi.sharcnet: 1 pinned threads; allocated CPUs 7
rank 776 on c145.nibi.sharcnet: 1 pinned threads; allocated CPUs 8
rank 1610 on c567.nibi.sharcnet: 1 pinned threads; allocated CPUs 74
rank 777 on c145.nibi.sharcnet: 1 pinned threads; allocated CPUs 9
rank 1614 on c567.nibi.sharcnet: 1 pinned threads; allocated CPUs 78
rank 781 on c145.nibi.sharcnet: 1 pinned threads; allocated CPUs 13
rank 1616 on c567.nibi.sharcnet: 1 pinned threads; allocated CPUs 80
rank 785 on c145.nibi.sharcnet: 1 pinned threads; allocated CPUs 17
rank 1620 on c567.nibi.sharcnet: 1 pinned threads; allocated CPUs 84
rank 792 on c145.nibi.sharcnet: 1 pinned threads; allocated CPUs 24
rank 1623 on c567.nibi.sharcnet: 1 pinned threads; allocated CPUs 87
rank 1330 on c455.nibi.sharcnet: 1 pinned threads; allocated CPUs 178
rank 794 on c145.nibi.sharcnet: 1 pinned threads; allocated CPUs 26
rank 796 on c145.nibi.sharcnet: 1 pinned threads; allocated CPUs 28
rank 1628 on c567.nibi.sharcnet: 1 pinned threads; allocated CPUs 92
rank 797 on c145.nibi.sharcnet: 1 pinned threads; allocated CPUs 29
rank 1637 on c567.nibi.sharcnet: 1 pinned threads; allocated CPUs 101
rank 832 on c145.nibi.sharcnet: 1 pinned threads; allocated CPUs 64
rank 1539 on c567.nibi.sharcnet: 1 pinned threads; allocated CPUs 3
rank 838 on c145.nibi.sharcnet: 1 pinned threads; allocated CPUs 70
rank 1542 on c567.nibi.sharcnet: 1 pinned threads; allocated CPUs 6
rank 1331 on c455.nibi.sharcnet: 1 pinned threads; allocated CPUs 179
rank 844 on c145.nibi.sharcnet: 1 pinned threads; allocated CPUs 76
rank 1332 on c455.nibi.sharcnet: 1 pinned threads; allocated CPUs 180
rank 850 on c145.nibi.sharcnet: 1 pinned threads; allocated CPUs 82
rank 851 on c145.nibi.sharcnet: 1 pinned threads; allocated CPUs 83
rank 1543 on c567.nibi.sharcnet: 1 pinned threads; allocated CPUs 7
rank 855 on c145.nibi.sharcnet: 1 pinned threads; allocated CPUs 87
rank 1544 on c567.nibi.sharcnet: 1 pinned threads; allocated CPUs 8
rank 856 on c145.nibi.sharcnet: 1 pinned threads; allocated CPUs 88
rank 1545 on c567.nibi.sharcnet: 1 pinned threads; allocated CPUs 9
rank 1333 on c455.nibi.sharcnet: 1 pinned threads; allocated CPUs 181
rank 861 on c145.nibi.sharcnet: 1 pinned threads; allocated CPUs 93
rank 1334 on c455.nibi.sharcnet: 1 pinned threads; allocated CPUs 182
rank 863 on c145.nibi.sharcnet: 1 pinned threads; allocated CPUs 95
rank 842 on c145.nibi.sharcnet: 1 pinned threads; allocated CPUs 74
rank 1547 on c567.nibi.sharcnet: 1 pinned threads; allocated CPUs 11
rank 783 on c145.nibi.sharcnet: 1 pinned threads; allocated CPUs 15
rank 1548 on c567.nibi.sharcnet: 1 pinned threads; allocated CPUs 12
rank 789 on c145.nibi.sharcnet: 1 pinned threads; allocated CPUs 21
rank 1550 on c567.nibi.sharcnet: 1 pinned threads; allocated CPUs 14
rank 1335 on c455.nibi.sharcnet: 1 pinned threads; allocated CPUs 183
rank 847 on c145.nibi.sharcnet: 1 pinned threads; allocated CPUs 79
rank 1336 on c455.nibi.sharcnet: 1 pinned threads; allocated CPUs 184
rank 787 on c145.nibi.sharcnet: 1 pinned threads; allocated CPUs 19
rank 860 on c145.nibi.sharcnet: 1 pinned threads; allocated CPUs 92
rank 1553 on c567.nibi.sharcnet: 1 pinned threads; allocated CPUs 17
rank 912 on c145.nibi.sharcnet: 1 pinned threads; allocated CPUs 144
rank 1558 on c567.nibi.sharcnet: 1 pinned threads; allocated CPUs 22
rank 1559 on c567.nibi.sharcnet: 1 pinned threads; allocated CPUs 23
rank 2510 on c582.nibi.sharcnet: 1 pinned threads; allocated CPUs 14
rank 1337 on c455.nibi.sharcnet: 1 pinned threads; allocated CPUs 185
rank 1560 on c567.nibi.sharcnet: 1 pinned threads; allocated CPUs 24
rank 1565 on c567.nibi.sharcnet: 1 pinned threads; allocated CPUs 29
rank 2511 on c582.nibi.sharcnet: 1 pinned threads; allocated CPUs 15
rank 1566 on c567.nibi.sharcnet: 1 pinned threads; allocated CPUs 30
rank 2512 on c582.nibi.sharcnet: 1 pinned threads; allocated CPUs 16
rank 1568 on c567.nibi.sharcnet: 1 pinned threads; allocated CPUs 32
rank 2513 on c582.nibi.sharcnet: 1 pinned threads; allocated CPUs 17
rank 1585 on c567.nibi.sharcnet: 1 pinned threads; allocated CPUs 49
rank 2514 on c582.nibi.sharcnet: 1 pinned threads; allocated CPUs 18
rank 1338 on c455.nibi.sharcnet: 1 pinned threads; allocated CPUs 186
rank 1600 on c567.nibi.sharcnet: 1 pinned threads; allocated CPUs 64
rank 1339 on c455.nibi.sharcnet: 1 pinned threads; allocated CPUs 187
rank 1604 on c567.nibi.sharcnet: 1 pinned threads; allocated CPUs 68
rank 1605 on c567.nibi.sharcnet: 1 pinned threads; allocated CPUs 69
rank 2515 on c582.nibi.sharcnet: 1 pinned threads; allocated CPUs 19
rank 1606 on c567.nibi.sharcnet: 1 pinned threads; allocated CPUs 70
rank 2516 on c582.nibi.sharcnet: 1 pinned threads; allocated CPUs 20
rank 1607 on c567.nibi.sharcnet: 1 pinned threads; allocated CPUs 71
rank 2518 on c582.nibi.sharcnet: 1 pinned threads; allocated CPUs 22
rank 1340 on c455.nibi.sharcnet: 1 pinned threads; allocated CPUs 188
rank 1609 on c567.nibi.sharcnet: 1 pinned threads; allocated CPUs 73
rank 1341 on c455.nibi.sharcnet: 1 pinned threads; allocated CPUs 189
rank 1613 on c567.nibi.sharcnet: 1 pinned threads; allocated CPUs 77
rank 1615 on c567.nibi.sharcnet: 1 pinned threads; allocated CPUs 79
rank 2519 on c582.nibi.sharcnet: 1 pinned threads; allocated CPUs 23
rank 1342 on c455.nibi.sharcnet: 1 pinned threads; allocated CPUs 190
rank 1619 on c567.nibi.sharcnet: 1 pinned threads; allocated CPUs 83
rank 1625 on c567.nibi.sharcnet: 1 pinned threads; allocated CPUs 89
rank 2520 on c582.nibi.sharcnet: 1 pinned threads; allocated CPUs 24
rank 1630 on c567.nibi.sharcnet: 1 pinned threads; allocated CPUs 94
rank 2521 on c582.nibi.sharcnet: 1 pinned threads; allocated CPUs 25
rank 1536 on c567.nibi.sharcnet: 1 pinned threads; allocated CPUs 0
rank 2522 on c582.nibi.sharcnet: 1 pinned threads; allocated CPUs 26
rank 1537 on c567.nibi.sharcnet: 1 pinned threads; allocated CPUs 1
rank 2523 on c582.nibi.sharcnet: 1 pinned threads; allocated CPUs 27
rank 1343 on c455.nibi.sharcnet: 1 pinned threads; allocated CPUs 191
rank 1538 on c567.nibi.sharcnet: 1 pinned threads; allocated CPUs 2
rank 1540 on c567.nibi.sharcnet: 1 pinned threads; allocated CPUs 4
rank 2524 on c582.nibi.sharcnet: 1 pinned threads; allocated CPUs 28
rank 1546 on c567.nibi.sharcnet: 1 pinned threads; allocated CPUs 10
rank 2525 on c582.nibi.sharcnet: 1 pinned threads; allocated CPUs 29
rank 1549 on c567.nibi.sharcnet: 1 pinned threads; allocated CPUs 13
rank 2526 on c582.nibi.sharcnet: 1 pinned threads; allocated CPUs 30
rank 1183 on c455.nibi.sharcnet: 1 pinned threads; allocated CPUs 31
rank 1551 on c567.nibi.sharcnet: 1 pinned threads; allocated CPUs 15
rank 1186 on c455.nibi.sharcnet: 1 pinned threads; allocated CPUs 34
rank 1552 on c567.nibi.sharcnet: 1 pinned threads; allocated CPUs 16
rank 1555 on c567.nibi.sharcnet: 1 pinned threads; allocated CPUs 19
rank 2527 on c582.nibi.sharcnet: 1 pinned threads; allocated CPUs 31
rank 1556 on c567.nibi.sharcnet: 1 pinned threads; allocated CPUs 20
rank 2528 on c582.nibi.sharcnet: 1 pinned threads; allocated CPUs 32
rank 1557 on c567.nibi.sharcnet: 1 pinned threads; allocated CPUs 21
rank 2529 on c582.nibi.sharcnet: 1 pinned threads; allocated CPUs 33
rank 1238 on c455.nibi.sharcnet: 1 pinned threads; allocated CPUs 86
rank 1562 on c567.nibi.sharcnet: 1 pinned threads; allocated CPUs 26
rank 1563 on c567.nibi.sharcnet: 1 pinned threads; allocated CPUs 27
rank 2530 on c582.nibi.sharcnet: 1 pinned threads; allocated CPUs 34
rank 1241 on c455.nibi.sharcnet: 1 pinned threads; allocated CPUs 89
rank 1567 on c567.nibi.sharcnet: 1 pinned threads; allocated CPUs 31
rank 1588 on c567.nibi.sharcnet: 1 pinned threads; allocated CPUs 52
rank 2531 on c582.nibi.sharcnet: 1 pinned threads; allocated CPUs 35
rank 1603 on c567.nibi.sharcnet: 1 pinned threads; allocated CPUs 67
rank 2532 on c582.nibi.sharcnet: 1 pinned threads; allocated CPUs 36
rank 1621 on c567.nibi.sharcnet: 1 pinned threads; allocated CPUs 85
rank 2533 on c582.nibi.sharcnet: 1 pinned threads; allocated CPUs 37
rank 1626 on c567.nibi.sharcnet: 1 pinned threads; allocated CPUs 90
rank 2534 on c582.nibi.sharcnet: 1 pinned threads; allocated CPUs 38
rank 1541 on c567.nibi.sharcnet: 1 pinned threads; allocated CPUs 5
rank 2535 on c582.nibi.sharcnet: 1 pinned threads; allocated CPUs 39
rank 1571 on c567.nibi.sharcnet: 1 pinned threads; allocated CPUs 35
rank 2536 on c582.nibi.sharcnet: 1 pinned threads; allocated CPUs 40
rank 1602 on c567.nibi.sharcnet: 1 pinned threads; allocated CPUs 66
rank 2537 on c582.nibi.sharcnet: 1 pinned threads; allocated CPUs 41
rank 1587 on c567.nibi.sharcnet: 1 pinned threads; allocated CPUs 51
rank 2538 on c582.nibi.sharcnet: 1 pinned threads; allocated CPUs 42
rank 1554 on c567.nibi.sharcnet: 1 pinned threads; allocated CPUs 18
rank 2539 on c582.nibi.sharcnet: 1 pinned threads; allocated CPUs 43
rank 1664 on c567.nibi.sharcnet: 1 pinned threads; allocated CPUs 128
rank 2540 on c582.nibi.sharcnet: 1 pinned threads; allocated CPUs 44
rank 2541 on c582.nibi.sharcnet: 1 pinned threads; allocated CPUs 45
rank 3243 on c589.nibi.sharcnet: 1 pinned threads; allocated CPUs 171
rank 2542 on c582.nibi.sharcnet: 1 pinned threads; allocated CPUs 46
rank 3244 on c589.nibi.sharcnet: 1 pinned threads; allocated CPUs 172
rank 2543 on c582.nibi.sharcnet: 1 pinned threads; allocated CPUs 47
rank 3245 on c589.nibi.sharcnet: 1 pinned threads; allocated CPUs 173
rank 2544 on c582.nibi.sharcnet: 1 pinned threads; allocated CPUs 48
rank 3246 on c589.nibi.sharcnet: 1 pinned threads; allocated CPUs 174
rank 2545 on c582.nibi.sharcnet: 1 pinned threads; allocated CPUs 49
rank 3247 on c589.nibi.sharcnet: 1 pinned threads; allocated CPUs 175
rank 2546 on c582.nibi.sharcnet: 1 pinned threads; allocated CPUs 50
rank 3248 on c589.nibi.sharcnet: 1 pinned threads; allocated CPUs 176
rank 2547 on c582.nibi.sharcnet: 1 pinned threads; allocated CPUs 51
rank 3249 on c589.nibi.sharcnet: 1 pinned threads; allocated CPUs 177
rank 2548 on c582.nibi.sharcnet: 1 pinned threads; allocated CPUs 52
rank 3250 on c589.nibi.sharcnet: 1 pinned threads; allocated CPUs 178
rank 2549 on c582.nibi.sharcnet: 1 pinned threads; allocated CPUs 53
rank 3251 on c589.nibi.sharcnet: 1 pinned threads; allocated CPUs 179
rank 2550 on c582.nibi.sharcnet: 1 pinned threads; allocated CPUs 54
rank 3252 on c589.nibi.sharcnet: 1 pinned threads; allocated CPUs 180
rank 2551 on c582.nibi.sharcnet: 1 pinned threads; allocated CPUs 55
rank 3253 on c589.nibi.sharcnet: 1 pinned threads; allocated CPUs 181
rank 2552 on c582.nibi.sharcnet: 1 pinned threads; allocated CPUs 56
rank 3254 on c589.nibi.sharcnet: 1 pinned threads; allocated CPUs 182
rank 2553 on c582.nibi.sharcnet: 1 pinned threads; allocated CPUs 57
rank 3255 on c589.nibi.sharcnet: 1 pinned threads; allocated CPUs 183
rank 2554 on c582.nibi.sharcnet: 1 pinned threads; allocated CPUs 58
rank 3256 on c589.nibi.sharcnet: 1 pinned threads; allocated CPUs 184
rank 2555 on c582.nibi.sharcnet: 1 pinned threads; allocated CPUs 59
rank 3257 on c589.nibi.sharcnet: 1 pinned threads; allocated CPUs 185
rank 2556 on c582.nibi.sharcnet: 1 pinned threads; allocated CPUs 60
rank 3258 on c589.nibi.sharcnet: 1 pinned threads; allocated CPUs 186
rank 2557 on c582.nibi.sharcnet: 1 pinned threads; allocated CPUs 61
rank 3259 on c589.nibi.sharcnet: 1 pinned threads; allocated CPUs 187
rank 2558 on c582.nibi.sharcnet: 1 pinned threads; allocated CPUs 62
rank 3260 on c589.nibi.sharcnet: 1 pinned threads; allocated CPUs 188
rank 2559 on c582.nibi.sharcnet: 1 pinned threads; allocated CPUs 63
rank 3261 on c589.nibi.sharcnet: 1 pinned threads; allocated CPUs 189
rank 2560 on c582.nibi.sharcnet: 1 pinned threads; allocated CPUs 64
rank 3262 on c589.nibi.sharcnet: 1 pinned threads; allocated CPUs 190
rank 2561 on c582.nibi.sharcnet: 1 pinned threads; allocated CPUs 65
rank 3263 on c589.nibi.sharcnet: 1 pinned threads; allocated CPUs 191
rank 2562 on c582.nibi.sharcnet: 1 pinned threads; allocated CPUs 66
rank 3080 on c589.nibi.sharcnet: 1 pinned threads; allocated CPUs 8
rank 2563 on c582.nibi.sharcnet: 1 pinned threads; allocated CPUs 67
rank 3105 on c589.nibi.sharcnet: 1 pinned threads; allocated CPUs 33
rank 2564 on c582.nibi.sharcnet: 1 pinned threads; allocated CPUs 68
rank 3112 on c589.nibi.sharcnet: 1 pinned threads; allocated CPUs 40
rank 2565 on c582.nibi.sharcnet: 1 pinned threads; allocated CPUs 69
rank 3113 on c589.nibi.sharcnet: 1 pinned threads; allocated CPUs 41
rank 2566 on c582.nibi.sharcnet: 1 pinned threads; allocated CPUs 70
rank 3114 on c589.nibi.sharcnet: 1 pinned threads; allocated CPUs 42
rank 2567 on c582.nibi.sharcnet: 1 pinned threads; allocated CPUs 71
rank 3115 on c589.nibi.sharcnet: 1 pinned threads; allocated CPUs 43
rank 2568 on c582.nibi.sharcnet: 1 pinned threads; allocated CPUs 72
rank 3116 on c589.nibi.sharcnet: 1 pinned threads; allocated CPUs 44
rank 2569 on c582.nibi.sharcnet: 1 pinned threads; allocated CPUs 73
rank 3117 on c589.nibi.sharcnet: 1 pinned threads; allocated CPUs 45
rank 2570 on c582.nibi.sharcnet: 1 pinned threads; allocated CPUs 74
rank 3121 on c589.nibi.sharcnet: 1 pinned threads; allocated CPUs 49
rank 2571 on c582.nibi.sharcnet: 1 pinned threads; allocated CPUs 75
rank 3124 on c589.nibi.sharcnet: 1 pinned threads; allocated CPUs 52
rank 2572 on c582.nibi.sharcnet: 1 pinned threads; allocated CPUs 76
rank 3126 on c589.nibi.sharcnet: 1 pinned threads; allocated CPUs 54
rank 2573 on c582.nibi.sharcnet: 1 pinned threads; allocated CPUs 77
rank 3128 on c589.nibi.sharcnet: 1 pinned threads; allocated CPUs 56
rank 2574 on c582.nibi.sharcnet: 1 pinned threads; allocated CPUs 78
rank 3129 on c589.nibi.sharcnet: 1 pinned threads; allocated CPUs 57
rank 2575 on c582.nibi.sharcnet: 1 pinned threads; allocated CPUs 79
rank 3132 on c589.nibi.sharcnet: 1 pinned threads; allocated CPUs 60
rank 2576 on c582.nibi.sharcnet: 1 pinned threads; allocated CPUs 80
rank 3134 on c589.nibi.sharcnet: 1 pinned threads; allocated CPUs 62
rank 2577 on c582.nibi.sharcnet: 1 pinned threads; allocated CPUs 81
rank 3138 on c589.nibi.sharcnet: 1 pinned threads; allocated CPUs 66
rank 2578 on c582.nibi.sharcnet: 1 pinned threads; allocated CPUs 82
rank 3102 on c589.nibi.sharcnet: 1 pinned threads; allocated CPUs 30
rank 2579 on c582.nibi.sharcnet: 1 pinned threads; allocated CPUs 83
rank 3104 on c589.nibi.sharcnet: 1 pinned threads; allocated CPUs 32
rank 2580 on c582.nibi.sharcnet: 1 pinned threads; allocated CPUs 84
rank 3107 on c589.nibi.sharcnet: 1 pinned threads; allocated CPUs 35
rank 2581 on c582.nibi.sharcnet: 1 pinned threads; allocated CPUs 85
rank 3108 on c589.nibi.sharcnet: 1 pinned threads; allocated CPUs 36
rank 2583 on c582.nibi.sharcnet: 1 pinned threads; allocated CPUs 87
rank 3120 on c589.nibi.sharcnet: 1 pinned threads; allocated CPUs 48
rank 2584 on c582.nibi.sharcnet: 1 pinned threads; allocated CPUs 88
rank 3131 on c589.nibi.sharcnet: 1 pinned threads; allocated CPUs 59
rank 2585 on c582.nibi.sharcnet: 1 pinned threads; allocated CPUs 89
rank 3141 on c589.nibi.sharcnet: 1 pinned threads; allocated CPUs 69
rank 2586 on c582.nibi.sharcnet: 1 pinned threads; allocated CPUs 90
rank 3144 on c589.nibi.sharcnet: 1 pinned threads; allocated CPUs 72
rank 2587 on c582.nibi.sharcnet: 1 pinned threads; allocated CPUs 91
rank 3148 on c589.nibi.sharcnet: 1 pinned threads; allocated CPUs 76
rank 2588 on c582.nibi.sharcnet: 1 pinned threads; allocated CPUs 92
rank 3153 on c589.nibi.sharcnet: 1 pinned threads; allocated CPUs 81
rank 2589 on c582.nibi.sharcnet: 1 pinned threads; allocated CPUs 93
rank 3155 on c589.nibi.sharcnet: 1 pinned threads; allocated CPUs 83
rank 2590 on c582.nibi.sharcnet: 1 pinned threads; allocated CPUs 94
rank 3086 on c589.nibi.sharcnet: 1 pinned threads; allocated CPUs 14
rank 2591 on c582.nibi.sharcnet: 1 pinned threads; allocated CPUs 95
rank 3094 on c589.nibi.sharcnet: 1 pinned threads; allocated CPUs 22
rank 2592 on c582.nibi.sharcnet: 1 pinned threads; allocated CPUs 96
rank 3101 on c589.nibi.sharcnet: 1 pinned threads; allocated CPUs 29
rank 2593 on c582.nibi.sharcnet: 1 pinned threads; allocated CPUs 97
rank 3123 on c589.nibi.sharcnet: 1 pinned threads; allocated CPUs 51
rank 2594 on c582.nibi.sharcnet: 1 pinned threads; allocated CPUs 98
rank 3133 on c589.nibi.sharcnet: 1 pinned threads; allocated CPUs 61
rank 2595 on c582.nibi.sharcnet: 1 pinned threads; allocated CPUs 99
rank 3073 on c589.nibi.sharcnet: 1 pinned threads; allocated CPUs 1
rank 2596 on c582.nibi.sharcnet: 1 pinned threads; allocated CPUs 100
rank 3076 on c589.nibi.sharcnet: 1 pinned threads; allocated CPUs 4
rank 2597 on c582.nibi.sharcnet: 1 pinned threads; allocated CPUs 101
rank 3079 on c589.nibi.sharcnet: 1 pinned threads; allocated CPUs 7
rank 2598 on c582.nibi.sharcnet: 1 pinned threads; allocated CPUs 102
rank 3081 on c589.nibi.sharcnet: 1 pinned threads; allocated CPUs 9
rank 2599 on c582.nibi.sharcnet: 1 pinned threads; allocated CPUs 103
rank 3085 on c589.nibi.sharcnet: 1 pinned threads; allocated CPUs 13
rank 2600 on c582.nibi.sharcnet: 1 pinned threads; allocated CPUs 104
rank 3091 on c589.nibi.sharcnet: 1 pinned threads; allocated CPUs 19
rank 2601 on c582.nibi.sharcnet: 1 pinned threads; allocated CPUs 105
rank 3095 on c589.nibi.sharcnet: 1 pinned threads; allocated CPUs 23
rank 2602 on c582.nibi.sharcnet: 1 pinned threads; allocated CPUs 106
rank 3097 on c589.nibi.sharcnet: 1 pinned threads; allocated CPUs 25
rank 2603 on c582.nibi.sharcnet: 1 pinned threads; allocated CPUs 107
rank 3106 on c589.nibi.sharcnet: 1 pinned threads; allocated CPUs 34
rank 2604 on c582.nibi.sharcnet: 1 pinned threads; allocated CPUs 108
rank 3111 on c589.nibi.sharcnet: 1 pinned threads; allocated CPUs 39
rank 2605 on c582.nibi.sharcnet: 1 pinned threads; allocated CPUs 109
rank 3125 on c589.nibi.sharcnet: 1 pinned threads; allocated CPUs 53
rank 2606 on c582.nibi.sharcnet: 1 pinned threads; allocated CPUs 110
rank 3135 on c589.nibi.sharcnet: 1 pinned threads; allocated CPUs 63
rank 2607 on c582.nibi.sharcnet: 1 pinned threads; allocated CPUs 111
rank 3142 on c589.nibi.sharcnet: 1 pinned threads; allocated CPUs 70
rank 2608 on c582.nibi.sharcnet: 1 pinned threads; allocated CPUs 112
rank 3152 on c589.nibi.sharcnet: 1 pinned threads; allocated CPUs 80
rank 2609 on c582.nibi.sharcnet: 1 pinned threads; allocated CPUs 113
rank 3160 on c589.nibi.sharcnet: 1 pinned threads; allocated CPUs 88
rank 2610 on c582.nibi.sharcnet: 1 pinned threads; allocated CPUs 114
rank 3165 on c589.nibi.sharcnet: 1 pinned threads; allocated CPUs 93
rank 2611 on c582.nibi.sharcnet: 1 pinned threads; allocated CPUs 115
rank 3166 on c589.nibi.sharcnet: 1 pinned threads; allocated CPUs 94
rank 2612 on c582.nibi.sharcnet: 1 pinned threads; allocated CPUs 116
rank 3096 on c589.nibi.sharcnet: 1 pinned threads; allocated CPUs 24
rank 2613 on c582.nibi.sharcnet: 1 pinned threads; allocated CPUs 117
rank 3127 on c589.nibi.sharcnet: 1 pinned threads; allocated CPUs 55
rank 2614 on c582.nibi.sharcnet: 1 pinned threads; allocated CPUs 118
rank 3147 on c589.nibi.sharcnet: 1 pinned threads; allocated CPUs 75
rank 2615 on c582.nibi.sharcnet: 1 pinned threads; allocated CPUs 119
rank 3150 on c589.nibi.sharcnet: 1 pinned threads; allocated CPUs 78
rank 2616 on c582.nibi.sharcnet: 1 pinned threads; allocated CPUs 120
rank 3154 on c589.nibi.sharcnet: 1 pinned threads; allocated CPUs 82
rank 2617 on c582.nibi.sharcnet: 1 pinned threads; allocated CPUs 121
rank 3157 on c589.nibi.sharcnet: 1 pinned threads; allocated CPUs 85
rank 2618 on c582.nibi.sharcnet: 1 pinned threads; allocated CPUs 122
rank 3158 on c589.nibi.sharcnet: 1 pinned threads; allocated CPUs 86
rank 2619 on c582.nibi.sharcnet: 1 pinned threads; allocated CPUs 123
rank 3075 on c589.nibi.sharcnet: 1 pinned threads; allocated CPUs 3
rank 2620 on c582.nibi.sharcnet: 1 pinned threads; allocated CPUs 124
rank 3103 on c589.nibi.sharcnet: 1 pinned threads; allocated CPUs 31
rank 2621 on c582.nibi.sharcnet: 1 pinned threads; allocated CPUs 125
rank 3139 on c589.nibi.sharcnet: 1 pinned threads; allocated CPUs 67
rank 2622 on c582.nibi.sharcnet: 1 pinned threads; allocated CPUs 126
rank 3161 on c589.nibi.sharcnet: 1 pinned threads; allocated CPUs 89
rank 2623 on c582.nibi.sharcnet: 1 pinned threads; allocated CPUs 127
rank 3167 on c589.nibi.sharcnet: 1 pinned threads; allocated CPUs 95
rank 2624 on c582.nibi.sharcnet: 1 pinned threads; allocated CPUs 128
rank 3077 on c589.nibi.sharcnet: 1 pinned threads; allocated CPUs 5
rank 2625 on c582.nibi.sharcnet: 1 pinned threads; allocated CPUs 129
rank 3083 on c589.nibi.sharcnet: 1 pinned threads; allocated CPUs 11
rank 2626 on c582.nibi.sharcnet: 1 pinned threads; allocated CPUs 130
rank 3093 on c589.nibi.sharcnet: 1 pinned threads; allocated CPUs 21
rank 2627 on c582.nibi.sharcnet: 1 pinned threads; allocated CPUs 131
rank 3164 on c589.nibi.sharcnet: 1 pinned threads; allocated CPUs 92
rank 2628 on c582.nibi.sharcnet: 1 pinned threads; allocated CPUs 132
rank 3074 on c589.nibi.sharcnet: 1 pinned threads; allocated CPUs 2
rank 2629 on c582.nibi.sharcnet: 1 pinned threads; allocated CPUs 133
rank 3089 on c589.nibi.sharcnet: 1 pinned threads; allocated CPUs 17
rank 2630 on c582.nibi.sharcnet: 1 pinned threads; allocated CPUs 134
rank 3100 on c589.nibi.sharcnet: 1 pinned threads; allocated CPUs 28
rank 2631 on c582.nibi.sharcnet: 1 pinned threads; allocated CPUs 135
rank 3143 on c589.nibi.sharcnet: 1 pinned threads; allocated CPUs 71
rank 2632 on c582.nibi.sharcnet: 1 pinned threads; allocated CPUs 136
rank 3163 on c589.nibi.sharcnet: 1 pinned threads; allocated CPUs 91
rank 2633 on c582.nibi.sharcnet: 1 pinned threads; allocated CPUs 137
rank 3145 on c589.nibi.sharcnet: 1 pinned threads; allocated CPUs 73
rank 2634 on c582.nibi.sharcnet: 1 pinned threads; allocated CPUs 138
rank 3159 on c589.nibi.sharcnet: 1 pinned threads; allocated CPUs 87
rank 2635 on c582.nibi.sharcnet: 1 pinned threads; allocated CPUs 139
rank 3098 on c589.nibi.sharcnet: 1 pinned threads; allocated CPUs 26
rank 2636 on c582.nibi.sharcnet: 1 pinned threads; allocated CPUs 140
rank 3118 on c589.nibi.sharcnet: 1 pinned threads; allocated CPUs 46
rank 2637 on c582.nibi.sharcnet: 1 pinned threads; allocated CPUs 141
rank 3136 on c589.nibi.sharcnet: 1 pinned threads; allocated CPUs 64
rank 2638 on c582.nibi.sharcnet: 1 pinned threads; allocated CPUs 142
rank 3156 on c589.nibi.sharcnet: 1 pinned threads; allocated CPUs 84
rank 2639 on c582.nibi.sharcnet: 1 pinned threads; allocated CPUs 143
rank 3162 on c589.nibi.sharcnet: 1 pinned threads; allocated CPUs 90
rank 2640 on c582.nibi.sharcnet: 1 pinned threads; allocated CPUs 144
rank 3072 on c589.nibi.sharcnet: 1 pinned threads; allocated CPUs 0
rank 2641 on c582.nibi.sharcnet: 1 pinned threads; allocated CPUs 145
rank 3140 on c589.nibi.sharcnet: 1 pinned threads; allocated CPUs 68
rank 2642 on c582.nibi.sharcnet: 1 pinned threads; allocated CPUs 146
rank 3151 on c589.nibi.sharcnet: 1 pinned threads; allocated CPUs 79
rank 2643 on c582.nibi.sharcnet: 1 pinned threads; allocated CPUs 147
rank 3078 on c589.nibi.sharcnet: 1 pinned threads; allocated CPUs 6
rank 2644 on c582.nibi.sharcnet: 1 pinned threads; allocated CPUs 148
rank 3088 on c589.nibi.sharcnet: 1 pinned threads; allocated CPUs 16
rank 2645 on c582.nibi.sharcnet: 1 pinned threads; allocated CPUs 149
rank 3109 on c589.nibi.sharcnet: 1 pinned threads; allocated CPUs 37
rank 2646 on c582.nibi.sharcnet: 1 pinned threads; allocated CPUs 150
rank 3146 on c589.nibi.sharcnet: 1 pinned threads; allocated CPUs 74
rank 2647 on c582.nibi.sharcnet: 1 pinned threads; allocated CPUs 151
rank 3119 on c589.nibi.sharcnet: 1 pinned threads; allocated CPUs 47
rank 2648 on c582.nibi.sharcnet: 1 pinned threads; allocated CPUs 152
rank 3087 on c589.nibi.sharcnet: 1 pinned threads; allocated CPUs 15
rank 2649 on c582.nibi.sharcnet: 1 pinned threads; allocated CPUs 153
rank 3092 on c589.nibi.sharcnet: 1 pinned threads; allocated CPUs 20
rank 2650 on c582.nibi.sharcnet: 1 pinned threads; allocated CPUs 154
rank 3084 on c589.nibi.sharcnet: 1 pinned threads; allocated CPUs 12
rank 2651 on c582.nibi.sharcnet: 1 pinned threads; allocated CPUs 155
rank 3149 on c589.nibi.sharcnet: 1 pinned threads; allocated CPUs 77
rank 2652 on c582.nibi.sharcnet: 1 pinned threads; allocated CPUs 156
rank 3099 on c589.nibi.sharcnet: 1 pinned threads; allocated CPUs 27
rank 2653 on c582.nibi.sharcnet: 1 pinned threads; allocated CPUs 157
rank 3122 on c589.nibi.sharcnet: 1 pinned threads; allocated CPUs 50
rank 2654 on c582.nibi.sharcnet: 1 pinned threads; allocated CPUs 158
rank 3137 on c589.nibi.sharcnet: 1 pinned threads; allocated CPUs 65
rank 2655 on c582.nibi.sharcnet: 1 pinned threads; allocated CPUs 159
rank 2097 on c573.nibi.sharcnet: 1 pinned threads; allocated CPUs 177
rank 2656 on c582.nibi.sharcnet: 1 pinned threads; allocated CPUs 160
rank 2098 on c573.nibi.sharcnet: 1 pinned threads; allocated CPUs 178
rank 2657 on c582.nibi.sharcnet: 1 pinned threads; allocated CPUs 161
rank 2099 on c573.nibi.sharcnet: 1 pinned threads; allocated CPUs 179
rank 2658 on c582.nibi.sharcnet: 1 pinned threads; allocated CPUs 162
rank 2100 on c573.nibi.sharcnet: 1 pinned threads; allocated CPUs 180
rank 2659 on c582.nibi.sharcnet: 1 pinned threads; allocated CPUs 163
rank 2101 on c573.nibi.sharcnet: 1 pinned threads; allocated CPUs 181
rank 2660 on c582.nibi.sharcnet: 1 pinned threads; allocated CPUs 164
rank 2102 on c573.nibi.sharcnet: 1 pinned threads; allocated CPUs 182
rank 2661 on c582.nibi.sharcnet: 1 pinned threads; allocated CPUs 165
rank 2103 on c573.nibi.sharcnet: 1 pinned threads; allocated CPUs 183
rank 2662 on c582.nibi.sharcnet: 1 pinned threads; allocated CPUs 166
rank 2104 on c573.nibi.sharcnet: 1 pinned threads; allocated CPUs 184
rank 2663 on c582.nibi.sharcnet: 1 pinned threads; allocated CPUs 167
rank 2105 on c573.nibi.sharcnet: 1 pinned threads; allocated CPUs 185
rank 2664 on c582.nibi.sharcnet: 1 pinned threads; allocated CPUs 168
rank 2106 on c573.nibi.sharcnet: 1 pinned threads; allocated CPUs 186
rank 2665 on c582.nibi.sharcnet: 1 pinned threads; allocated CPUs 169
rank 2107 on c573.nibi.sharcnet: 1 pinned threads; allocated CPUs 187
rank 2666 on c582.nibi.sharcnet: 1 pinned threads; allocated CPUs 170
rank 2108 on c573.nibi.sharcnet: 1 pinned threads; allocated CPUs 188
rank 2667 on c582.nibi.sharcnet: 1 pinned threads; allocated CPUs 171
rank 2109 on c573.nibi.sharcnet: 1 pinned threads; allocated CPUs 189
rank 2668 on c582.nibi.sharcnet: 1 pinned threads; allocated CPUs 172
rank 2110 on c573.nibi.sharcnet: 1 pinned threads; allocated CPUs 190
rank 2669 on c582.nibi.sharcnet: 1 pinned threads; allocated CPUs 173
rank 2111 on c573.nibi.sharcnet: 1 pinned threads; allocated CPUs 191
rank 2670 on c582.nibi.sharcnet: 1 pinned threads; allocated CPUs 174
rank 1929 on c573.nibi.sharcnet: 1 pinned threads; allocated CPUs 9
rank 2671 on c582.nibi.sharcnet: 1 pinned threads; allocated CPUs 175
rank 1954 on c573.nibi.sharcnet: 1 pinned threads; allocated CPUs 34
rank 2672 on c582.nibi.sharcnet: 1 pinned threads; allocated CPUs 176
rank 1955 on c573.nibi.sharcnet: 1 pinned threads; allocated CPUs 35
rank 2673 on c582.nibi.sharcnet: 1 pinned threads; allocated CPUs 177
rank 1960 on c573.nibi.sharcnet: 1 pinned threads; allocated CPUs 40
rank 2674 on c582.nibi.sharcnet: 1 pinned threads; allocated CPUs 178
rank 1962 on c573.nibi.sharcnet: 1 pinned threads; allocated CPUs 42
rank 2675 on c582.nibi.sharcnet: 1 pinned threads; allocated CPUs 179
rank 2032 on c573.nibi.sharcnet: 1 pinned threads; allocated CPUs 112
rank 2676 on c582.nibi.sharcnet: 1 pinned threads; allocated CPUs 180
rank 1963 on c573.nibi.sharcnet: 1 pinned threads; allocated CPUs 43
rank 2677 on c582.nibi.sharcnet: 1 pinned threads; allocated CPUs 181
rank 1966 on c573.nibi.sharcnet: 1 pinned threads; allocated CPUs 46
rank 2678 on c582.nibi.sharcnet: 1 pinned threads; allocated CPUs 182
rank 1980 on c573.nibi.sharcnet: 1 pinned threads; allocated CPUs 60
rank 2679 on c582.nibi.sharcnet: 1 pinned threads; allocated CPUs 183
rank 1961 on c573.nibi.sharcnet: 1 pinned threads; allocated CPUs 41
rank 2680 on c582.nibi.sharcnet: 1 pinned threads; allocated CPUs 184
rank 1974 on c573.nibi.sharcnet: 1 pinned threads; allocated CPUs 54
rank 2681 on c582.nibi.sharcnet: 1 pinned threads; allocated CPUs 185
rank 1971 on c573.nibi.sharcnet: 1 pinned threads; allocated CPUs 51
rank 2682 on c582.nibi.sharcnet: 1 pinned threads; allocated CPUs 186
rank 1984 on c573.nibi.sharcnet: 1 pinned threads; allocated CPUs 64
rank 2683 on c582.nibi.sharcnet: 1 pinned threads; allocated CPUs 187
rank 2013 on c573.nibi.sharcnet: 1 pinned threads; allocated CPUs 93
rank 2684 on c582.nibi.sharcnet: 1 pinned threads; allocated CPUs 188
rank 1967 on c573.nibi.sharcnet: 1 pinned threads; allocated CPUs 47
rank 2685 on c582.nibi.sharcnet: 1 pinned threads; allocated CPUs 189
rank 1972 on c573.nibi.sharcnet: 1 pinned threads; allocated CPUs 52
rank 2686 on c582.nibi.sharcnet: 1 pinned threads; allocated CPUs 190
rank 2000 on c573.nibi.sharcnet: 1 pinned threads; allocated CPUs 80
rank 2687 on c582.nibi.sharcnet: 1 pinned threads; allocated CPUs 191
rank 1953 on c573.nibi.sharcnet: 1 pinned threads; allocated CPUs 33
rank 2517 on c582.nibi.sharcnet: 1 pinned threads; allocated CPUs 21
rank 1964 on c573.nibi.sharcnet: 1 pinned threads; allocated CPUs 44
rank 2582 on c582.nibi.sharcnet: 1 pinned threads; allocated CPUs 86
rank 1977 on c573.nibi.sharcnet: 1 pinned threads; allocated CPUs 57
rank 1968 on c573.nibi.sharcnet: 1 pinned threads; allocated CPUs 48
rank 4029 on c598.nibi.sharcnet: 1 pinned threads; allocated CPUs 189
rank 2008 on c573.nibi.sharcnet: 1 pinned threads; allocated CPUs 88
rank 4030 on c598.nibi.sharcnet: 1 pinned threads; allocated CPUs 190
rank 1969 on c573.nibi.sharcnet: 1 pinned threads; allocated CPUs 49
rank 4031 on c598.nibi.sharcnet: 1 pinned threads; allocated CPUs 191
rank 1978 on c573.nibi.sharcnet: 1 pinned threads; allocated CPUs 58
rank 3874 on c598.nibi.sharcnet: 1 pinned threads; allocated CPUs 34
rank 2005 on c573.nibi.sharcnet: 1 pinned threads; allocated CPUs 85
rank 4001 on c598.nibi.sharcnet: 1 pinned threads; allocated CPUs 161
rank 2007 on c573.nibi.sharcnet: 1 pinned threads; allocated CPUs 87
rank 4015 on c598.nibi.sharcnet: 1 pinned threads; allocated CPUs 175
rank 2012 on c573.nibi.sharcnet: 1 pinned threads; allocated CPUs 92
rank 4018 on c598.nibi.sharcnet: 1 pinned threads; allocated CPUs 178
rank 2014 on c573.nibi.sharcnet: 1 pinned threads; allocated CPUs 94
rank 4025 on c598.nibi.sharcnet: 1 pinned threads; allocated CPUs 185
rank 1949 on c573.nibi.sharcnet: 1 pinned threads; allocated CPUs 29
rank 3846 on c598.nibi.sharcnet: 1 pinned threads; allocated CPUs 6
rank 2001 on c573.nibi.sharcnet: 1 pinned threads; allocated CPUs 81
rank 3898 on c598.nibi.sharcnet: 1 pinned threads; allocated CPUs 58
rank 2009 on c573.nibi.sharcnet: 1 pinned threads; allocated CPUs 89
rank 3841 on c598.nibi.sharcnet: 1 pinned threads; allocated CPUs 1
rank 1920 on c573.nibi.sharcnet: 1 pinned threads; allocated CPUs 0
rank 3902 on c598.nibi.sharcnet: 1 pinned threads; allocated CPUs 62
rank 1928 on c573.nibi.sharcnet: 1 pinned threads; allocated CPUs 8
rank 3934 on c598.nibi.sharcnet: 1 pinned threads; allocated CPUs 94
rank 2015 on c573.nibi.sharcnet: 1 pinned threads; allocated CPUs 95
rank 3877 on c598.nibi.sharcnet: 1 pinned threads; allocated CPUs 37
rank 1932 on c573.nibi.sharcnet: 1 pinned threads; allocated CPUs 12
rank 3873 on c598.nibi.sharcnet: 1 pinned threads; allocated CPUs 33
rank 1936 on c573.nibi.sharcnet: 1 pinned threads; allocated CPUs 16
rank 3886 on c598.nibi.sharcnet: 1 pinned threads; allocated CPUs 46
rank 1938 on c573.nibi.sharcnet: 1 pinned threads; allocated CPUs 18
rank 3894 on c598.nibi.sharcnet: 1 pinned threads; allocated CPUs 54
rank 1948 on c573.nibi.sharcnet: 1 pinned threads; allocated CPUs 28
rank 3899 on c598.nibi.sharcnet: 1 pinned threads; allocated CPUs 59
rank 1950 on c573.nibi.sharcnet: 1 pinned threads; allocated CPUs 30
rank 3879 on c598.nibi.sharcnet: 1 pinned threads; allocated CPUs 39
rank 1957 on c573.nibi.sharcnet: 1 pinned threads; allocated CPUs 37
rank 3882 on c598.nibi.sharcnet: 1 pinned threads; allocated CPUs 42
rank 1976 on c573.nibi.sharcnet: 1 pinned threads; allocated CPUs 56
rank 3893 on c598.nibi.sharcnet: 1 pinned threads; allocated CPUs 53
rank 1982 on c573.nibi.sharcnet: 1 pinned threads; allocated CPUs 62
rank 3897 on c598.nibi.sharcnet: 1 pinned threads; allocated CPUs 57
rank 1983 on c573.nibi.sharcnet: 1 pinned threads; allocated CPUs 63
rank 3900 on c598.nibi.sharcnet: 1 pinned threads; allocated CPUs 60
rank 1986 on c573.nibi.sharcnet: 1 pinned threads; allocated CPUs 66
rank 3901 on c598.nibi.sharcnet: 1 pinned threads; allocated CPUs 61
rank 1990 on c573.nibi.sharcnet: 1 pinned threads; allocated CPUs 70
rank 3881 on c598.nibi.sharcnet: 1 pinned threads; allocated CPUs 41
rank 1997 on c573.nibi.sharcnet: 1 pinned threads; allocated CPUs 77
rank 3884 on c598.nibi.sharcnet: 1 pinned threads; allocated CPUs 44
rank 2003 on c573.nibi.sharcnet: 1 pinned threads; allocated CPUs 83
rank 3908 on c598.nibi.sharcnet: 1 pinned threads; allocated CPUs 68
rank 2004 on c573.nibi.sharcnet: 1 pinned threads; allocated CPUs 84
rank 3844 on c598.nibi.sharcnet: 1 pinned threads; allocated CPUs 4
rank 2010 on c573.nibi.sharcnet: 1 pinned threads; allocated CPUs 90
rank 3852 on c598.nibi.sharcnet: 1 pinned threads; allocated CPUs 12
rank 1924 on c573.nibi.sharcnet: 1 pinned threads; allocated CPUs 4
rank 3854 on c598.nibi.sharcnet: 1 pinned threads; allocated CPUs 14
rank 1925 on c573.nibi.sharcnet: 1 pinned threads; allocated CPUs 5
rank 3880 on c598.nibi.sharcnet: 1 pinned threads; allocated CPUs 40
rank 1931 on c573.nibi.sharcnet: 1 pinned threads; allocated CPUs 11
rank 3887 on c598.nibi.sharcnet: 1 pinned threads; allocated CPUs 47
rank 1933 on c573.nibi.sharcnet: 1 pinned threads; allocated CPUs 13
rank 3895 on c598.nibi.sharcnet: 1 pinned threads; allocated CPUs 55
rank 1935 on c573.nibi.sharcnet: 1 pinned threads; allocated CPUs 15
rank 3840 on c598.nibi.sharcnet: 1 pinned threads; allocated CPUs 0
rank 1940 on c573.nibi.sharcnet: 1 pinned threads; allocated CPUs 20
rank 3860 on c598.nibi.sharcnet: 1 pinned threads; allocated CPUs 20
rank 1945 on c573.nibi.sharcnet: 1 pinned threads; allocated CPUs 25
rank 3868 on c598.nibi.sharcnet: 1 pinned threads; allocated CPUs 28
rank 1946 on c573.nibi.sharcnet: 1 pinned threads; allocated CPUs 26
rank 3871 on c598.nibi.sharcnet: 1 pinned threads; allocated CPUs 31
rank 1951 on c573.nibi.sharcnet: 1 pinned threads; allocated CPUs 31
rank 3876 on c598.nibi.sharcnet: 1 pinned threads; allocated CPUs 36
rank 1952 on c573.nibi.sharcnet: 1 pinned threads; allocated CPUs 32
rank 3891 on c598.nibi.sharcnet: 1 pinned threads; allocated CPUs 51
rank 1958 on c573.nibi.sharcnet: 1 pinned threads; allocated CPUs 38
rank 3903 on c598.nibi.sharcnet: 1 pinned threads; allocated CPUs 63
rank 1994 on c573.nibi.sharcnet: 1 pinned threads; allocated CPUs 74
rank 3904 on c598.nibi.sharcnet: 1 pinned threads; allocated CPUs 64
rank 1998 on c573.nibi.sharcnet: 1 pinned threads; allocated CPUs 78
rank 3910 on c598.nibi.sharcnet: 1 pinned threads; allocated CPUs 70
rank 2006 on c573.nibi.sharcnet: 1 pinned threads; allocated CPUs 86
rank 3920 on c598.nibi.sharcnet: 1 pinned threads; allocated CPUs 80
rank 2011 on c573.nibi.sharcnet: 1 pinned threads; allocated CPUs 91
rank 3927 on c598.nibi.sharcnet: 1 pinned threads; allocated CPUs 87
rank 1922 on c573.nibi.sharcnet: 1 pinned threads; allocated CPUs 2
rank 3935 on c598.nibi.sharcnet: 1 pinned threads; allocated CPUs 95
rank 1923 on c573.nibi.sharcnet: 1 pinned threads; allocated CPUs 3
rank 3847 on c598.nibi.sharcnet: 1 pinned threads; allocated CPUs 7
rank 1926 on c573.nibi.sharcnet: 1 pinned threads; allocated CPUs 6
rank 3851 on c598.nibi.sharcnet: 1 pinned threads; allocated CPUs 11
rank 1530 on c559.nibi.sharcnet: 1 pinned threads; allocated CPUs 186
rank 1993 on c573.nibi.sharcnet: 1 pinned threads; allocated CPUs 73
rank 2002 on c573.nibi.sharcnet: 1 pinned threads; allocated CPUs 82
rank 3856 on c598.nibi.sharcnet: 1 pinned threads; allocated CPUs 16
rank 1943 on c573.nibi.sharcnet: 1 pinned threads; allocated CPUs 23
rank 3857 on c598.nibi.sharcnet: 1 pinned threads; allocated CPUs 17
rank 1996 on c573.nibi.sharcnet: 1 pinned threads; allocated CPUs 76
rank 3863 on c598.nibi.sharcnet: 1 pinned threads; allocated CPUs 23
rank 1927 on c573.nibi.sharcnet: 1 pinned threads; allocated CPUs 7
rank 3864 on c598.nibi.sharcnet: 1 pinned threads; allocated CPUs 24
rank 1934 on c573.nibi.sharcnet: 1 pinned threads; allocated CPUs 14
rank 3867 on c598.nibi.sharcnet: 1 pinned threads; allocated CPUs 27
rank 1989 on c573.nibi.sharcnet: 1 pinned threads; allocated CPUs 69
rank 3869 on c598.nibi.sharcnet: 1 pinned threads; allocated CPUs 29
rank 1992 on c573.nibi.sharcnet: 1 pinned threads; allocated CPUs 72
rank 3872 on c598.nibi.sharcnet: 1 pinned threads; allocated CPUs 32
rank 1930 on c573.nibi.sharcnet: 1 pinned threads; allocated CPUs 10
rank 3875 on c598.nibi.sharcnet: 1 pinned threads; allocated CPUs 35
rank 1942 on c573.nibi.sharcnet: 1 pinned threads; allocated CPUs 22
rank 3878 on c598.nibi.sharcnet: 1 pinned threads; allocated CPUs 38
rank 1415 on c559.nibi.sharcnet: 1 pinned threads; allocated CPUs 71
rank 1988 on c573.nibi.sharcnet: 1 pinned threads; allocated CPUs 68
rank 1995 on c573.nibi.sharcnet: 1 pinned threads; allocated CPUs 75
rank 3883 on c598.nibi.sharcnet: 1 pinned threads; allocated CPUs 43
rank 1453 on c559.nibi.sharcnet: 1 pinned threads; allocated CPUs 109
rank 1999 on c573.nibi.sharcnet: 1 pinned threads; allocated CPUs 79
rank 1941 on c573.nibi.sharcnet: 1 pinned threads; allocated CPUs 21
rank 3888 on c598.nibi.sharcnet: 1 pinned threads; allocated CPUs 48
rank 1947 on c573.nibi.sharcnet: 1 pinned threads; allocated CPUs 27
rank 3889 on c598.nibi.sharcnet: 1 pinned threads; allocated CPUs 49
rank 1937 on c573.nibi.sharcnet: 1 pinned threads; allocated CPUs 17
rank 3892 on c598.nibi.sharcnet: 1 pinned threads; allocated CPUs 52
rank 1987 on c573.nibi.sharcnet: 1 pinned threads; allocated CPUs 67
rank 3896 on c598.nibi.sharcnet: 1 pinned threads; allocated CPUs 56
rank 1991 on c573.nibi.sharcnet: 1 pinned threads; allocated CPUs 71
rank 3905 on c598.nibi.sharcnet: 1 pinned threads; allocated CPUs 65
rank 1985 on c573.nibi.sharcnet: 1 pinned threads; allocated CPUs 65
rank 3906 on c598.nibi.sharcnet: 1 pinned threads; allocated CPUs 66
rank 1970 on c573.nibi.sharcnet: 1 pinned threads; allocated CPUs 50
rank 3913 on c598.nibi.sharcnet: 1 pinned threads; allocated CPUs 73
rank 1965 on c573.nibi.sharcnet: 1 pinned threads; allocated CPUs 45
rank 3915 on c598.nibi.sharcnet: 1 pinned threads; allocated CPUs 75
rank 1975 on c573.nibi.sharcnet: 1 pinned threads; allocated CPUs 55
rank 3917 on c598.nibi.sharcnet: 1 pinned threads; allocated CPUs 77
rank 1979 on c573.nibi.sharcnet: 1 pinned threads; allocated CPUs 59
rank 3924 on c598.nibi.sharcnet: 1 pinned threads; allocated CPUs 84
rank 1981 on c573.nibi.sharcnet: 1 pinned threads; allocated CPUs 61
rank 3929 on c598.nibi.sharcnet: 1 pinned threads; allocated CPUs 89
rank 1939 on c573.nibi.sharcnet: 1 pinned threads; allocated CPUs 19
rank 3842 on c598.nibi.sharcnet: 1 pinned threads; allocated CPUs 2
rank 1959 on c573.nibi.sharcnet: 1 pinned threads; allocated CPUs 39
rank 3843 on c598.nibi.sharcnet: 1 pinned threads; allocated CPUs 3
rank 1944 on c573.nibi.sharcnet: 1 pinned threads; allocated CPUs 24
rank 3845 on c598.nibi.sharcnet: 1 pinned threads; allocated CPUs 5
rank 1921 on c573.nibi.sharcnet: 1 pinned threads; allocated CPUs 1
rank 3850 on c598.nibi.sharcnet: 1 pinned threads; allocated CPUs 10
rank 3853 on c598.nibi.sharcnet: 1 pinned threads; allocated CPUs 13
rank 4078 on c599.nibi.sharcnet: 1 pinned threads; allocated CPUs 46
rank 3855 on c598.nibi.sharcnet: 1 pinned threads; allocated CPUs 15
rank 4087 on c599.nibi.sharcnet: 1 pinned threads; allocated CPUs 55
rank 3858 on c598.nibi.sharcnet: 1 pinned threads; allocated CPUs 18
rank 4092 on c599.nibi.sharcnet: 1 pinned threads; allocated CPUs 60
rank 3859 on c598.nibi.sharcnet: 1 pinned threads; allocated CPUs 19
rank 4098 on c599.nibi.sharcnet: 1 pinned threads; allocated CPUs 66
rank 3861 on c598.nibi.sharcnet: 1 pinned threads; allocated CPUs 21
rank 4052 on c599.nibi.sharcnet: 1 pinned threads; allocated CPUs 20
rank 3862 on c598.nibi.sharcnet: 1 pinned threads; allocated CPUs 22
rank 4068 on c599.nibi.sharcnet: 1 pinned threads; allocated CPUs 36
rank 3865 on c598.nibi.sharcnet: 1 pinned threads; allocated CPUs 25
rank 4081 on c599.nibi.sharcnet: 1 pinned threads; allocated CPUs 49
rank 3866 on c598.nibi.sharcnet: 1 pinned threads; allocated CPUs 26
rank 4094 on c599.nibi.sharcnet: 1 pinned threads; allocated CPUs 62
rank 3870 on c598.nibi.sharcnet: 1 pinned threads; allocated CPUs 30
rank 4067 on c599.nibi.sharcnet: 1 pinned threads; allocated CPUs 35
rank 3885 on c598.nibi.sharcnet: 1 pinned threads; allocated CPUs 45
rank 4072 on c599.nibi.sharcnet: 1 pinned threads; allocated CPUs 40
rank 3907 on c598.nibi.sharcnet: 1 pinned threads; allocated CPUs 67
rank 4095 on c599.nibi.sharcnet: 1 pinned threads; allocated CPUs 63
rank 3909 on c598.nibi.sharcnet: 1 pinned threads; allocated CPUs 69
rank 4047 on c599.nibi.sharcnet: 1 pinned threads; allocated CPUs 15
rank 3911 on c598.nibi.sharcnet: 1 pinned threads; allocated CPUs 71
rank 4066 on c599.nibi.sharcnet: 1 pinned threads; allocated CPUs 34
rank 3912 on c598.nibi.sharcnet: 1 pinned threads; allocated CPUs 72
rank 4088 on c599.nibi.sharcnet: 1 pinned threads; allocated CPUs 56
rank 3916 on c598.nibi.sharcnet: 1 pinned threads; allocated CPUs 76
rank 4108 on c599.nibi.sharcnet: 1 pinned threads; allocated CPUs 76
rank 3918 on c598.nibi.sharcnet: 1 pinned threads; allocated CPUs 78
rank 4041 on c599.nibi.sharcnet: 1 pinned threads; allocated CPUs 9
rank 3921 on c598.nibi.sharcnet: 1 pinned threads; allocated CPUs 81
rank 4048 on c599.nibi.sharcnet: 1 pinned threads; allocated CPUs 16
rank 3922 on c598.nibi.sharcnet: 1 pinned threads; allocated CPUs 82
rank 4091 on c599.nibi.sharcnet: 1 pinned threads; allocated CPUs 59
rank 3923 on c598.nibi.sharcnet: 1 pinned threads; allocated CPUs 83
rank 4113 on c599.nibi.sharcnet: 1 pinned threads; allocated CPUs 81
rank 3925 on c598.nibi.sharcnet: 1 pinned threads; allocated CPUs 85
rank 4045 on c599.nibi.sharcnet: 1 pinned threads; allocated CPUs 13
rank 3926 on c598.nibi.sharcnet: 1 pinned threads; allocated CPUs 86
rank 4093 on c599.nibi.sharcnet: 1 pinned threads; allocated CPUs 61
rank 3928 on c598.nibi.sharcnet: 1 pinned threads; allocated CPUs 88
rank 4042 on c599.nibi.sharcnet: 1 pinned threads; allocated CPUs 10
rank 3930 on c598.nibi.sharcnet: 1 pinned threads; allocated CPUs 90
rank 4084 on c599.nibi.sharcnet: 1 pinned threads; allocated CPUs 52
rank 3932 on c598.nibi.sharcnet: 1 pinned threads; allocated CPUs 92
rank 4116 on c599.nibi.sharcnet: 1 pinned threads; allocated CPUs 84
rank 3933 on c598.nibi.sharcnet: 1 pinned threads; allocated CPUs 93
rank 4049 on c599.nibi.sharcnet: 1 pinned threads; allocated CPUs 17
rank 3848 on c598.nibi.sharcnet: 1 pinned threads; allocated CPUs 8
rank 4056 on c599.nibi.sharcnet: 1 pinned threads; allocated CPUs 24
rank 3890 on c598.nibi.sharcnet: 1 pinned threads; allocated CPUs 50
rank 4110 on c599.nibi.sharcnet: 1 pinned threads; allocated CPUs 78
rank 3931 on c598.nibi.sharcnet: 1 pinned threads; allocated CPUs 91
rank 4105 on c599.nibi.sharcnet: 1 pinned threads; allocated CPUs 73
rank 3849 on c598.nibi.sharcnet: 1 pinned threads; allocated CPUs 9
rank 4119 on c599.nibi.sharcnet: 1 pinned threads; allocated CPUs 87
rank 3914 on c598.nibi.sharcnet: 1 pinned threads; allocated CPUs 74
rank 4034 on c599.nibi.sharcnet: 1 pinned threads; allocated CPUs 2
rank 3919 on c598.nibi.sharcnet: 1 pinned threads; allocated CPUs 79
rank 4039 on c599.nibi.sharcnet: 1 pinned threads; allocated CPUs 7
rank 4044 on c599.nibi.sharcnet: 1 pinned threads; allocated CPUs 12
rank 5962 on c641.nibi.sharcnet: 1 pinned threads; allocated CPUs 10
rank 4046 on c599.nibi.sharcnet: 1 pinned threads; allocated CPUs 14
rank 5963 on c641.nibi.sharcnet: 1 pinned threads; allocated CPUs 11
rank 4053 on c599.nibi.sharcnet: 1 pinned threads; allocated CPUs 21
rank 5964 on c641.nibi.sharcnet: 1 pinned threads; allocated CPUs 12
rank 4057 on c599.nibi.sharcnet: 1 pinned threads; allocated CPUs 25
rank 5965 on c641.nibi.sharcnet: 1 pinned threads; allocated CPUs 13
rank 4058 on c599.nibi.sharcnet: 1 pinned threads; allocated CPUs 26
rank 5966 on c641.nibi.sharcnet: 1 pinned threads; allocated CPUs 14
rank 4060 on c599.nibi.sharcnet: 1 pinned threads; allocated CPUs 28
rank 5967 on c641.nibi.sharcnet: 1 pinned threads; allocated CPUs 15
rank 4062 on c599.nibi.sharcnet: 1 pinned threads; allocated CPUs 30
rank 5968 on c641.nibi.sharcnet: 1 pinned threads; allocated CPUs 16
rank 4065 on c599.nibi.sharcnet: 1 pinned threads; allocated CPUs 33
rank 5969 on c641.nibi.sharcnet: 1 pinned threads; allocated CPUs 17
rank 4069 on c599.nibi.sharcnet: 1 pinned threads; allocated CPUs 37
rank 5970 on c641.nibi.sharcnet: 1 pinned threads; allocated CPUs 18
rank 4075 on c599.nibi.sharcnet: 1 pinned threads; allocated CPUs 43
rank 5971 on c641.nibi.sharcnet: 1 pinned threads; allocated CPUs 19
rank 4077 on c599.nibi.sharcnet: 1 pinned threads; allocated CPUs 45
rank 5972 on c641.nibi.sharcnet: 1 pinned threads; allocated CPUs 20
rank 4083 on c599.nibi.sharcnet: 1 pinned threads; allocated CPUs 51
rank 5973 on c641.nibi.sharcnet: 1 pinned threads; allocated CPUs 21
rank 4102 on c599.nibi.sharcnet: 1 pinned threads; allocated CPUs 70
rank 5974 on c641.nibi.sharcnet: 1 pinned threads; allocated CPUs 22
rank 4106 on c599.nibi.sharcnet: 1 pinned threads; allocated CPUs 74
rank 5975 on c641.nibi.sharcnet: 1 pinned threads; allocated CPUs 23
rank 4107 on c599.nibi.sharcnet: 1 pinned threads; allocated CPUs 75
rank 5976 on c641.nibi.sharcnet: 1 pinned threads; allocated CPUs 24
rank 4114 on c599.nibi.sharcnet: 1 pinned threads; allocated CPUs 82
rank 5977 on c641.nibi.sharcnet: 1 pinned threads; allocated CPUs 25
rank 4117 on c599.nibi.sharcnet: 1 pinned threads; allocated CPUs 85
rank 5978 on c641.nibi.sharcnet: 1 pinned threads; allocated CPUs 26
rank 4120 on c599.nibi.sharcnet: 1 pinned threads; allocated CPUs 88
rank 5979 on c641.nibi.sharcnet: 1 pinned threads; allocated CPUs 27
rank 4126 on c599.nibi.sharcnet: 1 pinned threads; allocated CPUs 94
rank 5980 on c641.nibi.sharcnet: 1 pinned threads; allocated CPUs 28
rank 4032 on c599.nibi.sharcnet: 1 pinned threads; allocated CPUs 0
rank 5981 on c641.nibi.sharcnet: 1 pinned threads; allocated CPUs 29
rank 4036 on c599.nibi.sharcnet: 1 pinned threads; allocated CPUs 4
rank 5982 on c641.nibi.sharcnet: 1 pinned threads; allocated CPUs 30
rank 4043 on c599.nibi.sharcnet: 1 pinned threads; allocated CPUs 11
rank 5983 on c641.nibi.sharcnet: 1 pinned threads; allocated CPUs 31
rank 4051 on c599.nibi.sharcnet: 1 pinned threads; allocated CPUs 19
rank 5984 on c641.nibi.sharcnet: 1 pinned threads; allocated CPUs 32
rank 4054 on c599.nibi.sharcnet: 1 pinned threads; allocated CPUs 22
rank 5985 on c641.nibi.sharcnet: 1 pinned threads; allocated CPUs 33
rank 4059 on c599.nibi.sharcnet: 1 pinned threads; allocated CPUs 27
rank 5986 on c641.nibi.sharcnet: 1 pinned threads; allocated CPUs 34
rank 4061 on c599.nibi.sharcnet: 1 pinned threads; allocated CPUs 29
rank 5987 on c641.nibi.sharcnet: 1 pinned threads; allocated CPUs 35
rank 4063 on c599.nibi.sharcnet: 1 pinned threads; allocated CPUs 31
rank 5988 on c641.nibi.sharcnet: 1 pinned threads; allocated CPUs 36
rank 4064 on c599.nibi.sharcnet: 1 pinned threads; allocated CPUs 32
rank 5990 on c641.nibi.sharcnet: 1 pinned threads; allocated CPUs 38
rank 4071 on c599.nibi.sharcnet: 1 pinned threads; allocated CPUs 39
rank 5991 on c641.nibi.sharcnet: 1 pinned threads; allocated CPUs 39
rank 4074 on c599.nibi.sharcnet: 1 pinned threads; allocated CPUs 42
rank 5992 on c641.nibi.sharcnet: 1 pinned threads; allocated CPUs 40
rank 4082 on c599.nibi.sharcnet: 1 pinned threads; allocated CPUs 50
rank 5993 on c641.nibi.sharcnet: 1 pinned threads; allocated CPUs 41
rank 4085 on c599.nibi.sharcnet: 1 pinned threads; allocated CPUs 53
rank 5994 on c641.nibi.sharcnet: 1 pinned threads; allocated CPUs 42
rank 4089 on c599.nibi.sharcnet: 1 pinned threads; allocated CPUs 57
rank 5995 on c641.nibi.sharcnet: 1 pinned threads; allocated CPUs 43
rank 4096 on c599.nibi.sharcnet: 1 pinned threads; allocated CPUs 64
rank 5996 on c641.nibi.sharcnet: 1 pinned threads; allocated CPUs 44
rank 4099 on c599.nibi.sharcnet: 1 pinned threads; allocated CPUs 67
rank 5997 on c641.nibi.sharcnet: 1 pinned threads; allocated CPUs 45
rank 4100 on c599.nibi.sharcnet: 1 pinned threads; allocated CPUs 68
rank 5998 on c641.nibi.sharcnet: 1 pinned threads; allocated CPUs 46
rank 4101 on c599.nibi.sharcnet: 1 pinned threads; allocated CPUs 69
rank 5999 on c641.nibi.sharcnet: 1 pinned threads; allocated CPUs 47
rank 4104 on c599.nibi.sharcnet: 1 pinned threads; allocated CPUs 72
rank 6000 on c641.nibi.sharcnet: 1 pinned threads; allocated CPUs 48
rank 4109 on c599.nibi.sharcnet: 1 pinned threads; allocated CPUs 77
rank 6001 on c641.nibi.sharcnet: 1 pinned threads; allocated CPUs 49
rank 4111 on c599.nibi.sharcnet: 1 pinned threads; allocated CPUs 79
rank 6002 on c641.nibi.sharcnet: 1 pinned threads; allocated CPUs 50
rank 4115 on c599.nibi.sharcnet: 1 pinned threads; allocated CPUs 83
rank 6003 on c641.nibi.sharcnet: 1 pinned threads; allocated CPUs 51
rank 4118 on c599.nibi.sharcnet: 1 pinned threads; allocated CPUs 86
rank 6004 on c641.nibi.sharcnet: 1 pinned threads; allocated CPUs 52
rank 4121 on c599.nibi.sharcnet: 1 pinned threads; allocated CPUs 89
rank 6005 on c641.nibi.sharcnet: 1 pinned threads; allocated CPUs 53
rank 4122 on c599.nibi.sharcnet: 1 pinned threads; allocated CPUs 90
rank 6006 on c641.nibi.sharcnet: 1 pinned threads; allocated CPUs 54
rank 4123 on c599.nibi.sharcnet: 1 pinned threads; allocated CPUs 91
rank 6007 on c641.nibi.sharcnet: 1 pinned threads; allocated CPUs 55
rank 4125 on c599.nibi.sharcnet: 1 pinned threads; allocated CPUs 93
rank 6008 on c641.nibi.sharcnet: 1 pinned threads; allocated CPUs 56
rank 4127 on c599.nibi.sharcnet: 1 pinned threads; allocated CPUs 95
rank 6009 on c641.nibi.sharcnet: 1 pinned threads; allocated CPUs 57
rank 4035 on c599.nibi.sharcnet: 1 pinned threads; allocated CPUs 3
rank 6010 on c641.nibi.sharcnet: 1 pinned threads; allocated CPUs 58
rank 4037 on c599.nibi.sharcnet: 1 pinned threads; allocated CPUs 5
rank 6011 on c641.nibi.sharcnet: 1 pinned threads; allocated CPUs 59
rank 4038 on c599.nibi.sharcnet: 1 pinned threads; allocated CPUs 6
rank 6012 on c641.nibi.sharcnet: 1 pinned threads; allocated CPUs 60
rank 4040 on c599.nibi.sharcnet: 1 pinned threads; allocated CPUs 8
rank 6013 on c641.nibi.sharcnet: 1 pinned threads; allocated CPUs 61
rank 4050 on c599.nibi.sharcnet: 1 pinned threads; allocated CPUs 18
rank 6014 on c641.nibi.sharcnet: 1 pinned threads; allocated CPUs 62
rank 4055 on c599.nibi.sharcnet: 1 pinned threads; allocated CPUs 23
rank 6016 on c641.nibi.sharcnet: 1 pinned threads; allocated CPUs 64
rank 4097 on c599.nibi.sharcnet: 1 pinned threads; allocated CPUs 65
rank 6017 on c641.nibi.sharcnet: 1 pinned threads; allocated CPUs 65
rank 4103 on c599.nibi.sharcnet: 1 pinned threads; allocated CPUs 71
rank 6018 on c641.nibi.sharcnet: 1 pinned threads; allocated CPUs 66
rank 4112 on c599.nibi.sharcnet: 1 pinned threads; allocated CPUs 80
rank 6019 on c641.nibi.sharcnet: 1 pinned threads; allocated CPUs 67
rank 4124 on c599.nibi.sharcnet: 1 pinned threads; allocated CPUs 92
rank 6020 on c641.nibi.sharcnet: 1 pinned threads; allocated CPUs 68
rank 4079 on c599.nibi.sharcnet: 1 pinned threads; allocated CPUs 47
rank 6021 on c641.nibi.sharcnet: 1 pinned threads; allocated CPUs 69
rank 4076 on c599.nibi.sharcnet: 1 pinned threads; allocated CPUs 44
rank 6022 on c641.nibi.sharcnet: 1 pinned threads; allocated CPUs 70
rank 4033 on c599.nibi.sharcnet: 1 pinned threads; allocated CPUs 1
rank 6023 on c641.nibi.sharcnet: 1 pinned threads; allocated CPUs 71
rank 6024 on c641.nibi.sharcnet: 1 pinned threads; allocated CPUs 72
rank 313 on c128.nibi.sharcnet: 1 pinned threads; allocated CPUs 121
rank 6025 on c641.nibi.sharcnet: 1 pinned threads; allocated CPUs 73
rank 315 on c128.nibi.sharcnet: 1 pinned threads; allocated CPUs 123
rank 6026 on c641.nibi.sharcnet: 1 pinned threads; allocated CPUs 74
rank 317 on c128.nibi.sharcnet: 1 pinned threads; allocated CPUs 125
rank 6027 on c641.nibi.sharcnet: 1 pinned threads; allocated CPUs 75
rank 318 on c128.nibi.sharcnet: 1 pinned threads; allocated CPUs 126
rank 6028 on c641.nibi.sharcnet: 1 pinned threads; allocated CPUs 76
rank 319 on c128.nibi.sharcnet: 1 pinned threads; allocated CPUs 127
rank 6029 on c641.nibi.sharcnet: 1 pinned threads; allocated CPUs 77
rank 320 on c128.nibi.sharcnet: 1 pinned threads; allocated CPUs 128
rank 6030 on c641.nibi.sharcnet: 1 pinned threads; allocated CPUs 78
rank 321 on c128.nibi.sharcnet: 1 pinned threads; allocated CPUs 129
rank 6031 on c641.nibi.sharcnet: 1 pinned threads; allocated CPUs 79
rank 322 on c128.nibi.sharcnet: 1 pinned threads; allocated CPUs 130
rank 6032 on c641.nibi.sharcnet: 1 pinned threads; allocated CPUs 80
rank 323 on c128.nibi.sharcnet: 1 pinned threads; allocated CPUs 131
rank 6033 on c641.nibi.sharcnet: 1 pinned threads; allocated CPUs 81
rank 324 on c128.nibi.sharcnet: 1 pinned threads; allocated CPUs 132
rank 6034 on c641.nibi.sharcnet: 1 pinned threads; allocated CPUs 82
rank 326 on c128.nibi.sharcnet: 1 pinned threads; allocated CPUs 134
rank 6035 on c641.nibi.sharcnet: 1 pinned threads; allocated CPUs 83
rank 327 on c128.nibi.sharcnet: 1 pinned threads; allocated CPUs 135
rank 6036 on c641.nibi.sharcnet: 1 pinned threads; allocated CPUs 84
rank 328 on c128.nibi.sharcnet: 1 pinned threads; allocated CPUs 136
rank 6037 on c641.nibi.sharcnet: 1 pinned threads; allocated CPUs 85
rank 329 on c128.nibi.sharcnet: 1 pinned threads; allocated CPUs 137
rank 6038 on c641.nibi.sharcnet: 1 pinned threads; allocated CPUs 86
rank 330 on c128.nibi.sharcnet: 1 pinned threads; allocated CPUs 138
rank 6040 on c641.nibi.sharcnet: 1 pinned threads; allocated CPUs 88
rank 331 on c128.nibi.sharcnet: 1 pinned threads; allocated CPUs 139
rank 6041 on c641.nibi.sharcnet: 1 pinned threads; allocated CPUs 89
rank 332 on c128.nibi.sharcnet: 1 pinned threads; allocated CPUs 140
rank 6042 on c641.nibi.sharcnet: 1 pinned threads; allocated CPUs 90
rank 333 on c128.nibi.sharcnet: 1 pinned threads; allocated CPUs 141
rank 6043 on c641.nibi.sharcnet: 1 pinned threads; allocated CPUs 91
rank 334 on c128.nibi.sharcnet: 1 pinned threads; allocated CPUs 142
rank 6044 on c641.nibi.sharcnet: 1 pinned threads; allocated CPUs 92
rank 335 on c128.nibi.sharcnet: 1 pinned threads; allocated CPUs 143
rank 6045 on c641.nibi.sharcnet: 1 pinned threads; allocated CPUs 93
rank 336 on c128.nibi.sharcnet: 1 pinned threads; allocated CPUs 144
rank 6046 on c641.nibi.sharcnet: 1 pinned threads; allocated CPUs 94
rank 337 on c128.nibi.sharcnet: 1 pinned threads; allocated CPUs 145
rank 6047 on c641.nibi.sharcnet: 1 pinned threads; allocated CPUs 95
rank 338 on c128.nibi.sharcnet: 1 pinned threads; allocated CPUs 146
rank 6048 on c641.nibi.sharcnet: 1 pinned threads; allocated CPUs 96
rank 339 on c128.nibi.sharcnet: 1 pinned threads; allocated CPUs 147
rank 6049 on c641.nibi.sharcnet: 1 pinned threads; allocated CPUs 97
rank 340 on c128.nibi.sharcnet: 1 pinned threads; allocated CPUs 148
rank 6050 on c641.nibi.sharcnet: 1 pinned threads; allocated CPUs 98
rank 341 on c128.nibi.sharcnet: 1 pinned threads; allocated CPUs 149
rank 6051 on c641.nibi.sharcnet: 1 pinned threads; allocated CPUs 99
rank 342 on c128.nibi.sharcnet: 1 pinned threads; allocated CPUs 150
rank 6052 on c641.nibi.sharcnet: 1 pinned threads; allocated CPUs 100
rank 343 on c128.nibi.sharcnet: 1 pinned threads; allocated CPUs 151
rank 6053 on c641.nibi.sharcnet: 1 pinned threads; allocated CPUs 101
rank 344 on c128.nibi.sharcnet: 1 pinned threads; allocated CPUs 152
rank 6054 on c641.nibi.sharcnet: 1 pinned threads; allocated CPUs 102
rank 345 on c128.nibi.sharcnet: 1 pinned threads; allocated CPUs 153
rank 6055 on c641.nibi.sharcnet: 1 pinned threads; allocated CPUs 103
rank 346 on c128.nibi.sharcnet: 1 pinned threads; allocated CPUs 154
rank 6056 on c641.nibi.sharcnet: 1 pinned threads; allocated CPUs 104
rank 347 on c128.nibi.sharcnet: 1 pinned threads; allocated CPUs 155
rank 6057 on c641.nibi.sharcnet: 1 pinned threads; allocated CPUs 105
rank 348 on c128.nibi.sharcnet: 1 pinned threads; allocated CPUs 156
rank 6058 on c641.nibi.sharcnet: 1 pinned threads; allocated CPUs 106
rank 349 on c128.nibi.sharcnet: 1 pinned threads; allocated CPUs 157
rank 6059 on c641.nibi.sharcnet: 1 pinned threads; allocated CPUs 107
rank 350 on c128.nibi.sharcnet: 1 pinned threads; allocated CPUs 158
rank 6060 on c641.nibi.sharcnet: 1 pinned threads; allocated CPUs 108
rank 351 on c128.nibi.sharcnet: 1 pinned threads; allocated CPUs 159
rank 6061 on c641.nibi.sharcnet: 1 pinned threads; allocated CPUs 109
rank 353 on c128.nibi.sharcnet: 1 pinned threads; allocated CPUs 161
rank 6062 on c641.nibi.sharcnet: 1 pinned threads; allocated CPUs 110
rank 355 on c128.nibi.sharcnet: 1 pinned threads; allocated CPUs 163
rank 6063 on c641.nibi.sharcnet: 1 pinned threads; allocated CPUs 111
rank 356 on c128.nibi.sharcnet: 1 pinned threads; allocated CPUs 164
rank 6064 on c641.nibi.sharcnet: 1 pinned threads; allocated CPUs 112
rank 357 on c128.nibi.sharcnet: 1 pinned threads; allocated CPUs 165
rank 6065 on c641.nibi.sharcnet: 1 pinned threads; allocated CPUs 113
rank 358 on c128.nibi.sharcnet: 1 pinned threads; allocated CPUs 166
rank 6066 on c641.nibi.sharcnet: 1 pinned threads; allocated CPUs 114
rank 360 on c128.nibi.sharcnet: 1 pinned threads; allocated CPUs 168
rank 6067 on c641.nibi.sharcnet: 1 pinned threads; allocated CPUs 115
rank 361 on c128.nibi.sharcnet: 1 pinned threads; allocated CPUs 169
rank 6068 on c641.nibi.sharcnet: 1 pinned threads; allocated CPUs 116
rank 362 on c128.nibi.sharcnet: 1 pinned threads; allocated CPUs 170
rank 6069 on c641.nibi.sharcnet: 1 pinned threads; allocated CPUs 117
rank 363 on c128.nibi.sharcnet: 1 pinned threads; allocated CPUs 171
rank 6070 on c641.nibi.sharcnet: 1 pinned threads; allocated CPUs 118
rank 365 on c128.nibi.sharcnet: 1 pinned threads; allocated CPUs 173
rank 6071 on c641.nibi.sharcnet: 1 pinned threads; allocated CPUs 119
rank 366 on c128.nibi.sharcnet: 1 pinned threads; allocated CPUs 174
rank 6072 on c641.nibi.sharcnet: 1 pinned threads; allocated CPUs 120
rank 367 on c128.nibi.sharcnet: 1 pinned threads; allocated CPUs 175
rank 6073 on c641.nibi.sharcnet: 1 pinned threads; allocated CPUs 121
rank 368 on c128.nibi.sharcnet: 1 pinned threads; allocated CPUs 176
rank 6074 on c641.nibi.sharcnet: 1 pinned threads; allocated CPUs 122
rank 369 on c128.nibi.sharcnet: 1 pinned threads; allocated CPUs 177
rank 6075 on c641.nibi.sharcnet: 1 pinned threads; allocated CPUs 123
rank 370 on c128.nibi.sharcnet: 1 pinned threads; allocated CPUs 178
rank 6076 on c641.nibi.sharcnet: 1 pinned threads; allocated CPUs 124
rank 371 on c128.nibi.sharcnet: 1 pinned threads; allocated CPUs 179
rank 6077 on c641.nibi.sharcnet: 1 pinned threads; allocated CPUs 125
rank 372 on c128.nibi.sharcnet: 1 pinned threads; allocated CPUs 180
rank 6078 on c641.nibi.sharcnet: 1 pinned threads; allocated CPUs 126
rank 374 on c128.nibi.sharcnet: 1 pinned threads; allocated CPUs 182
rank 6079 on c641.nibi.sharcnet: 1 pinned threads; allocated CPUs 127
rank 375 on c128.nibi.sharcnet: 1 pinned threads; allocated CPUs 183
rank 6080 on c641.nibi.sharcnet: 1 pinned threads; allocated CPUs 128
rank 379 on c128.nibi.sharcnet: 1 pinned threads; allocated CPUs 187
rank 6081 on c641.nibi.sharcnet: 1 pinned threads; allocated CPUs 129
rank 380 on c128.nibi.sharcnet: 1 pinned threads; allocated CPUs 188
rank 6082 on c641.nibi.sharcnet: 1 pinned threads; allocated CPUs 130
rank 381 on c128.nibi.sharcnet: 1 pinned threads; allocated CPUs 189
rank 6083 on c641.nibi.sharcnet: 1 pinned threads; allocated CPUs 131
rank 382 on c128.nibi.sharcnet: 1 pinned threads; allocated CPUs 190
rank 6084 on c641.nibi.sharcnet: 1 pinned threads; allocated CPUs 132
rank 383 on c128.nibi.sharcnet: 1 pinned threads; allocated CPUs 191
rank 6085 on c641.nibi.sharcnet: 1 pinned threads; allocated CPUs 133
rank 192 on c128.nibi.sharcnet: 1 pinned threads; allocated CPUs 0
rank 6086 on c641.nibi.sharcnet: 1 pinned threads; allocated CPUs 134
rank 194 on c128.nibi.sharcnet: 1 pinned threads; allocated CPUs 2
rank 6087 on c641.nibi.sharcnet: 1 pinned threads; allocated CPUs 135
rank 195 on c128.nibi.sharcnet: 1 pinned threads; allocated CPUs 3
rank 6088 on c641.nibi.sharcnet: 1 pinned threads; allocated CPUs 136
rank 196 on c128.nibi.sharcnet: 1 pinned threads; allocated CPUs 4
rank 6089 on c641.nibi.sharcnet: 1 pinned threads; allocated CPUs 137
rank 199 on c128.nibi.sharcnet: 1 pinned threads; allocated CPUs 7
rank 6090 on c641.nibi.sharcnet: 1 pinned threads; allocated CPUs 138
rank 200 on c128.nibi.sharcnet: 1 pinned threads; allocated CPUs 8
rank 6091 on c641.nibi.sharcnet: 1 pinned threads; allocated CPUs 139
rank 203 on c128.nibi.sharcnet: 1 pinned threads; allocated CPUs 11
rank 6092 on c641.nibi.sharcnet: 1 pinned threads; allocated CPUs 140
rank 205 on c128.nibi.sharcnet: 1 pinned threads; allocated CPUs 13
rank 6093 on c641.nibi.sharcnet: 1 pinned threads; allocated CPUs 141
rank 207 on c128.nibi.sharcnet: 1 pinned threads; allocated CPUs 15
rank 6094 on c641.nibi.sharcnet: 1 pinned threads; allocated CPUs 142
rank 210 on c128.nibi.sharcnet: 1 pinned threads; allocated CPUs 18
rank 6095 on c641.nibi.sharcnet: 1 pinned threads; allocated CPUs 143
rank 213 on c128.nibi.sharcnet: 1 pinned threads; allocated CPUs 21
rank 6096 on c641.nibi.sharcnet: 1 pinned threads; allocated CPUs 144
rank 215 on c128.nibi.sharcnet: 1 pinned threads; allocated CPUs 23
rank 6097 on c641.nibi.sharcnet: 1 pinned threads; allocated CPUs 145
rank 216 on c128.nibi.sharcnet: 1 pinned threads; allocated CPUs 24
rank 6098 on c641.nibi.sharcnet: 1 pinned threads; allocated CPUs 146
rank 218 on c128.nibi.sharcnet: 1 pinned threads; allocated CPUs 26
rank 6099 on c641.nibi.sharcnet: 1 pinned threads; allocated CPUs 147
rank 223 on c128.nibi.sharcnet: 1 pinned threads; allocated CPUs 31
rank 6100 on c641.nibi.sharcnet: 1 pinned threads; allocated CPUs 148
rank 226 on c128.nibi.sharcnet: 1 pinned threads; allocated CPUs 34
rank 6101 on c641.nibi.sharcnet: 1 pinned threads; allocated CPUs 149
rank 235 on c128.nibi.sharcnet: 1 pinned threads; allocated CPUs 43
rank 6102 on c641.nibi.sharcnet: 1 pinned threads; allocated CPUs 150
rank 250 on c128.nibi.sharcnet: 1 pinned threads; allocated CPUs 58
rank 6103 on c641.nibi.sharcnet: 1 pinned threads; allocated CPUs 151
rank 256 on c128.nibi.sharcnet: 1 pinned threads; allocated CPUs 64
rank 6104 on c641.nibi.sharcnet: 1 pinned threads; allocated CPUs 152
rank 257 on c128.nibi.sharcnet: 1 pinned threads; allocated CPUs 65
rank 6105 on c641.nibi.sharcnet: 1 pinned threads; allocated CPUs 153
rank 258 on c128.nibi.sharcnet: 1 pinned threads; allocated CPUs 66
rank 6106 on c641.nibi.sharcnet: 1 pinned threads; allocated CPUs 154
rank 260 on c128.nibi.sharcnet: 1 pinned threads; allocated CPUs 68
rank 6107 on c641.nibi.sharcnet: 1 pinned threads; allocated CPUs 155
rank 261 on c128.nibi.sharcnet: 1 pinned threads; allocated CPUs 69
rank 6108 on c641.nibi.sharcnet: 1 pinned threads; allocated CPUs 156
rank 262 on c128.nibi.sharcnet: 1 pinned threads; allocated CPUs 70
rank 6109 on c641.nibi.sharcnet: 1 pinned threads; allocated CPUs 157
rank 263 on c128.nibi.sharcnet: 1 pinned threads; allocated CPUs 71
rank 6110 on c641.nibi.sharcnet: 1 pinned threads; allocated CPUs 158
rank 264 on c128.nibi.sharcnet: 1 pinned threads; allocated CPUs 72
rank 6111 on c641.nibi.sharcnet: 1 pinned threads; allocated CPUs 159
rank 265 on c128.nibi.sharcnet: 1 pinned threads; allocated CPUs 73
rank 6112 on c641.nibi.sharcnet: 1 pinned threads; allocated CPUs 160
rank 266 on c128.nibi.sharcnet: 1 pinned threads; allocated CPUs 74
rank 6113 on c641.nibi.sharcnet: 1 pinned threads; allocated CPUs 161
rank 267 on c128.nibi.sharcnet: 1 pinned threads; allocated CPUs 75
rank 6114 on c641.nibi.sharcnet: 1 pinned threads; allocated CPUs 162
rank 268 on c128.nibi.sharcnet: 1 pinned threads; allocated CPUs 76
rank 6115 on c641.nibi.sharcnet: 1 pinned threads; allocated CPUs 163
rank 269 on c128.nibi.sharcnet: 1 pinned threads; allocated CPUs 77
rank 6116 on c641.nibi.sharcnet: 1 pinned threads; allocated CPUs 164
rank 270 on c128.nibi.sharcnet: 1 pinned threads; allocated CPUs 78
rank 6117 on c641.nibi.sharcnet: 1 pinned threads; allocated CPUs 165
rank 271 on c128.nibi.sharcnet: 1 pinned threads; allocated CPUs 79
rank 6118 on c641.nibi.sharcnet: 1 pinned threads; allocated CPUs 166
rank 272 on c128.nibi.sharcnet: 1 pinned threads; allocated CPUs 80
rank 6119 on c641.nibi.sharcnet: 1 pinned threads; allocated CPUs 167
rank 273 on c128.nibi.sharcnet: 1 pinned threads; allocated CPUs 81
rank 6120 on c641.nibi.sharcnet: 1 pinned threads; allocated CPUs 168
rank 274 on c128.nibi.sharcnet: 1 pinned threads; allocated CPUs 82
rank 6121 on c641.nibi.sharcnet: 1 pinned threads; allocated CPUs 169
rank 275 on c128.nibi.sharcnet: 1 pinned threads; allocated CPUs 83
rank 6122 on c641.nibi.sharcnet: 1 pinned threads; allocated CPUs 170
rank 276 on c128.nibi.sharcnet: 1 pinned threads; allocated CPUs 84
rank 6123 on c641.nibi.sharcnet: 1 pinned threads; allocated CPUs 171
rank 277 on c128.nibi.sharcnet: 1 pinned threads; allocated CPUs 85
rank 6124 on c641.nibi.sharcnet: 1 pinned threads; allocated CPUs 172
rank 278 on c128.nibi.sharcnet: 1 pinned threads; allocated CPUs 86
rank 6125 on c641.nibi.sharcnet: 1 pinned threads; allocated CPUs 173
rank 279 on c128.nibi.sharcnet: 1 pinned threads; allocated CPUs 87
rank 6126 on c641.nibi.sharcnet: 1 pinned threads; allocated CPUs 174
rank 280 on c128.nibi.sharcnet: 1 pinned threads; allocated CPUs 88
rank 6127 on c641.nibi.sharcnet: 1 pinned threads; allocated CPUs 175
rank 281 on c128.nibi.sharcnet: 1 pinned threads; allocated CPUs 89
rank 6128 on c641.nibi.sharcnet: 1 pinned threads; allocated CPUs 176
rank 282 on c128.nibi.sharcnet: 1 pinned threads; allocated CPUs 90
rank 6129 on c641.nibi.sharcnet: 1 pinned threads; allocated CPUs 177
rank 283 on c128.nibi.sharcnet: 1 pinned threads; allocated CPUs 91
rank 6130 on c641.nibi.sharcnet: 1 pinned threads; allocated CPUs 178
rank 284 on c128.nibi.sharcnet: 1 pinned threads; allocated CPUs 92
rank 6131 on c641.nibi.sharcnet: 1 pinned threads; allocated CPUs 179
rank 285 on c128.nibi.sharcnet: 1 pinned threads; allocated CPUs 93
rank 6132 on c641.nibi.sharcnet: 1 pinned threads; allocated CPUs 180
rank 286 on c128.nibi.sharcnet: 1 pinned threads; allocated CPUs 94
rank 6133 on c641.nibi.sharcnet: 1 pinned threads; allocated CPUs 181
rank 287 on c128.nibi.sharcnet: 1 pinned threads; allocated CPUs 95
rank 6134 on c641.nibi.sharcnet: 1 pinned threads; allocated CPUs 182
rank 288 on c128.nibi.sharcnet: 1 pinned threads; allocated CPUs 96
rank 6135 on c641.nibi.sharcnet: 1 pinned threads; allocated CPUs 183
rank 291 on c128.nibi.sharcnet: 1 pinned threads; allocated CPUs 99
rank 6136 on c641.nibi.sharcnet: 1 pinned threads; allocated CPUs 184
rank 299 on c128.nibi.sharcnet: 1 pinned threads; allocated CPUs 107
rank 6137 on c641.nibi.sharcnet: 1 pinned threads; allocated CPUs 185
rank 301 on c128.nibi.sharcnet: 1 pinned threads; allocated CPUs 109
rank 6138 on c641.nibi.sharcnet: 1 pinned threads; allocated CPUs 186
rank 303 on c128.nibi.sharcnet: 1 pinned threads; allocated CPUs 111
rank 6139 on c641.nibi.sharcnet: 1 pinned threads; allocated CPUs 187
rank 306 on c128.nibi.sharcnet: 1 pinned threads; allocated CPUs 114
rank 6140 on c641.nibi.sharcnet: 1 pinned threads; allocated CPUs 188
rank 310 on c128.nibi.sharcnet: 1 pinned threads; allocated CPUs 118
rank 6141 on c641.nibi.sharcnet: 1 pinned threads; allocated CPUs 189
rank 314 on c128.nibi.sharcnet: 1 pinned threads; allocated CPUs 122
rank 6142 on c641.nibi.sharcnet: 1 pinned threads; allocated CPUs 190
rank 316 on c128.nibi.sharcnet: 1 pinned threads; allocated CPUs 124
rank 6143 on c641.nibi.sharcnet: 1 pinned threads; allocated CPUs 191
rank 325 on c128.nibi.sharcnet: 1 pinned threads; allocated CPUs 133
rank 5989 on c641.nibi.sharcnet: 1 pinned threads; allocated CPUs 37
rank 352 on c128.nibi.sharcnet: 1 pinned threads; allocated CPUs 160
rank 6015 on c641.nibi.sharcnet: 1 pinned threads; allocated CPUs 63
rank 354 on c128.nibi.sharcnet: 1 pinned threads; allocated CPUs 162
rank 6039 on c641.nibi.sharcnet: 1 pinned threads; allocated CPUs 87
rank 359 on c128.nibi.sharcnet: 1 pinned threads; allocated CPUs 167
rank 364 on c128.nibi.sharcnet: 1 pinned threads; allocated CPUs 172
rank 3424 on c591.nibi.sharcnet: 1 pinned threads; allocated CPUs 160
rank 373 on c128.nibi.sharcnet: 1 pinned threads; allocated CPUs 181
rank 3425 on c591.nibi.sharcnet: 1 pinned threads; allocated CPUs 161
rank 377 on c128.nibi.sharcnet: 1 pinned threads; allocated CPUs 185
rank 3426 on c591.nibi.sharcnet: 1 pinned threads; allocated CPUs 162
rank 378 on c128.nibi.sharcnet: 1 pinned threads; allocated CPUs 186
rank 3427 on c591.nibi.sharcnet: 1 pinned threads; allocated CPUs 163
rank 259 on c128.nibi.sharcnet: 1 pinned threads; allocated CPUs 67
rank 3428 on c591.nibi.sharcnet: 1 pinned threads; allocated CPUs 164
rank 305 on c128.nibi.sharcnet: 1 pinned threads; allocated CPUs 113
rank 3429 on c591.nibi.sharcnet: 1 pinned threads; allocated CPUs 165
rank 211 on c128.nibi.sharcnet: 1 pinned threads; allocated CPUs 19
rank 3430 on c591.nibi.sharcnet: 1 pinned threads; allocated CPUs 166
rank 225 on c128.nibi.sharcnet: 1 pinned threads; allocated CPUs 33
rank 3431 on c591.nibi.sharcnet: 1 pinned threads; allocated CPUs 167
rank 229 on c128.nibi.sharcnet: 1 pinned threads; allocated CPUs 37
rank 3432 on c591.nibi.sharcnet: 1 pinned threads; allocated CPUs 168
rank 236 on c128.nibi.sharcnet: 1 pinned threads; allocated CPUs 44
rank 3433 on c591.nibi.sharcnet: 1 pinned threads; allocated CPUs 169
rank 246 on c128.nibi.sharcnet: 1 pinned threads; allocated CPUs 54
rank 3434 on c591.nibi.sharcnet: 1 pinned threads; allocated CPUs 170
rank 376 on c128.nibi.sharcnet: 1 pinned threads; allocated CPUs 184
rank 3435 on c591.nibi.sharcnet: 1 pinned threads; allocated CPUs 171
rank 244 on c128.nibi.sharcnet: 1 pinned threads; allocated CPUs 52
rank 3436 on c591.nibi.sharcnet: 1 pinned threads; allocated CPUs 172
rank 222 on c128.nibi.sharcnet: 1 pinned threads; allocated CPUs 30
rank 3437 on c591.nibi.sharcnet: 1 pinned threads; allocated CPUs 173
rank 224 on c128.nibi.sharcnet: 1 pinned threads; allocated CPUs 32
rank 3438 on c591.nibi.sharcnet: 1 pinned threads; allocated CPUs 174
rank 3439 on c591.nibi.sharcnet: 1 pinned threads; allocated CPUs 175
rank 5573 on c619.nibi.sharcnet: 1 pinned threads; allocated CPUs 5
rank 3440 on c591.nibi.sharcnet: 1 pinned threads; allocated CPUs 176
rank 5578 on c619.nibi.sharcnet: 1 pinned threads; allocated CPUs 10
rank 3441 on c591.nibi.sharcnet: 1 pinned threads; allocated CPUs 177
rank 5589 on c619.nibi.sharcnet: 1 pinned threads; allocated CPUs 21
rank 3442 on c591.nibi.sharcnet: 1 pinned threads; allocated CPUs 178
rank 5590 on c619.nibi.sharcnet: 1 pinned threads; allocated CPUs 22
rank 3443 on c591.nibi.sharcnet: 1 pinned threads; allocated CPUs 179
rank 5596 on c619.nibi.sharcnet: 1 pinned threads; allocated CPUs 28
rank 3444 on c591.nibi.sharcnet: 1 pinned threads; allocated CPUs 180
rank 5664 on c619.nibi.sharcnet: 1 pinned threads; allocated CPUs 96
rank 3445 on c591.nibi.sharcnet: 1 pinned threads; allocated CPUs 181
rank 5691 on c619.nibi.sharcnet: 1 pinned threads; allocated CPUs 123
rank 3446 on c591.nibi.sharcnet: 1 pinned threads; allocated CPUs 182
rank 5692 on c619.nibi.sharcnet: 1 pinned threads; allocated CPUs 124
rank 3447 on c591.nibi.sharcnet: 1 pinned threads; allocated CPUs 183
rank 5724 on c619.nibi.sharcnet: 1 pinned threads; allocated CPUs 156
rank 3448 on c591.nibi.sharcnet: 1 pinned threads; allocated CPUs 184
rank 5737 on c619.nibi.sharcnet: 1 pinned threads; allocated CPUs 169
rank 3449 on c591.nibi.sharcnet: 1 pinned threads; allocated CPUs 185
rank 5570 on c619.nibi.sharcnet: 1 pinned threads; allocated CPUs 2
rank 3450 on c591.nibi.sharcnet: 1 pinned threads; allocated CPUs 186
rank 5591 on c619.nibi.sharcnet: 1 pinned threads; allocated CPUs 23
rank 3451 on c591.nibi.sharcnet: 1 pinned threads; allocated CPUs 187
rank 5597 on c619.nibi.sharcnet: 1 pinned threads; allocated CPUs 29
rank 3452 on c591.nibi.sharcnet: 1 pinned threads; allocated CPUs 188
rank 5614 on c619.nibi.sharcnet: 1 pinned threads; allocated CPUs 46
rank 3453 on c591.nibi.sharcnet: 1 pinned threads; allocated CPUs 189
rank 5639 on c619.nibi.sharcnet: 1 pinned threads; allocated CPUs 71
rank 3454 on c591.nibi.sharcnet: 1 pinned threads; allocated CPUs 190
rank 5640 on c619.nibi.sharcnet: 1 pinned threads; allocated CPUs 72
rank 3455 on c591.nibi.sharcnet: 1 pinned threads; allocated CPUs 191
rank 5651 on c619.nibi.sharcnet: 1 pinned threads; allocated CPUs 83
rank 3296 on c591.nibi.sharcnet: 1 pinned threads; allocated CPUs 32
rank 5730 on c619.nibi.sharcnet: 1 pinned threads; allocated CPUs 162
rank 3298 on c591.nibi.sharcnet: 1 pinned threads; allocated CPUs 34
rank 5736 on c619.nibi.sharcnet: 1 pinned threads; allocated CPUs 168
rank 3299 on c591.nibi.sharcnet: 1 pinned threads; allocated CPUs 35
rank 5739 on c619.nibi.sharcnet: 1 pinned threads; allocated CPUs 171
rank 3300 on c591.nibi.sharcnet: 1 pinned threads; allocated CPUs 36
rank 5751 on c619.nibi.sharcnet: 1 pinned threads; allocated CPUs 183
rank 3302 on c591.nibi.sharcnet: 1 pinned threads; allocated CPUs 38
rank 5757 on c619.nibi.sharcnet: 1 pinned threads; allocated CPUs 189
rank 3303 on c591.nibi.sharcnet: 1 pinned threads; allocated CPUs 39
rank 5759 on c619.nibi.sharcnet: 1 pinned threads; allocated CPUs 191
rank 3304 on c591.nibi.sharcnet: 1 pinned threads; allocated CPUs 40
rank 5577 on c619.nibi.sharcnet: 1 pinned threads; allocated CPUs 9
rank 3305 on c591.nibi.sharcnet: 1 pinned threads; allocated CPUs 41
rank 5580 on c619.nibi.sharcnet: 1 pinned threads; allocated CPUs 12
rank 3306 on c591.nibi.sharcnet: 1 pinned threads; allocated CPUs 42
rank 5619 on c619.nibi.sharcnet: 1 pinned threads; allocated CPUs 51
rank 3307 on c591.nibi.sharcnet: 1 pinned threads; allocated CPUs 43
rank 5624 on c619.nibi.sharcnet: 1 pinned threads; allocated CPUs 56
rank 3310 on c591.nibi.sharcnet: 1 pinned threads; allocated CPUs 46
rank 5631 on c619.nibi.sharcnet: 1 pinned threads; allocated CPUs 63
rank 3311 on c591.nibi.sharcnet: 1 pinned threads; allocated CPUs 47
rank 5638 on c619.nibi.sharcnet: 1 pinned threads; allocated CPUs 70
rank 3312 on c591.nibi.sharcnet: 1 pinned threads; allocated CPUs 48
rank 5666 on c619.nibi.sharcnet: 1 pinned threads; allocated CPUs 98
rank 3313 on c591.nibi.sharcnet: 1 pinned threads; allocated CPUs 49
rank 5673 on c619.nibi.sharcnet: 1 pinned threads; allocated CPUs 105
rank 3315 on c591.nibi.sharcnet: 1 pinned threads; allocated CPUs 51
rank 5674 on c619.nibi.sharcnet: 1 pinned threads; allocated CPUs 106
rank 3316 on c591.nibi.sharcnet: 1 pinned threads; allocated CPUs 52
rank 5677 on c619.nibi.sharcnet: 1 pinned threads; allocated CPUs 109
rank 3317 on c591.nibi.sharcnet: 1 pinned threads; allocated CPUs 53
rank 5678 on c619.nibi.sharcnet: 1 pinned threads; allocated CPUs 110
rank 3318 on c591.nibi.sharcnet: 1 pinned threads; allocated CPUs 54
rank 5683 on c619.nibi.sharcnet: 1 pinned threads; allocated CPUs 115
rank 3321 on c591.nibi.sharcnet: 1 pinned threads; allocated CPUs 57
rank 5684 on c619.nibi.sharcnet: 1 pinned threads; allocated CPUs 116
rank 3323 on c591.nibi.sharcnet: 1 pinned threads; allocated CPUs 59
rank 5690 on c619.nibi.sharcnet: 1 pinned threads; allocated CPUs 122
rank 3324 on c591.nibi.sharcnet: 1 pinned threads; allocated CPUs 60
rank 5693 on c619.nibi.sharcnet: 1 pinned threads; allocated CPUs 125
rank 3325 on c591.nibi.sharcnet: 1 pinned threads; allocated CPUs 61
rank 5723 on c619.nibi.sharcnet: 1 pinned threads; allocated CPUs 155
rank 3326 on c591.nibi.sharcnet: 1 pinned threads; allocated CPUs 62
rank 5728 on c619.nibi.sharcnet: 1 pinned threads; allocated CPUs 160
rank 3331 on c591.nibi.sharcnet: 1 pinned threads; allocated CPUs 67
rank 5731 on c619.nibi.sharcnet: 1 pinned threads; allocated CPUs 163
rank 3332 on c591.nibi.sharcnet: 1 pinned threads; allocated CPUs 68
rank 5735 on c619.nibi.sharcnet: 1 pinned threads; allocated CPUs 167
rank 3339 on c591.nibi.sharcnet: 1 pinned threads; allocated CPUs 75
rank 5740 on c619.nibi.sharcnet: 1 pinned threads; allocated CPUs 172
rank 3341 on c591.nibi.sharcnet: 1 pinned threads; allocated CPUs 77
rank 5743 on c619.nibi.sharcnet: 1 pinned threads; allocated CPUs 175
rank 3342 on c591.nibi.sharcnet: 1 pinned threads; allocated CPUs 78
rank 5744 on c619.nibi.sharcnet: 1 pinned threads; allocated CPUs 176
rank 3346 on c591.nibi.sharcnet: 1 pinned threads; allocated CPUs 82
rank 5748 on c619.nibi.sharcnet: 1 pinned threads; allocated CPUs 180
rank 3349 on c591.nibi.sharcnet: 1 pinned threads; allocated CPUs 85
rank 5749 on c619.nibi.sharcnet: 1 pinned threads; allocated CPUs 181
rank 3355 on c591.nibi.sharcnet: 1 pinned threads; allocated CPUs 91
rank 5752 on c619.nibi.sharcnet: 1 pinned threads; allocated CPUs 184
rank 3356 on c591.nibi.sharcnet: 1 pinned threads; allocated CPUs 92
rank 5753 on c619.nibi.sharcnet: 1 pinned threads; allocated CPUs 185
rank 3359 on c591.nibi.sharcnet: 1 pinned threads; allocated CPUs 95
rank 5754 on c619.nibi.sharcnet: 1 pinned threads; allocated CPUs 186
rank 3361 on c591.nibi.sharcnet: 1 pinned threads; allocated CPUs 97
rank 5758 on c619.nibi.sharcnet: 1 pinned threads; allocated CPUs 190
rank 3380 on c591.nibi.sharcnet: 1 pinned threads; allocated CPUs 116
rank 5572 on c619.nibi.sharcnet: 1 pinned threads; allocated CPUs 4
rank 3301 on c591.nibi.sharcnet: 1 pinned threads; allocated CPUs 37
rank 5575 on c619.nibi.sharcnet: 1 pinned threads; allocated CPUs 7
rank 3319 on c591.nibi.sharcnet: 1 pinned threads; allocated CPUs 55
rank 5588 on c619.nibi.sharcnet: 1 pinned threads; allocated CPUs 20
rank 3322 on c591.nibi.sharcnet: 1 pinned threads; allocated CPUs 58
rank 5594 on c619.nibi.sharcnet: 1 pinned threads; allocated CPUs 26
rank 3297 on c591.nibi.sharcnet: 1 pinned threads; allocated CPUs 33
rank 5601 on c619.nibi.sharcnet: 1 pinned threads; allocated CPUs 33
rank 3285 on c591.nibi.sharcnet: 1 pinned threads; allocated CPUs 21
rank 5604 on c619.nibi.sharcnet: 1 pinned threads; allocated CPUs 36
rank 3343 on c591.nibi.sharcnet: 1 pinned threads; allocated CPUs 79
rank 5611 on c619.nibi.sharcnet: 1 pinned threads; allocated CPUs 43
rank 3277 on c591.nibi.sharcnet: 1 pinned threads; allocated CPUs 13
rank 5620 on c619.nibi.sharcnet: 1 pinned threads; allocated CPUs 52
rank 3294 on c591.nibi.sharcnet: 1 pinned threads; allocated CPUs 30
rank 5629 on c619.nibi.sharcnet: 1 pinned threads; allocated CPUs 61
rank 3268 on c591.nibi.sharcnet: 1 pinned threads; allocated CPUs 4
rank 5630 on c619.nibi.sharcnet: 1 pinned threads; allocated CPUs 62
rank 3272 on c591.nibi.sharcnet: 1 pinned threads; allocated CPUs 8
rank 5632 on c619.nibi.sharcnet: 1 pinned threads; allocated CPUs 64
rank 3273 on c591.nibi.sharcnet: 1 pinned threads; allocated CPUs 9
rank 5633 on c619.nibi.sharcnet: 1 pinned threads; allocated CPUs 65
rank 3280 on c591.nibi.sharcnet: 1 pinned threads; allocated CPUs 16
rank 5644 on c619.nibi.sharcnet: 1 pinned threads; allocated CPUs 76
rank 3281 on c591.nibi.sharcnet: 1 pinned threads; allocated CPUs 17
rank 5649 on c619.nibi.sharcnet: 1 pinned threads; allocated CPUs 81
rank 3286 on c591.nibi.sharcnet: 1 pinned threads; allocated CPUs 22
rank 5667 on c619.nibi.sharcnet: 1 pinned threads; allocated CPUs 99
rank 3293 on c591.nibi.sharcnet: 1 pinned threads; allocated CPUs 29
rank 5671 on c619.nibi.sharcnet: 1 pinned threads; allocated CPUs 103
rank 3314 on c591.nibi.sharcnet: 1 pinned threads; allocated CPUs 50
rank 5672 on c619.nibi.sharcnet: 1 pinned threads; allocated CPUs 104
rank 3266 on c591.nibi.sharcnet: 1 pinned threads; allocated CPUs 2
rank 5675 on c619.nibi.sharcnet: 1 pinned threads; allocated CPUs 107
rank 3287 on c591.nibi.sharcnet: 1 pinned threads; allocated CPUs 23
rank 5676 on c619.nibi.sharcnet: 1 pinned threads; allocated CPUs 108
rank 3267 on c591.nibi.sharcnet: 1 pinned threads; allocated CPUs 3
rank 5682 on c619.nibi.sharcnet: 1 pinned threads; allocated CPUs 114
rank 3271 on c591.nibi.sharcnet: 1 pinned threads; allocated CPUs 7
rank 5685 on c619.nibi.sharcnet: 1 pinned threads; allocated CPUs 117
rank 3275 on c591.nibi.sharcnet: 1 pinned threads; allocated CPUs 11
rank 5689 on c619.nibi.sharcnet: 1 pinned threads; allocated CPUs 121
rank 3279 on c591.nibi.sharcnet: 1 pinned threads; allocated CPUs 15
rank 5695 on c619.nibi.sharcnet: 1 pinned threads; allocated CPUs 127
rank 3289 on c591.nibi.sharcnet: 1 pinned threads; allocated CPUs 25
rank 5732 on c619.nibi.sharcnet: 1 pinned threads; allocated CPUs 164
rank 3292 on c591.nibi.sharcnet: 1 pinned threads; allocated CPUs 28
rank 5742 on c619.nibi.sharcnet: 1 pinned threads; allocated CPUs 174
rank 3320 on c591.nibi.sharcnet: 1 pinned threads; allocated CPUs 56
rank 5750 on c619.nibi.sharcnet: 1 pinned threads; allocated CPUs 182
rank 3278 on c591.nibi.sharcnet: 1 pinned threads; allocated CPUs 14
rank 5755 on c619.nibi.sharcnet: 1 pinned threads; allocated CPUs 187
rank 3291 on c591.nibi.sharcnet: 1 pinned threads; allocated CPUs 27
rank 5756 on c619.nibi.sharcnet: 1 pinned threads; allocated CPUs 188
rank 3265 on c591.nibi.sharcnet: 1 pinned threads; allocated CPUs 1
rank 5568 on c619.nibi.sharcnet: 1 pinned threads; allocated CPUs 0
rank 3283 on c591.nibi.sharcnet: 1 pinned threads; allocated CPUs 19
rank 5569 on c619.nibi.sharcnet: 1 pinned threads; allocated CPUs 1
rank 3284 on c591.nibi.sharcnet: 1 pinned threads; allocated CPUs 20
rank 5576 on c619.nibi.sharcnet: 1 pinned threads; allocated CPUs 8
rank 3290 on c591.nibi.sharcnet: 1 pinned threads; allocated CPUs 26
rank 5579 on c619.nibi.sharcnet: 1 pinned threads; allocated CPUs 11
rank 3269 on c591.nibi.sharcnet: 1 pinned threads; allocated CPUs 5
rank 5581 on c619.nibi.sharcnet: 1 pinned threads; allocated CPUs 13
rank 3270 on c591.nibi.sharcnet: 1 pinned threads; allocated CPUs 6
rank 5583 on c619.nibi.sharcnet: 1 pinned threads; allocated CPUs 15
rank 3276 on c591.nibi.sharcnet: 1 pinned threads; allocated CPUs 12
rank 5584 on c619.nibi.sharcnet: 1 pinned threads; allocated CPUs 16
rank 3264 on c591.nibi.sharcnet: 1 pinned threads; allocated CPUs 0
rank 5592 on c619.nibi.sharcnet: 1 pinned threads; allocated CPUs 24
rank 3274 on c591.nibi.sharcnet: 1 pinned threads; allocated CPUs 10
rank 5595 on c619.nibi.sharcnet: 1 pinned threads; allocated CPUs 27
rank 3282 on c591.nibi.sharcnet: 1 pinned threads; allocated CPUs 18
rank 5598 on c619.nibi.sharcnet: 1 pinned threads; allocated CPUs 30
rank 3288 on c591.nibi.sharcnet: 1 pinned threads; allocated CPUs 24
rank 5606 on c619.nibi.sharcnet: 1 pinned threads; allocated CPUs 38
rank 3336 on c591.nibi.sharcnet: 1 pinned threads; allocated CPUs 72
rank 5636 on c619.nibi.sharcnet: 1 pinned threads; allocated CPUs 68
rank 3309 on c591.nibi.sharcnet: 1 pinned threads; allocated CPUs 45
rank 5643 on c619.nibi.sharcnet: 1 pinned threads; allocated CPUs 75
rank 3350 on c591.nibi.sharcnet: 1 pinned threads; allocated CPUs 86
rank 5645 on c619.nibi.sharcnet: 1 pinned threads; allocated CPUs 77
rank 3295 on c591.nibi.sharcnet: 1 pinned threads; allocated CPUs 31
rank 5648 on c619.nibi.sharcnet: 1 pinned threads; allocated CPUs 80
rank 5653 on c619.nibi.sharcnet: 1 pinned threads; allocated CPUs 85
rank 602 on c144.nibi.sharcnet: 1 pinned threads; allocated CPUs 26
rank 5656 on c619.nibi.sharcnet: 1 pinned threads; allocated CPUs 88
rank 603 on c144.nibi.sharcnet: 1 pinned threads; allocated CPUs 27
rank 5657 on c619.nibi.sharcnet: 1 pinned threads; allocated CPUs 89
rank 604 on c144.nibi.sharcnet: 1 pinned threads; allocated CPUs 28
rank 5658 on c619.nibi.sharcnet: 1 pinned threads; allocated CPUs 90
rank 605 on c144.nibi.sharcnet: 1 pinned threads; allocated CPUs 29
rank 5679 on c619.nibi.sharcnet: 1 pinned threads; allocated CPUs 111
rank 606 on c144.nibi.sharcnet: 1 pinned threads; allocated CPUs 30
rank 5574 on c619.nibi.sharcnet: 1 pinned threads; allocated CPUs 6
rank 607 on c144.nibi.sharcnet: 1 pinned threads; allocated CPUs 31
rank 5585 on c619.nibi.sharcnet: 1 pinned threads; allocated CPUs 17
rank 608 on c144.nibi.sharcnet: 1 pinned threads; allocated CPUs 32
rank 5637 on c619.nibi.sharcnet: 1 pinned threads; allocated CPUs 69
rank 609 on c144.nibi.sharcnet: 1 pinned threads; allocated CPUs 33
rank 5647 on c619.nibi.sharcnet: 1 pinned threads; allocated CPUs 79
rank 610 on c144.nibi.sharcnet: 1 pinned threads; allocated CPUs 34
rank 5654 on c619.nibi.sharcnet: 1 pinned threads; allocated CPUs 86
rank 611 on c144.nibi.sharcnet: 1 pinned threads; allocated CPUs 35
rank 5655 on c619.nibi.sharcnet: 1 pinned threads; allocated CPUs 87
rank 612 on c144.nibi.sharcnet: 1 pinned threads; allocated CPUs 36
rank 5635 on c619.nibi.sharcnet: 1 pinned threads; allocated CPUs 67
rank 613 on c144.nibi.sharcnet: 1 pinned threads; allocated CPUs 37
rank 5661 on c619.nibi.sharcnet: 1 pinned threads; allocated CPUs 93
rank 614 on c144.nibi.sharcnet: 1 pinned threads; allocated CPUs 38
rank 5634 on c619.nibi.sharcnet: 1 pinned threads; allocated CPUs 66
rank 615 on c144.nibi.sharcnet: 1 pinned threads; allocated CPUs 39
rank 5662 on c619.nibi.sharcnet: 1 pinned threads; allocated CPUs 94
rank 616 on c144.nibi.sharcnet: 1 pinned threads; allocated CPUs 40
rank 5605 on c619.nibi.sharcnet: 1 pinned threads; allocated CPUs 37
rank 617 on c144.nibi.sharcnet: 1 pinned threads; allocated CPUs 41
rank 5642 on c619.nibi.sharcnet: 1 pinned threads; allocated CPUs 74
rank 618 on c144.nibi.sharcnet: 1 pinned threads; allocated CPUs 42
rank 5646 on c619.nibi.sharcnet: 1 pinned threads; allocated CPUs 78
rank 619 on c144.nibi.sharcnet: 1 pinned threads; allocated CPUs 43
rank 5641 on c619.nibi.sharcnet: 1 pinned threads; allocated CPUs 73
rank 620 on c144.nibi.sharcnet: 1 pinned threads; allocated CPUs 44
rank 5660 on c619.nibi.sharcnet: 1 pinned threads; allocated CPUs 92
rank 621 on c144.nibi.sharcnet: 1 pinned threads; allocated CPUs 45
rank 5652 on c619.nibi.sharcnet: 1 pinned threads; allocated CPUs 84
rank 622 on c144.nibi.sharcnet: 1 pinned threads; allocated CPUs 46
rank 5663 on c619.nibi.sharcnet: 1 pinned threads; allocated CPUs 95
rank 623 on c144.nibi.sharcnet: 1 pinned threads; allocated CPUs 47
rank 5650 on c619.nibi.sharcnet: 1 pinned threads; allocated CPUs 82
rank 624 on c144.nibi.sharcnet: 1 pinned threads; allocated CPUs 48
rank 5738 on c619.nibi.sharcnet: 1 pinned threads; allocated CPUs 170
rank 625 on c144.nibi.sharcnet: 1 pinned threads; allocated CPUs 49
rank 5659 on c619.nibi.sharcnet: 1 pinned threads; allocated CPUs 91
rank 626 on c144.nibi.sharcnet: 1 pinned threads; allocated CPUs 50
rank 5571 on c619.nibi.sharcnet: 1 pinned threads; allocated CPUs 3
rank 627 on c144.nibi.sharcnet: 1 pinned threads; allocated CPUs 51
rank 5615 on c619.nibi.sharcnet: 1 pinned threads; allocated CPUs 47
rank 628 on c144.nibi.sharcnet: 1 pinned threads; allocated CPUs 52
rank 5582 on c619.nibi.sharcnet: 1 pinned threads; allocated CPUs 14
rank 629 on c144.nibi.sharcnet: 1 pinned threads; allocated CPUs 53
rank 5599 on c619.nibi.sharcnet: 1 pinned threads; allocated CPUs 31
rank 630 on c144.nibi.sharcnet: 1 pinned threads; allocated CPUs 54
rank 631 on c144.nibi.sharcnet: 1 pinned threads; allocated CPUs 55
rank 2346 on c581.nibi.sharcnet: 1 pinned threads; allocated CPUs 42
rank 632 on c144.nibi.sharcnet: 1 pinned threads; allocated CPUs 56
rank 2376 on c581.nibi.sharcnet: 1 pinned threads; allocated CPUs 72
rank 633 on c144.nibi.sharcnet: 1 pinned threads; allocated CPUs 57
rank 2356 on c581.nibi.sharcnet: 1 pinned threads; allocated CPUs 52
rank 634 on c144.nibi.sharcnet: 1 pinned threads; allocated CPUs 58
rank 2344 on c581.nibi.sharcnet: 1 pinned threads; allocated CPUs 40
rank 635 on c144.nibi.sharcnet: 1 pinned threads; allocated CPUs 59
rank 2351 on c581.nibi.sharcnet: 1 pinned threads; allocated CPUs 47
rank 636 on c144.nibi.sharcnet: 1 pinned threads; allocated CPUs 60
rank 2360 on c581.nibi.sharcnet: 1 pinned threads; allocated CPUs 56
rank 637 on c144.nibi.sharcnet: 1 pinned threads; allocated CPUs 61
rank 2361 on c581.nibi.sharcnet: 1 pinned threads; allocated CPUs 57
rank 638 on c144.nibi.sharcnet: 1 pinned threads; allocated CPUs 62
rank 2353 on c581.nibi.sharcnet: 1 pinned threads; allocated CPUs 49
rank 639 on c144.nibi.sharcnet: 1 pinned threads; allocated CPUs 63
rank 2364 on c581.nibi.sharcnet: 1 pinned threads; allocated CPUs 60
rank 640 on c144.nibi.sharcnet: 1 pinned threads; allocated CPUs 64
rank 2357 on c581.nibi.sharcnet: 1 pinned threads; allocated CPUs 53
rank 641 on c144.nibi.sharcnet: 1 pinned threads; allocated CPUs 65
rank 2366 on c581.nibi.sharcnet: 1 pinned threads; allocated CPUs 62
rank 642 on c144.nibi.sharcnet: 1 pinned threads; allocated CPUs 66
rank 2367 on c581.nibi.sharcnet: 1 pinned threads; allocated CPUs 63
rank 643 on c144.nibi.sharcnet: 1 pinned threads; allocated CPUs 67
rank 2350 on c581.nibi.sharcnet: 1 pinned threads; allocated CPUs 46
rank 644 on c144.nibi.sharcnet: 1 pinned threads; allocated CPUs 68
rank 2363 on c581.nibi.sharcnet: 1 pinned threads; allocated CPUs 59
rank 645 on c144.nibi.sharcnet: 1 pinned threads; allocated CPUs 69
rank 2339 on c581.nibi.sharcnet: 1 pinned threads; allocated CPUs 35
rank 646 on c144.nibi.sharcnet: 1 pinned threads; allocated CPUs 70
rank 2354 on c581.nibi.sharcnet: 1 pinned threads; allocated CPUs 50
rank 647 on c144.nibi.sharcnet: 1 pinned threads; allocated CPUs 71
rank 2388 on c581.nibi.sharcnet: 1 pinned threads; allocated CPUs 84
rank 648 on c144.nibi.sharcnet: 1 pinned threads; allocated CPUs 72
rank 2391 on c581.nibi.sharcnet: 1 pinned threads; allocated CPUs 87
rank 649 on c144.nibi.sharcnet: 1 pinned threads; allocated CPUs 73
rank 2396 on c581.nibi.sharcnet: 1 pinned threads; allocated CPUs 92
rank 650 on c144.nibi.sharcnet: 1 pinned threads; allocated CPUs 74
rank 2338 on c581.nibi.sharcnet: 1 pinned threads; allocated CPUs 34
rank 651 on c144.nibi.sharcnet: 1 pinned threads; allocated CPUs 75
rank 2343 on c581.nibi.sharcnet: 1 pinned threads; allocated CPUs 39
rank 652 on c144.nibi.sharcnet: 1 pinned threads; allocated CPUs 76
rank 2362 on c581.nibi.sharcnet: 1 pinned threads; allocated CPUs 58
rank 653 on c144.nibi.sharcnet: 1 pinned threads; allocated CPUs 77
rank 2370 on c581.nibi.sharcnet: 1 pinned threads; allocated CPUs 66
rank 654 on c144.nibi.sharcnet: 1 pinned threads; allocated CPUs 78
rank 2337 on c581.nibi.sharcnet: 1 pinned threads; allocated CPUs 33
rank 655 on c144.nibi.sharcnet: 1 pinned threads; allocated CPUs 79
rank 2340 on c581.nibi.sharcnet: 1 pinned threads; allocated CPUs 36
rank 656 on c144.nibi.sharcnet: 1 pinned threads; allocated CPUs 80
rank 2355 on c581.nibi.sharcnet: 1 pinned threads; allocated CPUs 51
rank 657 on c144.nibi.sharcnet: 1 pinned threads; allocated CPUs 81
rank 2359 on c581.nibi.sharcnet: 1 pinned threads; allocated CPUs 55
rank 658 on c144.nibi.sharcnet: 1 pinned threads; allocated CPUs 82
rank 2384 on c581.nibi.sharcnet: 1 pinned threads; allocated CPUs 80
rank 659 on c144.nibi.sharcnet: 1 pinned threads; allocated CPUs 83
rank 2389 on c581.nibi.sharcnet: 1 pinned threads; allocated CPUs 85
rank 660 on c144.nibi.sharcnet: 1 pinned threads; allocated CPUs 84
rank 2336 on c581.nibi.sharcnet: 1 pinned threads; allocated CPUs 32
rank 661 on c144.nibi.sharcnet: 1 pinned threads; allocated CPUs 85
rank 2372 on c581.nibi.sharcnet: 1 pinned threads; allocated CPUs 68
rank 662 on c144.nibi.sharcnet: 1 pinned threads; allocated CPUs 86
rank 2374 on c581.nibi.sharcnet: 1 pinned threads; allocated CPUs 70
rank 663 on c144.nibi.sharcnet: 1 pinned threads; allocated CPUs 87
rank 2393 on c581.nibi.sharcnet: 1 pinned threads; allocated CPUs 89
rank 664 on c144.nibi.sharcnet: 1 pinned threads; allocated CPUs 88
rank 2397 on c581.nibi.sharcnet: 1 pinned threads; allocated CPUs 93
rank 665 on c144.nibi.sharcnet: 1 pinned threads; allocated CPUs 89
rank 2332 on c581.nibi.sharcnet: 1 pinned threads; allocated CPUs 28
rank 666 on c144.nibi.sharcnet: 1 pinned threads; allocated CPUs 90
rank 2347 on c581.nibi.sharcnet: 1 pinned threads; allocated CPUs 43
rank 667 on c144.nibi.sharcnet: 1 pinned threads; allocated CPUs 91
rank 2349 on c581.nibi.sharcnet: 1 pinned threads; allocated CPUs 45
rank 668 on c144.nibi.sharcnet: 1 pinned threads; allocated CPUs 92
rank 2365 on c581.nibi.sharcnet: 1 pinned threads; allocated CPUs 61
rank 669 on c144.nibi.sharcnet: 1 pinned threads; allocated CPUs 93
rank 2368 on c581.nibi.sharcnet: 1 pinned threads; allocated CPUs 64
rank 670 on c144.nibi.sharcnet: 1 pinned threads; allocated CPUs 94
rank 2369 on c581.nibi.sharcnet: 1 pinned threads; allocated CPUs 65
rank 671 on c144.nibi.sharcnet: 1 pinned threads; allocated CPUs 95
rank 2380 on c581.nibi.sharcnet: 1 pinned threads; allocated CPUs 76
rank 672 on c144.nibi.sharcnet: 1 pinned threads; allocated CPUs 96
rank 2385 on c581.nibi.sharcnet: 1 pinned threads; allocated CPUs 81
rank 674 on c144.nibi.sharcnet: 1 pinned threads; allocated CPUs 98
rank 2387 on c581.nibi.sharcnet: 1 pinned threads; allocated CPUs 83
rank 675 on c144.nibi.sharcnet: 1 pinned threads; allocated CPUs 99
rank 2315 on c581.nibi.sharcnet: 1 pinned threads; allocated CPUs 11
rank 676 on c144.nibi.sharcnet: 1 pinned threads; allocated CPUs 100
rank 2316 on c581.nibi.sharcnet: 1 pinned threads; allocated CPUs 12
rank 677 on c144.nibi.sharcnet: 1 pinned threads; allocated CPUs 101
rank 2317 on c581.nibi.sharcnet: 1 pinned threads; allocated CPUs 13
rank 678 on c144.nibi.sharcnet: 1 pinned threads; allocated CPUs 102
rank 2318 on c581.nibi.sharcnet: 1 pinned threads; allocated CPUs 14
rank 679 on c144.nibi.sharcnet: 1 pinned threads; allocated CPUs 103
rank 2324 on c581.nibi.sharcnet: 1 pinned threads; allocated CPUs 20
rank 680 on c144.nibi.sharcnet: 1 pinned threads; allocated CPUs 104
rank 2325 on c581.nibi.sharcnet: 1 pinned threads; allocated CPUs 21
rank 681 on c144.nibi.sharcnet: 1 pinned threads; allocated CPUs 105
rank 2329 on c581.nibi.sharcnet: 1 pinned threads; allocated CPUs 25
rank 682 on c144.nibi.sharcnet: 1 pinned threads; allocated CPUs 106
rank 2334 on c581.nibi.sharcnet: 1 pinned threads; allocated CPUs 30
rank 683 on c144.nibi.sharcnet: 1 pinned threads; allocated CPUs 107
rank 2341 on c581.nibi.sharcnet: 1 pinned threads; allocated CPUs 37
rank 684 on c144.nibi.sharcnet: 1 pinned threads; allocated CPUs 108
rank 2345 on c581.nibi.sharcnet: 1 pinned threads; allocated CPUs 41
rank 685 on c144.nibi.sharcnet: 1 pinned threads; allocated CPUs 109
rank 2352 on c581.nibi.sharcnet: 1 pinned threads; allocated CPUs 48
rank 686 on c144.nibi.sharcnet: 1 pinned threads; allocated CPUs 110
rank 2358 on c581.nibi.sharcnet: 1 pinned threads; allocated CPUs 54
rank 687 on c144.nibi.sharcnet: 1 pinned threads; allocated CPUs 111
rank 2373 on c581.nibi.sharcnet: 1 pinned threads; allocated CPUs 69
rank 688 on c144.nibi.sharcnet: 1 pinned threads; allocated CPUs 112
rank 2378 on c581.nibi.sharcnet: 1 pinned threads; allocated CPUs 74
rank 689 on c144.nibi.sharcnet: 1 pinned threads; allocated CPUs 113
rank 2381 on c581.nibi.sharcnet: 1 pinned threads; allocated CPUs 77
rank 690 on c144.nibi.sharcnet: 1 pinned threads; allocated CPUs 114
rank 2386 on c581.nibi.sharcnet: 1 pinned threads; allocated CPUs 82
rank 691 on c144.nibi.sharcnet: 1 pinned threads; allocated CPUs 115
rank 2394 on c581.nibi.sharcnet: 1 pinned threads; allocated CPUs 90
rank 692 on c144.nibi.sharcnet: 1 pinned threads; allocated CPUs 116
rank 2401 on c581.nibi.sharcnet: 1 pinned threads; allocated CPUs 97
rank 693 on c144.nibi.sharcnet: 1 pinned threads; allocated CPUs 117
rank 2305 on c581.nibi.sharcnet: 1 pinned threads; allocated CPUs 1
rank 694 on c144.nibi.sharcnet: 1 pinned threads; allocated CPUs 118
rank 2306 on c581.nibi.sharcnet: 1 pinned threads; allocated CPUs 2
rank 695 on c144.nibi.sharcnet: 1 pinned threads; allocated CPUs 119
rank 2307 on c581.nibi.sharcnet: 1 pinned threads; allocated CPUs 3
rank 696 on c144.nibi.sharcnet: 1 pinned threads; allocated CPUs 120
rank 2309 on c581.nibi.sharcnet: 1 pinned threads; allocated CPUs 5
rank 697 on c144.nibi.sharcnet: 1 pinned threads; allocated CPUs 121
rank 2310 on c581.nibi.sharcnet: 1 pinned threads; allocated CPUs 6
rank 698 on c144.nibi.sharcnet: 1 pinned threads; allocated CPUs 122
rank 2312 on c581.nibi.sharcnet: 1 pinned threads; allocated CPUs 8
rank 699 on c144.nibi.sharcnet: 1 pinned threads; allocated CPUs 123
rank 2313 on c581.nibi.sharcnet: 1 pinned threads; allocated CPUs 9
rank 700 on c144.nibi.sharcnet: 1 pinned threads; allocated CPUs 124
rank 2314 on c581.nibi.sharcnet: 1 pinned threads; allocated CPUs 10
rank 701 on c144.nibi.sharcnet: 1 pinned threads; allocated CPUs 125
rank 2319 on c581.nibi.sharcnet: 1 pinned threads; allocated CPUs 15
rank 702 on c144.nibi.sharcnet: 1 pinned threads; allocated CPUs 126
rank 2321 on c581.nibi.sharcnet: 1 pinned threads; allocated CPUs 17
rank 703 on c144.nibi.sharcnet: 1 pinned threads; allocated CPUs 127
rank 2322 on c581.nibi.sharcnet: 1 pinned threads; allocated CPUs 18
rank 704 on c144.nibi.sharcnet: 1 pinned threads; allocated CPUs 128
rank 2323 on c581.nibi.sharcnet: 1 pinned threads; allocated CPUs 19
rank 705 on c144.nibi.sharcnet: 1 pinned threads; allocated CPUs 129
rank 2326 on c581.nibi.sharcnet: 1 pinned threads; allocated CPUs 22
rank 706 on c144.nibi.sharcnet: 1 pinned threads; allocated CPUs 130
rank 2327 on c581.nibi.sharcnet: 1 pinned threads; allocated CPUs 23
rank 707 on c144.nibi.sharcnet: 1 pinned threads; allocated CPUs 131
rank 2328 on c581.nibi.sharcnet: 1 pinned threads; allocated CPUs 24
rank 708 on c144.nibi.sharcnet: 1 pinned threads; allocated CPUs 132
rank 2333 on c581.nibi.sharcnet: 1 pinned threads; allocated CPUs 29
rank 709 on c144.nibi.sharcnet: 1 pinned threads; allocated CPUs 133
rank 2371 on c581.nibi.sharcnet: 1 pinned threads; allocated CPUs 67
rank 710 on c144.nibi.sharcnet: 1 pinned threads; allocated CPUs 134
rank 2375 on c581.nibi.sharcnet: 1 pinned threads; allocated CPUs 71
rank 711 on c144.nibi.sharcnet: 1 pinned threads; allocated CPUs 135
rank 2377 on c581.nibi.sharcnet: 1 pinned threads; allocated CPUs 73
rank 712 on c144.nibi.sharcnet: 1 pinned threads; allocated CPUs 136
rank 2379 on c581.nibi.sharcnet: 1 pinned threads; allocated CPUs 75
rank 713 on c144.nibi.sharcnet: 1 pinned threads; allocated CPUs 137
rank 2382 on c581.nibi.sharcnet: 1 pinned threads; allocated CPUs 78
rank 714 on c144.nibi.sharcnet: 1 pinned threads; allocated CPUs 138
rank 2383 on c581.nibi.sharcnet: 1 pinned threads; allocated CPUs 79
rank 715 on c144.nibi.sharcnet: 1 pinned threads; allocated CPUs 139
rank 2390 on c581.nibi.sharcnet: 1 pinned threads; allocated CPUs 86
rank 716 on c144.nibi.sharcnet: 1 pinned threads; allocated CPUs 140
rank 2392 on c581.nibi.sharcnet: 1 pinned threads; allocated CPUs 88
rank 717 on c144.nibi.sharcnet: 1 pinned threads; allocated CPUs 141
rank 2395 on c581.nibi.sharcnet: 1 pinned threads; allocated CPUs 91
rank 718 on c144.nibi.sharcnet: 1 pinned threads; allocated CPUs 142
rank 2304 on c581.nibi.sharcnet: 1 pinned threads; allocated CPUs 0
rank 719 on c144.nibi.sharcnet: 1 pinned threads; allocated CPUs 143
rank 2308 on c581.nibi.sharcnet: 1 pinned threads; allocated CPUs 4
rank 720 on c144.nibi.sharcnet: 1 pinned threads; allocated CPUs 144
rank 2320 on c581.nibi.sharcnet: 1 pinned threads; allocated CPUs 16
rank 721 on c144.nibi.sharcnet: 1 pinned threads; allocated CPUs 145
rank 2399 on c581.nibi.sharcnet: 1 pinned threads; allocated CPUs 95
rank 722 on c144.nibi.sharcnet: 1 pinned threads; allocated CPUs 146
rank 2331 on c581.nibi.sharcnet: 1 pinned threads; allocated CPUs 27
rank 723 on c144.nibi.sharcnet: 1 pinned threads; allocated CPUs 147
rank 2335 on c581.nibi.sharcnet: 1 pinned threads; allocated CPUs 31
rank 724 on c144.nibi.sharcnet: 1 pinned threads; allocated CPUs 148
rank 2342 on c581.nibi.sharcnet: 1 pinned threads; allocated CPUs 38
rank 725 on c144.nibi.sharcnet: 1 pinned threads; allocated CPUs 149
rank 2348 on c581.nibi.sharcnet: 1 pinned threads; allocated CPUs 44
rank 726 on c144.nibi.sharcnet: 1 pinned threads; allocated CPUs 150
rank 2330 on c581.nibi.sharcnet: 1 pinned threads; allocated CPUs 26
rank 727 on c144.nibi.sharcnet: 1 pinned threads; allocated CPUs 151
rank 2398 on c581.nibi.sharcnet: 1 pinned threads; allocated CPUs 94
rank 728 on c144.nibi.sharcnet: 1 pinned threads; allocated CPUs 152
rank 2311 on c581.nibi.sharcnet: 1 pinned threads; allocated CPUs 7
rank 729 on c144.nibi.sharcnet: 1 pinned threads; allocated CPUs 153
rank 3509 on c593.nibi.sharcnet: 1 pinned threads; allocated CPUs 53
rank 730 on c144.nibi.sharcnet: 1 pinned threads; allocated CPUs 154
rank 3516 on c593.nibi.sharcnet: 1 pinned threads; allocated CPUs 60
rank 731 on c144.nibi.sharcnet: 1 pinned threads; allocated CPUs 155
rank 3503 on c593.nibi.sharcnet: 1 pinned threads; allocated CPUs 47
rank 732 on c144.nibi.sharcnet: 1 pinned threads; allocated CPUs 156
rank 3494 on c593.nibi.sharcnet: 1 pinned threads; allocated CPUs 38
rank 733 on c144.nibi.sharcnet: 1 pinned threads; allocated CPUs 157
rank 3500 on c593.nibi.sharcnet: 1 pinned threads; allocated CPUs 44
rank 734 on c144.nibi.sharcnet: 1 pinned threads; allocated CPUs 158
rank 3488 on c593.nibi.sharcnet: 1 pinned threads; allocated CPUs 32
rank 735 on c144.nibi.sharcnet: 1 pinned threads; allocated CPUs 159
rank 3507 on c593.nibi.sharcnet: 1 pinned threads; allocated CPUs 51
rank 736 on c144.nibi.sharcnet: 1 pinned threads; allocated CPUs 160
rank 3512 on c593.nibi.sharcnet: 1 pinned threads; allocated CPUs 56
rank 737 on c144.nibi.sharcnet: 1 pinned threads; allocated CPUs 161
rank 3499 on c593.nibi.sharcnet: 1 pinned threads; allocated CPUs 43
rank 738 on c144.nibi.sharcnet: 1 pinned threads; allocated CPUs 162
rank 3479 on c593.nibi.sharcnet: 1 pinned threads; allocated CPUs 23
rank 739 on c144.nibi.sharcnet: 1 pinned threads; allocated CPUs 163
rank 3493 on c593.nibi.sharcnet: 1 pinned threads; allocated CPUs 37
rank 740 on c144.nibi.sharcnet: 1 pinned threads; allocated CPUs 164
rank 3511 on c593.nibi.sharcnet: 1 pinned threads; allocated CPUs 55
rank 741 on c144.nibi.sharcnet: 1 pinned threads; allocated CPUs 165
rank 3514 on c593.nibi.sharcnet: 1 pinned threads; allocated CPUs 58
rank 742 on c144.nibi.sharcnet: 1 pinned threads; allocated CPUs 166
rank 3468 on c593.nibi.sharcnet: 1 pinned threads; allocated CPUs 12
rank 743 on c144.nibi.sharcnet: 1 pinned threads; allocated CPUs 167
rank 3521 on c593.nibi.sharcnet: 1 pinned threads; allocated CPUs 65
rank 744 on c144.nibi.sharcnet: 1 pinned threads; allocated CPUs 168
rank 3545 on c593.nibi.sharcnet: 1 pinned threads; allocated CPUs 89
rank 745 on c144.nibi.sharcnet: 1 pinned threads; allocated CPUs 169
rank 3550 on c593.nibi.sharcnet: 1 pinned threads; allocated CPUs 94
rank 746 on c144.nibi.sharcnet: 1 pinned threads; allocated CPUs 170
rank 3457 on c593.nibi.sharcnet: 1 pinned threads; allocated CPUs 1
rank 747 on c144.nibi.sharcnet: 1 pinned threads; allocated CPUs 171
rank 3460 on c593.nibi.sharcnet: 1 pinned threads; allocated CPUs 4
rank 748 on c144.nibi.sharcnet: 1 pinned threads; allocated CPUs 172
rank 3466 on c593.nibi.sharcnet: 1 pinned threads; allocated CPUs 10
rank 750 on c144.nibi.sharcnet: 1 pinned threads; allocated CPUs 174
rank 3474 on c593.nibi.sharcnet: 1 pinned threads; allocated CPUs 18
rank 752 on c144.nibi.sharcnet: 1 pinned threads; allocated CPUs 176
rank 3477 on c593.nibi.sharcnet: 1 pinned threads; allocated CPUs 21
rank 753 on c144.nibi.sharcnet: 1 pinned threads; allocated CPUs 177
rank 3478 on c593.nibi.sharcnet: 1 pinned threads; allocated CPUs 22
rank 754 on c144.nibi.sharcnet: 1 pinned threads; allocated CPUs 178
rank 3484 on c593.nibi.sharcnet: 1 pinned threads; allocated CPUs 28
rank 755 on c144.nibi.sharcnet: 1 pinned threads; allocated CPUs 179
rank 3487 on c593.nibi.sharcnet: 1 pinned threads; allocated CPUs 31
rank 757 on c144.nibi.sharcnet: 1 pinned threads; allocated CPUs 181
rank 3496 on c593.nibi.sharcnet: 1 pinned threads; allocated CPUs 40
rank 759 on c144.nibi.sharcnet: 1 pinned threads; allocated CPUs 183
rank 3522 on c593.nibi.sharcnet: 1 pinned threads; allocated CPUs 66
rank 760 on c144.nibi.sharcnet: 1 pinned threads; allocated CPUs 184
rank 3526 on c593.nibi.sharcnet: 1 pinned threads; allocated CPUs 70
rank 761 on c144.nibi.sharcnet: 1 pinned threads; allocated CPUs 185
rank 3527 on c593.nibi.sharcnet: 1 pinned threads; allocated CPUs 71
rank 762 on c144.nibi.sharcnet: 1 pinned threads; allocated CPUs 186
rank 3530 on c593.nibi.sharcnet: 1 pinned threads; allocated CPUs 74
rank 763 on c144.nibi.sharcnet: 1 pinned threads; allocated CPUs 187
rank 3537 on c593.nibi.sharcnet: 1 pinned threads; allocated CPUs 81
rank 764 on c144.nibi.sharcnet: 1 pinned threads; allocated CPUs 188
rank 3541 on c593.nibi.sharcnet: 1 pinned threads; allocated CPUs 85
rank 765 on c144.nibi.sharcnet: 1 pinned threads; allocated CPUs 189
rank 3456 on c593.nibi.sharcnet: 1 pinned threads; allocated CPUs 0
rank 766 on c144.nibi.sharcnet: 1 pinned threads; allocated CPUs 190
rank 3462 on c593.nibi.sharcnet: 1 pinned threads; allocated CPUs 6
rank 767 on c144.nibi.sharcnet: 1 pinned threads; allocated CPUs 191
rank 3464 on c593.nibi.sharcnet: 1 pinned threads; allocated CPUs 8
rank 673 on c144.nibi.sharcnet: 1 pinned threads; allocated CPUs 97
rank 3469 on c593.nibi.sharcnet: 1 pinned threads; allocated CPUs 13
rank 749 on c144.nibi.sharcnet: 1 pinned threads; allocated CPUs 173
rank 3471 on c593.nibi.sharcnet: 1 pinned threads; allocated CPUs 15
rank 751 on c144.nibi.sharcnet: 1 pinned threads; allocated CPUs 175
rank 3472 on c593.nibi.sharcnet: 1 pinned threads; allocated CPUs 16
rank 756 on c144.nibi.sharcnet: 1 pinned threads; allocated CPUs 180
rank 3473 on c593.nibi.sharcnet: 1 pinned threads; allocated CPUs 17
rank 758 on c144.nibi.sharcnet: 1 pinned threads; allocated CPUs 182
rank 3481 on c593.nibi.sharcnet: 1 pinned threads; allocated CPUs 25
rank 3482 on c593.nibi.sharcnet: 1 pinned threads; allocated CPUs 26
rank 2715 on c584.nibi.sharcnet: 1 pinned threads; allocated CPUs 27
rank 3483 on c593.nibi.sharcnet: 1 pinned threads; allocated CPUs 27
rank 2716 on c584.nibi.sharcnet: 1 pinned threads; allocated CPUs 28
rank 3485 on c593.nibi.sharcnet: 1 pinned threads; allocated CPUs 29
rank 2717 on c584.nibi.sharcnet: 1 pinned threads; allocated CPUs 29
rank 3497 on c593.nibi.sharcnet: 1 pinned threads; allocated CPUs 41
rank 2718 on c584.nibi.sharcnet: 1 pinned threads; allocated CPUs 30
rank 3515 on c593.nibi.sharcnet: 1 pinned threads; allocated CPUs 59
rank 2719 on c584.nibi.sharcnet: 1 pinned threads; allocated CPUs 31
rank 3520 on c593.nibi.sharcnet: 1 pinned threads; allocated CPUs 64
rank 2720 on c584.nibi.sharcnet: 1 pinned threads; allocated CPUs 32
rank 3523 on c593.nibi.sharcnet: 1 pinned threads; allocated CPUs 67
rank 2721 on c584.nibi.sharcnet: 1 pinned threads; allocated CPUs 33
rank 3524 on c593.nibi.sharcnet: 1 pinned threads; allocated CPUs 68
rank 2722 on c584.nibi.sharcnet: 1 pinned threads; allocated CPUs 34
rank 3525 on c593.nibi.sharcnet: 1 pinned threads; allocated CPUs 69
rank 2723 on c584.nibi.sharcnet: 1 pinned threads; allocated CPUs 35
rank 3528 on c593.nibi.sharcnet: 1 pinned threads; allocated CPUs 72
rank 2724 on c584.nibi.sharcnet: 1 pinned threads; allocated CPUs 36
rank 3529 on c593.nibi.sharcnet: 1 pinned threads; allocated CPUs 73
rank 2725 on c584.nibi.sharcnet: 1 pinned threads; allocated CPUs 37
rank 3532 on c593.nibi.sharcnet: 1 pinned threads; allocated CPUs 76
rank 2726 on c584.nibi.sharcnet: 1 pinned threads; allocated CPUs 38
rank 3533 on c593.nibi.sharcnet: 1 pinned threads; allocated CPUs 77
rank 2727 on c584.nibi.sharcnet: 1 pinned threads; allocated CPUs 39
rank 3534 on c593.nibi.sharcnet: 1 pinned threads; allocated CPUs 78
rank 2728 on c584.nibi.sharcnet: 1 pinned threads; allocated CPUs 40
rank 3535 on c593.nibi.sharcnet: 1 pinned threads; allocated CPUs 79
rank 2729 on c584.nibi.sharcnet: 1 pinned threads; allocated CPUs 41
rank 3536 on c593.nibi.sharcnet: 1 pinned threads; allocated CPUs 80
rank 2730 on c584.nibi.sharcnet: 1 pinned threads; allocated CPUs 42
rank 3538 on c593.nibi.sharcnet: 1 pinned threads; allocated CPUs 82
rank 2731 on c584.nibi.sharcnet: 1 pinned threads; allocated CPUs 43
rank 3542 on c593.nibi.sharcnet: 1 pinned threads; allocated CPUs 86
rank 2732 on c584.nibi.sharcnet: 1 pinned threads; allocated CPUs 44
rank 3544 on c593.nibi.sharcnet: 1 pinned threads; allocated CPUs 88
rank 2733 on c584.nibi.sharcnet: 1 pinned threads; allocated CPUs 45
rank 3546 on c593.nibi.sharcnet: 1 pinned threads; allocated CPUs 90
rank 2734 on c584.nibi.sharcnet: 1 pinned threads; allocated CPUs 46
rank 3547 on c593.nibi.sharcnet: 1 pinned threads; allocated CPUs 91
rank 2735 on c584.nibi.sharcnet: 1 pinned threads; allocated CPUs 47
rank 3548 on c593.nibi.sharcnet: 1 pinned threads; allocated CPUs 92
rank 2736 on c584.nibi.sharcnet: 1 pinned threads; allocated CPUs 48
rank 3549 on c593.nibi.sharcnet: 1 pinned threads; allocated CPUs 93
rank 2737 on c584.nibi.sharcnet: 1 pinned threads; allocated CPUs 49
rank 3458 on c593.nibi.sharcnet: 1 pinned threads; allocated CPUs 2
rank 2738 on c584.nibi.sharcnet: 1 pinned threads; allocated CPUs 50
rank 3459 on c593.nibi.sharcnet: 1 pinned threads; allocated CPUs 3
rank 2739 on c584.nibi.sharcnet: 1 pinned threads; allocated CPUs 51
rank 3461 on c593.nibi.sharcnet: 1 pinned threads; allocated CPUs 5
rank 2740 on c584.nibi.sharcnet: 1 pinned threads; allocated CPUs 52
rank 3463 on c593.nibi.sharcnet: 1 pinned threads; allocated CPUs 7
rank 2741 on c584.nibi.sharcnet: 1 pinned threads; allocated CPUs 53
rank 3465 on c593.nibi.sharcnet: 1 pinned threads; allocated CPUs 9
rank 2742 on c584.nibi.sharcnet: 1 pinned threads; allocated CPUs 54
rank 3467 on c593.nibi.sharcnet: 1 pinned threads; allocated CPUs 11
rank 2743 on c584.nibi.sharcnet: 1 pinned threads; allocated CPUs 55
rank 3475 on c593.nibi.sharcnet: 1 pinned threads; allocated CPUs 19
rank 2744 on c584.nibi.sharcnet: 1 pinned threads; allocated CPUs 56
rank 3476 on c593.nibi.sharcnet: 1 pinned threads; allocated CPUs 20
rank 2745 on c584.nibi.sharcnet: 1 pinned threads; allocated CPUs 57
rank 3480 on c593.nibi.sharcnet: 1 pinned threads; allocated CPUs 24
rank 2746 on c584.nibi.sharcnet: 1 pinned threads; allocated CPUs 58
rank 3486 on c593.nibi.sharcnet: 1 pinned threads; allocated CPUs 30
rank 2747 on c584.nibi.sharcnet: 1 pinned threads; allocated CPUs 59
rank 3531 on c593.nibi.sharcnet: 1 pinned threads; allocated CPUs 75
rank 2748 on c584.nibi.sharcnet: 1 pinned threads; allocated CPUs 60
rank 3539 on c593.nibi.sharcnet: 1 pinned threads; allocated CPUs 83
rank 2749 on c584.nibi.sharcnet: 1 pinned threads; allocated CPUs 61
rank 3540 on c593.nibi.sharcnet: 1 pinned threads; allocated CPUs 84
rank 2750 on c584.nibi.sharcnet: 1 pinned threads; allocated CPUs 62
rank 3543 on c593.nibi.sharcnet: 1 pinned threads; allocated CPUs 87
rank 2751 on c584.nibi.sharcnet: 1 pinned threads; allocated CPUs 63
rank 3551 on c593.nibi.sharcnet: 1 pinned threads; allocated CPUs 95
rank 2752 on c584.nibi.sharcnet: 1 pinned threads; allocated CPUs 64
rank 3470 on c593.nibi.sharcnet: 1 pinned threads; allocated CPUs 14
rank 2753 on c584.nibi.sharcnet: 1 pinned threads; allocated CPUs 65
rank 2754 on c584.nibi.sharcnet: 1 pinned threads; allocated CPUs 66
rank 2168 on c580.nibi.sharcnet: 1 pinned threads; allocated CPUs 56
rank 2755 on c584.nibi.sharcnet: 1 pinned threads; allocated CPUs 67
rank 2280 on c580.nibi.sharcnet: 1 pinned threads; allocated CPUs 168
rank 2756 on c584.nibi.sharcnet: 1 pinned threads; allocated CPUs 68
rank 2158 on c580.nibi.sharcnet: 1 pinned threads; allocated CPUs 46
rank 2757 on c584.nibi.sharcnet: 1 pinned threads; allocated CPUs 69
rank 2161 on c580.nibi.sharcnet: 1 pinned threads; allocated CPUs 49
rank 2758 on c584.nibi.sharcnet: 1 pinned threads; allocated CPUs 70
rank 2242 on c580.nibi.sharcnet: 1 pinned threads; allocated CPUs 130
rank 2759 on c584.nibi.sharcnet: 1 pinned threads; allocated CPUs 71
rank 2169 on c580.nibi.sharcnet: 1 pinned threads; allocated CPUs 57
rank 2760 on c584.nibi.sharcnet: 1 pinned threads; allocated CPUs 72
rank 2144 on c580.nibi.sharcnet: 1 pinned threads; allocated CPUs 32
rank 2761 on c584.nibi.sharcnet: 1 pinned threads; allocated CPUs 73
rank 2159 on c580.nibi.sharcnet: 1 pinned threads; allocated CPUs 47
rank 2762 on c584.nibi.sharcnet: 1 pinned threads; allocated CPUs 74
rank 2163 on c580.nibi.sharcnet: 1 pinned threads; allocated CPUs 51
rank 2763 on c584.nibi.sharcnet: 1 pinned threads; allocated CPUs 75
rank 2173 on c580.nibi.sharcnet: 1 pinned threads; allocated CPUs 61
rank 2764 on c584.nibi.sharcnet: 1 pinned threads; allocated CPUs 76
rank 2174 on c580.nibi.sharcnet: 1 pinned threads; allocated CPUs 62
rank 2765 on c584.nibi.sharcnet: 1 pinned threads; allocated CPUs 77
rank 2133 on c580.nibi.sharcnet: 1 pinned threads; allocated CPUs 21
rank 2766 on c584.nibi.sharcnet: 1 pinned threads; allocated CPUs 78
rank 2149 on c580.nibi.sharcnet: 1 pinned threads; allocated CPUs 37
rank 2767 on c584.nibi.sharcnet: 1 pinned threads; allocated CPUs 79
rank 2151 on c580.nibi.sharcnet: 1 pinned threads; allocated CPUs 39
rank 2768 on c584.nibi.sharcnet: 1 pinned threads; allocated CPUs 80
rank 2171 on c580.nibi.sharcnet: 1 pinned threads; allocated CPUs 59
rank 2769 on c584.nibi.sharcnet: 1 pinned threads; allocated CPUs 81
rank 2172 on c580.nibi.sharcnet: 1 pinned threads; allocated CPUs 60
rank 2770 on c584.nibi.sharcnet: 1 pinned threads; allocated CPUs 82
rank 2216 on c580.nibi.sharcnet: 1 pinned threads; allocated CPUs 104
rank 2771 on c584.nibi.sharcnet: 1 pinned threads; allocated CPUs 83
rank 2157 on c580.nibi.sharcnet: 1 pinned threads; allocated CPUs 45
rank 2772 on c584.nibi.sharcnet: 1 pinned threads; allocated CPUs 84
rank 2175 on c580.nibi.sharcnet: 1 pinned threads; allocated CPUs 63
rank 2773 on c584.nibi.sharcnet: 1 pinned threads; allocated CPUs 85
rank 2290 on c580.nibi.sharcnet: 1 pinned threads; allocated CPUs 178
rank 2774 on c584.nibi.sharcnet: 1 pinned threads; allocated CPUs 86
rank 2153 on c580.nibi.sharcnet: 1 pinned threads; allocated CPUs 41
rank 2775 on c584.nibi.sharcnet: 1 pinned threads; allocated CPUs 87
rank 2241 on c580.nibi.sharcnet: 1 pinned threads; allocated CPUs 129
rank 2776 on c584.nibi.sharcnet: 1 pinned threads; allocated CPUs 88
rank 2147 on c580.nibi.sharcnet: 1 pinned threads; allocated CPUs 35
rank 2777 on c584.nibi.sharcnet: 1 pinned threads; allocated CPUs 89
rank 2165 on c580.nibi.sharcnet: 1 pinned threads; allocated CPUs 53
rank 2778 on c584.nibi.sharcnet: 1 pinned threads; allocated CPUs 90
rank 2178 on c580.nibi.sharcnet: 1 pinned threads; allocated CPUs 66
rank 2779 on c584.nibi.sharcnet: 1 pinned threads; allocated CPUs 91
rank 2177 on c580.nibi.sharcnet: 1 pinned threads; allocated CPUs 65
rank 2781 on c584.nibi.sharcnet: 1 pinned threads; allocated CPUs 93
rank 2201 on c580.nibi.sharcnet: 1 pinned threads; allocated CPUs 89
rank 2782 on c584.nibi.sharcnet: 1 pinned threads; allocated CPUs 94
rank 2145 on c580.nibi.sharcnet: 1 pinned threads; allocated CPUs 33
rank 2783 on c584.nibi.sharcnet: 1 pinned threads; allocated CPUs 95
rank 2148 on c580.nibi.sharcnet: 1 pinned threads; allocated CPUs 36
rank 2784 on c584.nibi.sharcnet: 1 pinned threads; allocated CPUs 96
rank 2186 on c580.nibi.sharcnet: 1 pinned threads; allocated CPUs 74
rank 2785 on c584.nibi.sharcnet: 1 pinned threads; allocated CPUs 97
rank 2194 on c580.nibi.sharcnet: 1 pinned threads; allocated CPUs 82
rank 2786 on c584.nibi.sharcnet: 1 pinned threads; allocated CPUs 98
rank 2197 on c580.nibi.sharcnet: 1 pinned threads; allocated CPUs 85
rank 2787 on c584.nibi.sharcnet: 1 pinned threads; allocated CPUs 99
rank 2141 on c580.nibi.sharcnet: 1 pinned threads; allocated CPUs 29
rank 2788 on c584.nibi.sharcnet: 1 pinned threads; allocated CPUs 100
rank 2170 on c580.nibi.sharcnet: 1 pinned threads; allocated CPUs 58
rank 2789 on c584.nibi.sharcnet: 1 pinned threads; allocated CPUs 101
rank 2181 on c580.nibi.sharcnet: 1 pinned threads; allocated CPUs 69
rank 2790 on c584.nibi.sharcnet: 1 pinned threads; allocated CPUs 102
rank 2204 on c580.nibi.sharcnet: 1 pinned threads; allocated CPUs 92
rank 2791 on c584.nibi.sharcnet: 1 pinned threads; allocated CPUs 103
rank 2122 on c580.nibi.sharcnet: 1 pinned threads; allocated CPUs 10
rank 2792 on c584.nibi.sharcnet: 1 pinned threads; allocated CPUs 104
rank 2128 on c580.nibi.sharcnet: 1 pinned threads; allocated CPUs 16
rank 2793 on c584.nibi.sharcnet: 1 pinned threads; allocated CPUs 105
rank 2137 on c580.nibi.sharcnet: 1 pinned threads; allocated CPUs 25
rank 2794 on c584.nibi.sharcnet: 1 pinned threads; allocated CPUs 106
rank 2142 on c580.nibi.sharcnet: 1 pinned threads; allocated CPUs 30
rank 2795 on c584.nibi.sharcnet: 1 pinned threads; allocated CPUs 107
rank 2146 on c580.nibi.sharcnet: 1 pinned threads; allocated CPUs 34
rank 2796 on c584.nibi.sharcnet: 1 pinned threads; allocated CPUs 108
rank 2176 on c580.nibi.sharcnet: 1 pinned threads; allocated CPUs 64
rank 2797 on c584.nibi.sharcnet: 1 pinned threads; allocated CPUs 109
rank 2184 on c580.nibi.sharcnet: 1 pinned threads; allocated CPUs 72
rank 2798 on c584.nibi.sharcnet: 1 pinned threads; allocated CPUs 110
rank 2188 on c580.nibi.sharcnet: 1 pinned threads; allocated CPUs 76
rank 2799 on c584.nibi.sharcnet: 1 pinned threads; allocated CPUs 111
rank 2192 on c580.nibi.sharcnet: 1 pinned threads; allocated CPUs 80
rank 2800 on c584.nibi.sharcnet: 1 pinned threads; allocated CPUs 112
rank 2193 on c580.nibi.sharcnet: 1 pinned threads; allocated CPUs 81
rank 2801 on c584.nibi.sharcnet: 1 pinned threads; allocated CPUs 113
rank 2200 on c580.nibi.sharcnet: 1 pinned threads; allocated CPUs 88
rank 2802 on c584.nibi.sharcnet: 1 pinned threads; allocated CPUs 114
rank 2202 on c580.nibi.sharcnet: 1 pinned threads; allocated CPUs 90
rank 2803 on c584.nibi.sharcnet: 1 pinned threads; allocated CPUs 115
rank 2205 on c580.nibi.sharcnet: 1 pinned threads; allocated CPUs 93
rank 2804 on c584.nibi.sharcnet: 1 pinned threads; allocated CPUs 116
rank 2207 on c580.nibi.sharcnet: 1 pinned threads; allocated CPUs 95
rank 2805 on c584.nibi.sharcnet: 1 pinned threads; allocated CPUs 117
rank 2114 on c580.nibi.sharcnet: 1 pinned threads; allocated CPUs 2
rank 2806 on c584.nibi.sharcnet: 1 pinned threads; allocated CPUs 118
rank 2115 on c580.nibi.sharcnet: 1 pinned threads; allocated CPUs 3
rank 2807 on c584.nibi.sharcnet: 1 pinned threads; allocated CPUs 119
rank 2118 on c580.nibi.sharcnet: 1 pinned threads; allocated CPUs 6
rank 2808 on c584.nibi.sharcnet: 1 pinned threads; allocated CPUs 120
rank 2119 on c580.nibi.sharcnet: 1 pinned threads; allocated CPUs 7
rank 2809 on c584.nibi.sharcnet: 1 pinned threads; allocated CPUs 121
rank 2120 on c580.nibi.sharcnet: 1 pinned threads; allocated CPUs 8
rank 2810 on c584.nibi.sharcnet: 1 pinned threads; allocated CPUs 122
rank 2121 on c580.nibi.sharcnet: 1 pinned threads; allocated CPUs 9
rank 2811 on c584.nibi.sharcnet: 1 pinned threads; allocated CPUs 123
rank 2123 on c580.nibi.sharcnet: 1 pinned threads; allocated CPUs 11
rank 2812 on c584.nibi.sharcnet: 1 pinned threads; allocated CPUs 124
rank 2124 on c580.nibi.sharcnet: 1 pinned threads; allocated CPUs 12
rank 2813 on c584.nibi.sharcnet: 1 pinned threads; allocated CPUs 125
rank 2127 on c580.nibi.sharcnet: 1 pinned threads; allocated CPUs 15
rank 2814 on c584.nibi.sharcnet: 1 pinned threads; allocated CPUs 126
rank 2132 on c580.nibi.sharcnet: 1 pinned threads; allocated CPUs 20
rank 2815 on c584.nibi.sharcnet: 1 pinned threads; allocated CPUs 127
rank 2134 on c580.nibi.sharcnet: 1 pinned threads; allocated CPUs 22
rank 2816 on c584.nibi.sharcnet: 1 pinned threads; allocated CPUs 128
rank 2136 on c580.nibi.sharcnet: 1 pinned threads; allocated CPUs 24
rank 2817 on c584.nibi.sharcnet: 1 pinned threads; allocated CPUs 129
rank 2140 on c580.nibi.sharcnet: 1 pinned threads; allocated CPUs 28
rank 2818 on c584.nibi.sharcnet: 1 pinned threads; allocated CPUs 130
rank 2143 on c580.nibi.sharcnet: 1 pinned threads; allocated CPUs 31
rank 2819 on c584.nibi.sharcnet: 1 pinned threads; allocated CPUs 131
rank 2155 on c580.nibi.sharcnet: 1 pinned threads; allocated CPUs 43
rank 2820 on c584.nibi.sharcnet: 1 pinned threads; allocated CPUs 132
rank 2156 on c580.nibi.sharcnet: 1 pinned threads; allocated CPUs 44
rank 2821 on c584.nibi.sharcnet: 1 pinned threads; allocated CPUs 133
rank 2162 on c580.nibi.sharcnet: 1 pinned threads; allocated CPUs 50
rank 2822 on c584.nibi.sharcnet: 1 pinned threads; allocated CPUs 134
rank 2166 on c580.nibi.sharcnet: 1 pinned threads; allocated CPUs 54
rank 2823 on c584.nibi.sharcnet: 1 pinned threads; allocated CPUs 135
rank 2179 on c580.nibi.sharcnet: 1 pinned threads; allocated CPUs 67
rank 2824 on c584.nibi.sharcnet: 1 pinned threads; allocated CPUs 136
rank 2180 on c580.nibi.sharcnet: 1 pinned threads; allocated CPUs 68
rank 2825 on c584.nibi.sharcnet: 1 pinned threads; allocated CPUs 137
rank 2182 on c580.nibi.sharcnet: 1 pinned threads; allocated CPUs 70
rank 2826 on c584.nibi.sharcnet: 1 pinned threads; allocated CPUs 138
rank 2183 on c580.nibi.sharcnet: 1 pinned threads; allocated CPUs 71
rank 2827 on c584.nibi.sharcnet: 1 pinned threads; allocated CPUs 139
rank 2187 on c580.nibi.sharcnet: 1 pinned threads; allocated CPUs 75
rank 2828 on c584.nibi.sharcnet: 1 pinned threads; allocated CPUs 140
rank 2189 on c580.nibi.sharcnet: 1 pinned threads; allocated CPUs 77
rank 2829 on c584.nibi.sharcnet: 1 pinned threads; allocated CPUs 141
rank 2190 on c580.nibi.sharcnet: 1 pinned threads; allocated CPUs 78
rank 2830 on c584.nibi.sharcnet: 1 pinned threads; allocated CPUs 142
rank 2191 on c580.nibi.sharcnet: 1 pinned threads; allocated CPUs 79
rank 2832 on c584.nibi.sharcnet: 1 pinned threads; allocated CPUs 144
rank 2196 on c580.nibi.sharcnet: 1 pinned threads; allocated CPUs 84
rank 2833 on c584.nibi.sharcnet: 1 pinned threads; allocated CPUs 145
rank 2198 on c580.nibi.sharcnet: 1 pinned threads; allocated CPUs 86
rank 2834 on c584.nibi.sharcnet: 1 pinned threads; allocated CPUs 146
rank 2199 on c580.nibi.sharcnet: 1 pinned threads; allocated CPUs 87
rank 2835 on c584.nibi.sharcnet: 1 pinned threads; allocated CPUs 147
rank 2112 on c580.nibi.sharcnet: 1 pinned threads; allocated CPUs 0
rank 2836 on c584.nibi.sharcnet: 1 pinned threads; allocated CPUs 148
rank 2117 on c580.nibi.sharcnet: 1 pinned threads; allocated CPUs 5
rank 2837 on c584.nibi.sharcnet: 1 pinned threads; allocated CPUs 149
rank 2138 on c580.nibi.sharcnet: 1 pinned threads; allocated CPUs 26
rank 2838 on c584.nibi.sharcnet: 1 pinned threads; allocated CPUs 150
rank 2139 on c580.nibi.sharcnet: 1 pinned threads; allocated CPUs 27
rank 2839 on c584.nibi.sharcnet: 1 pinned threads; allocated CPUs 151
rank 2185 on c580.nibi.sharcnet: 1 pinned threads; allocated CPUs 73
rank 2840 on c584.nibi.sharcnet: 1 pinned threads; allocated CPUs 152
rank 2195 on c580.nibi.sharcnet: 1 pinned threads; allocated CPUs 83
rank 2841 on c584.nibi.sharcnet: 1 pinned threads; allocated CPUs 153
rank 2203 on c580.nibi.sharcnet: 1 pinned threads; allocated CPUs 91
rank 2842 on c584.nibi.sharcnet: 1 pinned threads; allocated CPUs 154
rank 2125 on c580.nibi.sharcnet: 1 pinned threads; allocated CPUs 13
rank 2843 on c584.nibi.sharcnet: 1 pinned threads; allocated CPUs 155
rank 2113 on c580.nibi.sharcnet: 1 pinned threads; allocated CPUs 1
rank 2844 on c584.nibi.sharcnet: 1 pinned threads; allocated CPUs 156
rank 2206 on c580.nibi.sharcnet: 1 pinned threads; allocated CPUs 94
rank 2845 on c584.nibi.sharcnet: 1 pinned threads; allocated CPUs 157
rank 2131 on c580.nibi.sharcnet: 1 pinned threads; allocated CPUs 19
rank 2846 on c584.nibi.sharcnet: 1 pinned threads; allocated CPUs 158
rank 2116 on c580.nibi.sharcnet: 1 pinned threads; allocated CPUs 4
rank 2847 on c584.nibi.sharcnet: 1 pinned threads; allocated CPUs 159
rank 2130 on c580.nibi.sharcnet: 1 pinned threads; allocated CPUs 18
rank 2848 on c584.nibi.sharcnet: 1 pinned threads; allocated CPUs 160
rank 2135 on c580.nibi.sharcnet: 1 pinned threads; allocated CPUs 23
rank 2849 on c584.nibi.sharcnet: 1 pinned threads; allocated CPUs 161
rank 2129 on c580.nibi.sharcnet: 1 pinned threads; allocated CPUs 17
rank 2850 on c584.nibi.sharcnet: 1 pinned threads; allocated CPUs 162
rank 2126 on c580.nibi.sharcnet: 1 pinned threads; allocated CPUs 14
rank 2851 on c584.nibi.sharcnet: 1 pinned threads; allocated CPUs 163
rank 417 on c137.nibi.sharcnet: 1 pinned threads; allocated CPUs 33
rank 2852 on c584.nibi.sharcnet: 1 pinned threads; allocated CPUs 164
rank 427 on c137.nibi.sharcnet: 1 pinned threads; allocated CPUs 43
rank 2853 on c584.nibi.sharcnet: 1 pinned threads; allocated CPUs 165
rank 448 on c137.nibi.sharcnet: 1 pinned threads; allocated CPUs 64
rank 2854 on c584.nibi.sharcnet: 1 pinned threads; allocated CPUs 166
rank 449 on c137.nibi.sharcnet: 1 pinned threads; allocated CPUs 65
rank 2855 on c584.nibi.sharcnet: 1 pinned threads; allocated CPUs 167
rank 463 on c137.nibi.sharcnet: 1 pinned threads; allocated CPUs 79
rank 2856 on c584.nibi.sharcnet: 1 pinned threads; allocated CPUs 168
rank 478 on c137.nibi.sharcnet: 1 pinned threads; allocated CPUs 94
rank 2857 on c584.nibi.sharcnet: 1 pinned threads; allocated CPUs 169
rank 479 on c137.nibi.sharcnet: 1 pinned threads; allocated CPUs 95
rank 2858 on c584.nibi.sharcnet: 1 pinned threads; allocated CPUs 170
rank 418 on c137.nibi.sharcnet: 1 pinned threads; allocated CPUs 34
rank 2859 on c584.nibi.sharcnet: 1 pinned threads; allocated CPUs 171
rank 419 on c137.nibi.sharcnet: 1 pinned threads; allocated CPUs 35
rank 2860 on c584.nibi.sharcnet: 1 pinned threads; allocated CPUs 172
rank 423 on c137.nibi.sharcnet: 1 pinned threads; allocated CPUs 39
rank 2861 on c584.nibi.sharcnet: 1 pinned threads; allocated CPUs 173
rank 431 on c137.nibi.sharcnet: 1 pinned threads; allocated CPUs 47
rank 2862 on c584.nibi.sharcnet: 1 pinned threads; allocated CPUs 174
rank 471 on c137.nibi.sharcnet: 1 pinned threads; allocated CPUs 87
rank 2863 on c584.nibi.sharcnet: 1 pinned threads; allocated CPUs 175
rank 475 on c137.nibi.sharcnet: 1 pinned threads; allocated CPUs 91
rank 2864 on c584.nibi.sharcnet: 1 pinned threads; allocated CPUs 176
rank 429 on c137.nibi.sharcnet: 1 pinned threads; allocated CPUs 45
rank 2865 on c584.nibi.sharcnet: 1 pinned threads; allocated CPUs 177
rank 430 on c137.nibi.sharcnet: 1 pinned threads; allocated CPUs 46
rank 2866 on c584.nibi.sharcnet: 1 pinned threads; allocated CPUs 178
rank 434 on c137.nibi.sharcnet: 1 pinned threads; allocated CPUs 50
rank 2867 on c584.nibi.sharcnet: 1 pinned threads; allocated CPUs 179
rank 440 on c137.nibi.sharcnet: 1 pinned threads; allocated CPUs 56
rank 2868 on c584.nibi.sharcnet: 1 pinned threads; allocated CPUs 180
rank 437 on c137.nibi.sharcnet: 1 pinned threads; allocated CPUs 53
rank 2869 on c584.nibi.sharcnet: 1 pinned threads; allocated CPUs 181
rank 453 on c137.nibi.sharcnet: 1 pinned threads; allocated CPUs 69
rank 2870 on c584.nibi.sharcnet: 1 pinned threads; allocated CPUs 182
rank 454 on c137.nibi.sharcnet: 1 pinned threads; allocated CPUs 70
rank 2871 on c584.nibi.sharcnet: 1 pinned threads; allocated CPUs 183
rank 477 on c137.nibi.sharcnet: 1 pinned threads; allocated CPUs 93
rank 2872 on c584.nibi.sharcnet: 1 pinned threads; allocated CPUs 184
rank 436 on c137.nibi.sharcnet: 1 pinned threads; allocated CPUs 52
rank 2873 on c584.nibi.sharcnet: 1 pinned threads; allocated CPUs 185
rank 438 on c137.nibi.sharcnet: 1 pinned threads; allocated CPUs 54
rank 2874 on c584.nibi.sharcnet: 1 pinned threads; allocated CPUs 186
rank 444 on c137.nibi.sharcnet: 1 pinned threads; allocated CPUs 60
rank 2875 on c584.nibi.sharcnet: 1 pinned threads; allocated CPUs 187
rank 457 on c137.nibi.sharcnet: 1 pinned threads; allocated CPUs 73
rank 2876 on c584.nibi.sharcnet: 1 pinned threads; allocated CPUs 188
rank 459 on c137.nibi.sharcnet: 1 pinned threads; allocated CPUs 75
rank 2877 on c584.nibi.sharcnet: 1 pinned threads; allocated CPUs 189
rank 462 on c137.nibi.sharcnet: 1 pinned threads; allocated CPUs 78
rank 2878 on c584.nibi.sharcnet: 1 pinned threads; allocated CPUs 190
rank 465 on c137.nibi.sharcnet: 1 pinned threads; allocated CPUs 81
rank 2879 on c584.nibi.sharcnet: 1 pinned threads; allocated CPUs 191
rank 467 on c137.nibi.sharcnet: 1 pinned threads; allocated CPUs 83
rank 2780 on c584.nibi.sharcnet: 1 pinned threads; allocated CPUs 92
rank 473 on c137.nibi.sharcnet: 1 pinned threads; allocated CPUs 89
rank 2831 on c584.nibi.sharcnet: 1 pinned threads; allocated CPUs 143
rank 494 on c137.nibi.sharcnet: 1 pinned threads; allocated CPUs 110
rank 510 on c137.nibi.sharcnet: 1 pinned threads; allocated CPUs 126
rank 3711 on c596.nibi.sharcnet: 1 pinned threads; allocated CPUs 63
rank 403 on c137.nibi.sharcnet: 1 pinned threads; allocated CPUs 19
rank 3712 on c596.nibi.sharcnet: 1 pinned threads; allocated CPUs 64
rank 428 on c137.nibi.sharcnet: 1 pinned threads; allocated CPUs 44
rank 3713 on c596.nibi.sharcnet: 1 pinned threads; allocated CPUs 65
rank 432 on c137.nibi.sharcnet: 1 pinned threads; allocated CPUs 48
rank 3716 on c596.nibi.sharcnet: 1 pinned threads; allocated CPUs 68
rank 435 on c137.nibi.sharcnet: 1 pinned threads; allocated CPUs 51
rank 3720 on c596.nibi.sharcnet: 1 pinned threads; allocated CPUs 72
rank 441 on c137.nibi.sharcnet: 1 pinned threads; allocated CPUs 57
rank 3721 on c596.nibi.sharcnet: 1 pinned threads; allocated CPUs 73
rank 446 on c137.nibi.sharcnet: 1 pinned threads; allocated CPUs 62
rank 3722 on c596.nibi.sharcnet: 1 pinned threads; allocated CPUs 74
rank 447 on c137.nibi.sharcnet: 1 pinned threads; allocated CPUs 63
rank 3724 on c596.nibi.sharcnet: 1 pinned threads; allocated CPUs 76
rank 450 on c137.nibi.sharcnet: 1 pinned threads; allocated CPUs 66
rank 3725 on c596.nibi.sharcnet: 1 pinned threads; allocated CPUs 77
rank 451 on c137.nibi.sharcnet: 1 pinned threads; allocated CPUs 67
rank 3727 on c596.nibi.sharcnet: 1 pinned threads; allocated CPUs 79
rank 452 on c137.nibi.sharcnet: 1 pinned threads; allocated CPUs 68
rank 3728 on c596.nibi.sharcnet: 1 pinned threads; allocated CPUs 80
rank 455 on c137.nibi.sharcnet: 1 pinned threads; allocated CPUs 71
rank 3729 on c596.nibi.sharcnet: 1 pinned threads; allocated CPUs 81
rank 460 on c137.nibi.sharcnet: 1 pinned threads; allocated CPUs 76
rank 3730 on c596.nibi.sharcnet: 1 pinned threads; allocated CPUs 82
rank 461 on c137.nibi.sharcnet: 1 pinned threads; allocated CPUs 77
rank 3732 on c596.nibi.sharcnet: 1 pinned threads; allocated CPUs 84
rank 464 on c137.nibi.sharcnet: 1 pinned threads; allocated CPUs 80
rank 3733 on c596.nibi.sharcnet: 1 pinned threads; allocated CPUs 85
rank 468 on c137.nibi.sharcnet: 1 pinned threads; allocated CPUs 84
rank 3734 on c596.nibi.sharcnet: 1 pinned threads; allocated CPUs 86
rank 469 on c137.nibi.sharcnet: 1 pinned threads; allocated CPUs 85
rank 3735 on c596.nibi.sharcnet: 1 pinned threads; allocated CPUs 87
rank 474 on c137.nibi.sharcnet: 1 pinned threads; allocated CPUs 90
rank 3736 on c596.nibi.sharcnet: 1 pinned threads; allocated CPUs 88
rank 485 on c137.nibi.sharcnet: 1 pinned threads; allocated CPUs 101
rank 3738 on c596.nibi.sharcnet: 1 pinned threads; allocated CPUs 90
rank 388 on c137.nibi.sharcnet: 1 pinned threads; allocated CPUs 4
rank 3741 on c596.nibi.sharcnet: 1 pinned threads; allocated CPUs 93
rank 390 on c137.nibi.sharcnet: 1 pinned threads; allocated CPUs 6
rank 3744 on c596.nibi.sharcnet: 1 pinned threads; allocated CPUs 96
rank 393 on c137.nibi.sharcnet: 1 pinned threads; allocated CPUs 9
rank 3747 on c596.nibi.sharcnet: 1 pinned threads; allocated CPUs 99
rank 394 on c137.nibi.sharcnet: 1 pinned threads; allocated CPUs 10
rank 3748 on c596.nibi.sharcnet: 1 pinned threads; allocated CPUs 100
rank 396 on c137.nibi.sharcnet: 1 pinned threads; allocated CPUs 12
rank 3749 on c596.nibi.sharcnet: 1 pinned threads; allocated CPUs 101
rank 397 on c137.nibi.sharcnet: 1 pinned threads; allocated CPUs 13
rank 3750 on c596.nibi.sharcnet: 1 pinned threads; allocated CPUs 102
rank 399 on c137.nibi.sharcnet: 1 pinned threads; allocated CPUs 15
rank 3751 on c596.nibi.sharcnet: 1 pinned threads; allocated CPUs 103
rank 400 on c137.nibi.sharcnet: 1 pinned threads; allocated CPUs 16
rank 3752 on c596.nibi.sharcnet: 1 pinned threads; allocated CPUs 104
rank 408 on c137.nibi.sharcnet: 1 pinned threads; allocated CPUs 24
rank 3755 on c596.nibi.sharcnet: 1 pinned threads; allocated CPUs 107
rank 409 on c137.nibi.sharcnet: 1 pinned threads; allocated CPUs 25
rank 3756 on c596.nibi.sharcnet: 1 pinned threads; allocated CPUs 108
rank 410 on c137.nibi.sharcnet: 1 pinned threads; allocated CPUs 26
rank 3758 on c596.nibi.sharcnet: 1 pinned threads; allocated CPUs 110
rank 411 on c137.nibi.sharcnet: 1 pinned threads; allocated CPUs 27
rank 3760 on c596.nibi.sharcnet: 1 pinned threads; allocated CPUs 112
rank 412 on c137.nibi.sharcnet: 1 pinned threads; allocated CPUs 28
rank 3761 on c596.nibi.sharcnet: 1 pinned threads; allocated CPUs 113
rank 413 on c137.nibi.sharcnet: 1 pinned threads; allocated CPUs 29
rank 3762 on c596.nibi.sharcnet: 1 pinned threads; allocated CPUs 114
rank 416 on c137.nibi.sharcnet: 1 pinned threads; allocated CPUs 32
rank 3764 on c596.nibi.sharcnet: 1 pinned threads; allocated CPUs 116
rank 425 on c137.nibi.sharcnet: 1 pinned threads; allocated CPUs 41
rank 3765 on c596.nibi.sharcnet: 1 pinned threads; allocated CPUs 117
rank 443 on c137.nibi.sharcnet: 1 pinned threads; allocated CPUs 59
rank 3766 on c596.nibi.sharcnet: 1 pinned threads; allocated CPUs 118
rank 458 on c137.nibi.sharcnet: 1 pinned threads; allocated CPUs 74
rank 3767 on c596.nibi.sharcnet: 1 pinned threads; allocated CPUs 119
rank 384 on c137.nibi.sharcnet: 1 pinned threads; allocated CPUs 0
rank 3768 on c596.nibi.sharcnet: 1 pinned threads; allocated CPUs 120
rank 385 on c137.nibi.sharcnet: 1 pinned threads; allocated CPUs 1
rank 3769 on c596.nibi.sharcnet: 1 pinned threads; allocated CPUs 121
rank 387 on c137.nibi.sharcnet: 1 pinned threads; allocated CPUs 3
rank 3770 on c596.nibi.sharcnet: 1 pinned threads; allocated CPUs 122
rank 391 on c137.nibi.sharcnet: 1 pinned threads; allocated CPUs 7
rank 3771 on c596.nibi.sharcnet: 1 pinned threads; allocated CPUs 123
rank 392 on c137.nibi.sharcnet: 1 pinned threads; allocated CPUs 8
rank 3772 on c596.nibi.sharcnet: 1 pinned threads; allocated CPUs 124
rank 395 on c137.nibi.sharcnet: 1 pinned threads; allocated CPUs 11
rank 3773 on c596.nibi.sharcnet: 1 pinned threads; allocated CPUs 125
rank 401 on c137.nibi.sharcnet: 1 pinned threads; allocated CPUs 17
rank 3774 on c596.nibi.sharcnet: 1 pinned threads; allocated CPUs 126
rank 402 on c137.nibi.sharcnet: 1 pinned threads; allocated CPUs 18
rank 3775 on c596.nibi.sharcnet: 1 pinned threads; allocated CPUs 127
rank 404 on c137.nibi.sharcnet: 1 pinned threads; allocated CPUs 20
rank 3776 on c596.nibi.sharcnet: 1 pinned threads; allocated CPUs 128
rank 405 on c137.nibi.sharcnet: 1 pinned threads; allocated CPUs 21
rank 3777 on c596.nibi.sharcnet: 1 pinned threads; allocated CPUs 129
rank 406 on c137.nibi.sharcnet: 1 pinned threads; allocated CPUs 22
rank 3778 on c596.nibi.sharcnet: 1 pinned threads; allocated CPUs 130
rank 407 on c137.nibi.sharcnet: 1 pinned threads; allocated CPUs 23
rank 3779 on c596.nibi.sharcnet: 1 pinned threads; allocated CPUs 131
rank 414 on c137.nibi.sharcnet: 1 pinned threads; allocated CPUs 30
rank 3780 on c596.nibi.sharcnet: 1 pinned threads; allocated CPUs 132
rank 415 on c137.nibi.sharcnet: 1 pinned threads; allocated CPUs 31
rank 3781 on c596.nibi.sharcnet: 1 pinned threads; allocated CPUs 133
rank 466 on c137.nibi.sharcnet: 1 pinned threads; allocated CPUs 82
rank 3782 on c596.nibi.sharcnet: 1 pinned threads; allocated CPUs 134
rank 476 on c137.nibi.sharcnet: 1 pinned threads; allocated CPUs 92
rank 3783 on c596.nibi.sharcnet: 1 pinned threads; allocated CPUs 135
rank 389 on c137.nibi.sharcnet: 1 pinned threads; allocated CPUs 5
rank 3784 on c596.nibi.sharcnet: 1 pinned threads; allocated CPUs 136
rank 386 on c137.nibi.sharcnet: 1 pinned threads; allocated CPUs 2
rank 3785 on c596.nibi.sharcnet: 1 pinned threads; allocated CPUs 137
rank 421 on c137.nibi.sharcnet: 1 pinned threads; allocated CPUs 37
rank 3786 on c596.nibi.sharcnet: 1 pinned threads; allocated CPUs 138
rank 3787 on c596.nibi.sharcnet: 1 pinned threads; allocated CPUs 139
rank 4623 on c609.nibi.sharcnet: 1 pinned threads; allocated CPUs 15
rank 3788 on c596.nibi.sharcnet: 1 pinned threads; allocated CPUs 140
rank 4624 on c609.nibi.sharcnet: 1 pinned threads; allocated CPUs 16
rank 3789 on c596.nibi.sharcnet: 1 pinned threads; allocated CPUs 141
rank 4625 on c609.nibi.sharcnet: 1 pinned threads; allocated CPUs 17
rank 3790 on c596.nibi.sharcnet: 1 pinned threads; allocated CPUs 142
rank 4626 on c609.nibi.sharcnet: 1 pinned threads; allocated CPUs 18
rank 3791 on c596.nibi.sharcnet: 1 pinned threads; allocated CPUs 143
rank 4627 on c609.nibi.sharcnet: 1 pinned threads; allocated CPUs 19
rank 3792 on c596.nibi.sharcnet: 1 pinned threads; allocated CPUs 144
rank 4628 on c609.nibi.sharcnet: 1 pinned threads; allocated CPUs 20
rank 38 on c120.nibi.sharcnet: 1 pinned threads; allocated CPUs 38
rank 3793 on c596.nibi.sharcnet: 1 pinned threads; allocated CPUs 145
rank 3794 on c596.nibi.sharcnet: 1 pinned threads; allocated CPUs 146
rank 4629 on c609.nibi.sharcnet: 1 pinned threads; allocated CPUs 21
rank 3795 on c596.nibi.sharcnet: 1 pinned threads; allocated CPUs 147
rank 4630 on c609.nibi.sharcnet: 1 pinned threads; allocated CPUs 22
rank 3796 on c596.nibi.sharcnet: 1 pinned threads; allocated CPUs 148
rank 4631 on c609.nibi.sharcnet: 1 pinned threads; allocated CPUs 23
rank 3797 on c596.nibi.sharcnet: 1 pinned threads; allocated CPUs 149
rank 4632 on c609.nibi.sharcnet: 1 pinned threads; allocated CPUs 24
rank 3798 on c596.nibi.sharcnet: 1 pinned threads; allocated CPUs 150
rank 4633 on c609.nibi.sharcnet: 1 pinned threads; allocated CPUs 25
rank 3799 on c596.nibi.sharcnet: 1 pinned threads; allocated CPUs 151
rank 4634 on c609.nibi.sharcnet: 1 pinned threads; allocated CPUs 26
rank 3800 on c596.nibi.sharcnet: 1 pinned threads; allocated CPUs 152
rank 4635 on c609.nibi.sharcnet: 1 pinned threads; allocated CPUs 27
rank 3801 on c596.nibi.sharcnet: 1 pinned threads; allocated CPUs 153
rank 4636 on c609.nibi.sharcnet: 1 pinned threads; allocated CPUs 28
rank 3802 on c596.nibi.sharcnet: 1 pinned threads; allocated CPUs 154
rank 4637 on c609.nibi.sharcnet: 1 pinned threads; allocated CPUs 29
rank 3803 on c596.nibi.sharcnet: 1 pinned threads; allocated CPUs 155
rank 4638 on c609.nibi.sharcnet: 1 pinned threads; allocated CPUs 30
rank 3804 on c596.nibi.sharcnet: 1 pinned threads; allocated CPUs 156
rank 4639 on c609.nibi.sharcnet: 1 pinned threads; allocated CPUs 31
rank 3805 on c596.nibi.sharcnet: 1 pinned threads; allocated CPUs 157
rank 4640 on c609.nibi.sharcnet: 1 pinned threads; allocated CPUs 32
rank 3806 on c596.nibi.sharcnet: 1 pinned threads; allocated CPUs 158
rank 4641 on c609.nibi.sharcnet: 1 pinned threads; allocated CPUs 33
rank 3807 on c596.nibi.sharcnet: 1 pinned threads; allocated CPUs 159
rank 4642 on c609.nibi.sharcnet: 1 pinned threads; allocated CPUs 34
rank 3808 on c596.nibi.sharcnet: 1 pinned threads; allocated CPUs 160
rank 4643 on c609.nibi.sharcnet: 1 pinned threads; allocated CPUs 35
rank 3809 on c596.nibi.sharcnet: 1 pinned threads; allocated CPUs 161
rank 4644 on c609.nibi.sharcnet: 1 pinned threads; allocated CPUs 36
rank 3810 on c596.nibi.sharcnet: 1 pinned threads; allocated CPUs 162
rank 4645 on c609.nibi.sharcnet: 1 pinned threads; allocated CPUs 37
rank 3811 on c596.nibi.sharcnet: 1 pinned threads; allocated CPUs 163
rank 4646 on c609.nibi.sharcnet: 1 pinned threads; allocated CPUs 38
rank 3812 on c596.nibi.sharcnet: 1 pinned threads; allocated CPUs 164
rank 4647 on c609.nibi.sharcnet: 1 pinned threads; allocated CPUs 39
rank 3813 on c596.nibi.sharcnet: 1 pinned threads; allocated CPUs 165
rank 4648 on c609.nibi.sharcnet: 1 pinned threads; allocated CPUs 40
rank 3815 on c596.nibi.sharcnet: 1 pinned threads; allocated CPUs 167
rank 4649 on c609.nibi.sharcnet: 1 pinned threads; allocated CPUs 41
rank 3816 on c596.nibi.sharcnet: 1 pinned threads; allocated CPUs 168
rank 4650 on c609.nibi.sharcnet: 1 pinned threads; allocated CPUs 42
rank 3817 on c596.nibi.sharcnet: 1 pinned threads; allocated CPUs 169
rank 4651 on c609.nibi.sharcnet: 1 pinned threads; allocated CPUs 43
rank 3820 on c596.nibi.sharcnet: 1 pinned threads; allocated CPUs 172
rank 4652 on c609.nibi.sharcnet: 1 pinned threads; allocated CPUs 44
rank 3821 on c596.nibi.sharcnet: 1 pinned threads; allocated CPUs 173
rank 4653 on c609.nibi.sharcnet: 1 pinned threads; allocated CPUs 45
rank 3823 on c596.nibi.sharcnet: 1 pinned threads; allocated CPUs 175
rank 4654 on c609.nibi.sharcnet: 1 pinned threads; allocated CPUs 46
rank 3824 on c596.nibi.sharcnet: 1 pinned threads; allocated CPUs 176
rank 4655 on c609.nibi.sharcnet: 1 pinned threads; allocated CPUs 47
rank 3825 on c596.nibi.sharcnet: 1 pinned threads; allocated CPUs 177
rank 4656 on c609.nibi.sharcnet: 1 pinned threads; allocated CPUs 48
rank 3828 on c596.nibi.sharcnet: 1 pinned threads; allocated CPUs 180
rank 4657 on c609.nibi.sharcnet: 1 pinned threads; allocated CPUs 49
rank 3830 on c596.nibi.sharcnet: 1 pinned threads; allocated CPUs 182
rank 4658 on c609.nibi.sharcnet: 1 pinned threads; allocated CPUs 50
rank 3832 on c596.nibi.sharcnet: 1 pinned threads; allocated CPUs 184
rank 4659 on c609.nibi.sharcnet: 1 pinned threads; allocated CPUs 51
rank 3834 on c596.nibi.sharcnet: 1 pinned threads; allocated CPUs 186
rank 4660 on c609.nibi.sharcnet: 1 pinned threads; allocated CPUs 52
rank 3836 on c596.nibi.sharcnet: 1 pinned threads; allocated CPUs 188
rank 4661 on c609.nibi.sharcnet: 1 pinned threads; allocated CPUs 53
rank 3837 on c596.nibi.sharcnet: 1 pinned threads; allocated CPUs 189
rank 4662 on c609.nibi.sharcnet: 1 pinned threads; allocated CPUs 54
rank 3839 on c596.nibi.sharcnet: 1 pinned threads; allocated CPUs 191
rank 4663 on c609.nibi.sharcnet: 1 pinned threads; allocated CPUs 55
rank 3648 on c596.nibi.sharcnet: 1 pinned threads; allocated CPUs 0
rank 4664 on c609.nibi.sharcnet: 1 pinned threads; allocated CPUs 56
rank 3651 on c596.nibi.sharcnet: 1 pinned threads; allocated CPUs 3
rank 4665 on c609.nibi.sharcnet: 1 pinned threads; allocated CPUs 57
rank 3656 on c596.nibi.sharcnet: 1 pinned threads; allocated CPUs 8
rank 4666 on c609.nibi.sharcnet: 1 pinned threads; allocated CPUs 58
rank 3659 on c596.nibi.sharcnet: 1 pinned threads; allocated CPUs 11
rank 4667 on c609.nibi.sharcnet: 1 pinned threads; allocated CPUs 59
rank 3663 on c596.nibi.sharcnet: 1 pinned threads; allocated CPUs 15
rank 4668 on c609.nibi.sharcnet: 1 pinned threads; allocated CPUs 60
rank 3664 on c596.nibi.sharcnet: 1 pinned threads; allocated CPUs 16
rank 4669 on c609.nibi.sharcnet: 1 pinned threads; allocated CPUs 61
rank 3665 on c596.nibi.sharcnet: 1 pinned threads; allocated CPUs 17
rank 4670 on c609.nibi.sharcnet: 1 pinned threads; allocated CPUs 62
rank 3672 on c596.nibi.sharcnet: 1 pinned threads; allocated CPUs 24
rank 4671 on c609.nibi.sharcnet: 1 pinned threads; allocated CPUs 63
rank 3673 on c596.nibi.sharcnet: 1 pinned threads; allocated CPUs 25
rank 4672 on c609.nibi.sharcnet: 1 pinned threads; allocated CPUs 64
rank 3679 on c596.nibi.sharcnet: 1 pinned threads; allocated CPUs 31
rank 4673 on c609.nibi.sharcnet: 1 pinned threads; allocated CPUs 65
rank 3681 on c596.nibi.sharcnet: 1 pinned threads; allocated CPUs 33
rank 4674 on c609.nibi.sharcnet: 1 pinned threads; allocated CPUs 66
rank 3703 on c596.nibi.sharcnet: 1 pinned threads; allocated CPUs 55
rank 4675 on c609.nibi.sharcnet: 1 pinned threads; allocated CPUs 67
rank 3714 on c596.nibi.sharcnet: 1 pinned threads; allocated CPUs 66
rank 4676 on c609.nibi.sharcnet: 1 pinned threads; allocated CPUs 68
rank 3715 on c596.nibi.sharcnet: 1 pinned threads; allocated CPUs 67
rank 4677 on c609.nibi.sharcnet: 1 pinned threads; allocated CPUs 69
rank 3717 on c596.nibi.sharcnet: 1 pinned threads; allocated CPUs 69
rank 4678 on c609.nibi.sharcnet: 1 pinned threads; allocated CPUs 70
rank 3718 on c596.nibi.sharcnet: 1 pinned threads; allocated CPUs 70
rank 4679 on c609.nibi.sharcnet: 1 pinned threads; allocated CPUs 71
rank 3723 on c596.nibi.sharcnet: 1 pinned threads; allocated CPUs 75
rank 4680 on c609.nibi.sharcnet: 1 pinned threads; allocated CPUs 72
rank 3726 on c596.nibi.sharcnet: 1 pinned threads; allocated CPUs 78
rank 4681 on c609.nibi.sharcnet: 1 pinned threads; allocated CPUs 73
rank 3731 on c596.nibi.sharcnet: 1 pinned threads; allocated CPUs 83
rank 4682 on c609.nibi.sharcnet: 1 pinned threads; allocated CPUs 74
rank 3737 on c596.nibi.sharcnet: 1 pinned threads; allocated CPUs 89
rank 4683 on c609.nibi.sharcnet: 1 pinned threads; allocated CPUs 75
rank 3742 on c596.nibi.sharcnet: 1 pinned threads; allocated CPUs 94
rank 4684 on c609.nibi.sharcnet: 1 pinned threads; allocated CPUs 76
rank 3743 on c596.nibi.sharcnet: 1 pinned threads; allocated CPUs 95
rank 4685 on c609.nibi.sharcnet: 1 pinned threads; allocated CPUs 77
rank 3745 on c596.nibi.sharcnet: 1 pinned threads; allocated CPUs 97
rank 4686 on c609.nibi.sharcnet: 1 pinned threads; allocated CPUs 78
rank 3746 on c596.nibi.sharcnet: 1 pinned threads; allocated CPUs 98
rank 4687 on c609.nibi.sharcnet: 1 pinned threads; allocated CPUs 79
rank 3753 on c596.nibi.sharcnet: 1 pinned threads; allocated CPUs 105
rank 4688 on c609.nibi.sharcnet: 1 pinned threads; allocated CPUs 80
rank 3754 on c596.nibi.sharcnet: 1 pinned threads; allocated CPUs 106
rank 4689 on c609.nibi.sharcnet: 1 pinned threads; allocated CPUs 81
rank 3757 on c596.nibi.sharcnet: 1 pinned threads; allocated CPUs 109
rank 4690 on c609.nibi.sharcnet: 1 pinned threads; allocated CPUs 82
rank 3759 on c596.nibi.sharcnet: 1 pinned threads; allocated CPUs 111
rank 4691 on c609.nibi.sharcnet: 1 pinned threads; allocated CPUs 83
rank 3814 on c596.nibi.sharcnet: 1 pinned threads; allocated CPUs 166
rank 4692 on c609.nibi.sharcnet: 1 pinned threads; allocated CPUs 84
rank 3818 on c596.nibi.sharcnet: 1 pinned threads; allocated CPUs 170
rank 4693 on c609.nibi.sharcnet: 1 pinned threads; allocated CPUs 85
rank 3819 on c596.nibi.sharcnet: 1 pinned threads; allocated CPUs 171
rank 4694 on c609.nibi.sharcnet: 1 pinned threads; allocated CPUs 86
rank 3822 on c596.nibi.sharcnet: 1 pinned threads; allocated CPUs 174
rank 4695 on c609.nibi.sharcnet: 1 pinned threads; allocated CPUs 87
rank 3826 on c596.nibi.sharcnet: 1 pinned threads; allocated CPUs 178
rank 4696 on c609.nibi.sharcnet: 1 pinned threads; allocated CPUs 88
rank 3827 on c596.nibi.sharcnet: 1 pinned threads; allocated CPUs 179
rank 4697 on c609.nibi.sharcnet: 1 pinned threads; allocated CPUs 89
rank 3831 on c596.nibi.sharcnet: 1 pinned threads; allocated CPUs 183
rank 4698 on c609.nibi.sharcnet: 1 pinned threads; allocated CPUs 90
rank 3833 on c596.nibi.sharcnet: 1 pinned threads; allocated CPUs 185
rank 4699 on c609.nibi.sharcnet: 1 pinned threads; allocated CPUs 91
rank 3835 on c596.nibi.sharcnet: 1 pinned threads; allocated CPUs 187
rank 4700 on c609.nibi.sharcnet: 1 pinned threads; allocated CPUs 92
rank 3838 on c596.nibi.sharcnet: 1 pinned threads; allocated CPUs 190
rank 4701 on c609.nibi.sharcnet: 1 pinned threads; allocated CPUs 93
rank 3740 on c596.nibi.sharcnet: 1 pinned threads; allocated CPUs 92
rank 4702 on c609.nibi.sharcnet: 1 pinned threads; allocated CPUs 94
rank 3710 on c596.nibi.sharcnet: 1 pinned threads; allocated CPUs 62
rank 4703 on c609.nibi.sharcnet: 1 pinned threads; allocated CPUs 95
rank 3763 on c596.nibi.sharcnet: 1 pinned threads; allocated CPUs 115
rank 4704 on c609.nibi.sharcnet: 1 pinned threads; allocated CPUs 96
rank 3719 on c596.nibi.sharcnet: 1 pinned threads; allocated CPUs 71
rank 4705 on c609.nibi.sharcnet: 1 pinned threads; allocated CPUs 97
rank 3829 on c596.nibi.sharcnet: 1 pinned threads; allocated CPUs 181
rank 4706 on c609.nibi.sharcnet: 1 pinned threads; allocated CPUs 98
rank 3739 on c596.nibi.sharcnet: 1 pinned threads; allocated CPUs 91
rank 4707 on c609.nibi.sharcnet: 1 pinned threads; allocated CPUs 99
rank 3675 on c596.nibi.sharcnet: 1 pinned threads; allocated CPUs 27
rank 4708 on c609.nibi.sharcnet: 1 pinned threads; allocated CPUs 100
rank 3683 on c596.nibi.sharcnet: 1 pinned threads; allocated CPUs 35
rank 4709 on c609.nibi.sharcnet: 1 pinned threads; allocated CPUs 101
rank 3704 on c596.nibi.sharcnet: 1 pinned threads; allocated CPUs 56
rank 4710 on c609.nibi.sharcnet: 1 pinned threads; allocated CPUs 102
rank 4711 on c609.nibi.sharcnet: 1 pinned threads; allocated CPUs 103
rank 5857 on c622.nibi.sharcnet: 1 pinned threads; allocated CPUs 97
rank 4712 on c609.nibi.sharcnet: 1 pinned threads; allocated CPUs 104
rank 5858 on c622.nibi.sharcnet: 1 pinned threads; allocated CPUs 98
rank 4713 on c609.nibi.sharcnet: 1 pinned threads; allocated CPUs 105
rank 5859 on c622.nibi.sharcnet: 1 pinned threads; allocated CPUs 99
rank 4714 on c609.nibi.sharcnet: 1 pinned threads; allocated CPUs 106
rank 5860 on c622.nibi.sharcnet: 1 pinned threads; allocated CPUs 100
rank 4715 on c609.nibi.sharcnet: 1 pinned threads; allocated CPUs 107
rank 5861 on c622.nibi.sharcnet: 1 pinned threads; allocated CPUs 101
rank 4716 on c609.nibi.sharcnet: 1 pinned threads; allocated CPUs 108
rank 5862 on c622.nibi.sharcnet: 1 pinned threads; allocated CPUs 102
rank 4717 on c609.nibi.sharcnet: 1 pinned threads; allocated CPUs 109
rank 5863 on c622.nibi.sharcnet: 1 pinned threads; allocated CPUs 103
rank 4718 on c609.nibi.sharcnet: 1 pinned threads; allocated CPUs 110
rank 5864 on c622.nibi.sharcnet: 1 pinned threads; allocated CPUs 104
rank 4719 on c609.nibi.sharcnet: 1 pinned threads; allocated CPUs 111
rank 5865 on c622.nibi.sharcnet: 1 pinned threads; allocated CPUs 105
rank 4720 on c609.nibi.sharcnet: 1 pinned threads; allocated CPUs 112
rank 5866 on c622.nibi.sharcnet: 1 pinned threads; allocated CPUs 106
rank 4721 on c609.nibi.sharcnet: 1 pinned threads; allocated CPUs 113
rank 5867 on c622.nibi.sharcnet: 1 pinned threads; allocated CPUs 107
rank 4722 on c609.nibi.sharcnet: 1 pinned threads; allocated CPUs 114
rank 5868 on c622.nibi.sharcnet: 1 pinned threads; allocated CPUs 108
rank 4723 on c609.nibi.sharcnet: 1 pinned threads; allocated CPUs 115
rank 5869 on c622.nibi.sharcnet: 1 pinned threads; allocated CPUs 109
rank 4724 on c609.nibi.sharcnet: 1 pinned threads; allocated CPUs 116
rank 5870 on c622.nibi.sharcnet: 1 pinned threads; allocated CPUs 110
rank 4725 on c609.nibi.sharcnet: 1 pinned threads; allocated CPUs 117
rank 5871 on c622.nibi.sharcnet: 1 pinned threads; allocated CPUs 111
rank 4726 on c609.nibi.sharcnet: 1 pinned threads; allocated CPUs 118
rank 5872 on c622.nibi.sharcnet: 1 pinned threads; allocated CPUs 112
rank 4727 on c609.nibi.sharcnet: 1 pinned threads; allocated CPUs 119
rank 5873 on c622.nibi.sharcnet: 1 pinned threads; allocated CPUs 113
rank 4728 on c609.nibi.sharcnet: 1 pinned threads; allocated CPUs 120
rank 5874 on c622.nibi.sharcnet: 1 pinned threads; allocated CPUs 114
rank 4729 on c609.nibi.sharcnet: 1 pinned threads; allocated CPUs 121
rank 5875 on c622.nibi.sharcnet: 1 pinned threads; allocated CPUs 115
rank 4730 on c609.nibi.sharcnet: 1 pinned threads; allocated CPUs 122
rank 5876 on c622.nibi.sharcnet: 1 pinned threads; allocated CPUs 116
rank 4731 on c609.nibi.sharcnet: 1 pinned threads; allocated CPUs 123
rank 5877 on c622.nibi.sharcnet: 1 pinned threads; allocated CPUs 117
rank 4732 on c609.nibi.sharcnet: 1 pinned threads; allocated CPUs 124
rank 5878 on c622.nibi.sharcnet: 1 pinned threads; allocated CPUs 118
rank 4733 on c609.nibi.sharcnet: 1 pinned threads; allocated CPUs 125
rank 5879 on c622.nibi.sharcnet: 1 pinned threads; allocated CPUs 119
rank 4734 on c609.nibi.sharcnet: 1 pinned threads; allocated CPUs 126
rank 5880 on c622.nibi.sharcnet: 1 pinned threads; allocated CPUs 120
rank 4735 on c609.nibi.sharcnet: 1 pinned threads; allocated CPUs 127
rank 5881 on c622.nibi.sharcnet: 1 pinned threads; allocated CPUs 121
rank 4736 on c609.nibi.sharcnet: 1 pinned threads; allocated CPUs 128
rank 5882 on c622.nibi.sharcnet: 1 pinned threads; allocated CPUs 122
rank 4737 on c609.nibi.sharcnet: 1 pinned threads; allocated CPUs 129
rank 5883 on c622.nibi.sharcnet: 1 pinned threads; allocated CPUs 123
rank 4738 on c609.nibi.sharcnet: 1 pinned threads; allocated CPUs 130
rank 5884 on c622.nibi.sharcnet: 1 pinned threads; allocated CPUs 124
rank 4739 on c609.nibi.sharcnet: 1 pinned threads; allocated CPUs 131
rank 5885 on c622.nibi.sharcnet: 1 pinned threads; allocated CPUs 125
rank 4740 on c609.nibi.sharcnet: 1 pinned threads; allocated CPUs 132
rank 5886 on c622.nibi.sharcnet: 1 pinned threads; allocated CPUs 126
rank 4741 on c609.nibi.sharcnet: 1 pinned threads; allocated CPUs 133
rank 5887 on c622.nibi.sharcnet: 1 pinned threads; allocated CPUs 127
rank 4742 on c609.nibi.sharcnet: 1 pinned threads; allocated CPUs 134
rank 5888 on c622.nibi.sharcnet: 1 pinned threads; allocated CPUs 128
rank 4743 on c609.nibi.sharcnet: 1 pinned threads; allocated CPUs 135
rank 5889 on c622.nibi.sharcnet: 1 pinned threads; allocated CPUs 129
rank 4744 on c609.nibi.sharcnet: 1 pinned threads; allocated CPUs 136
rank 5890 on c622.nibi.sharcnet: 1 pinned threads; allocated CPUs 130
rank 4745 on c609.nibi.sharcnet: 1 pinned threads; allocated CPUs 137
rank 5891 on c622.nibi.sharcnet: 1 pinned threads; allocated CPUs 131
rank 4746 on c609.nibi.sharcnet: 1 pinned threads; allocated CPUs 138
rank 5892 on c622.nibi.sharcnet: 1 pinned threads; allocated CPUs 132
rank 4747 on c609.nibi.sharcnet: 1 pinned threads; allocated CPUs 139
rank 5893 on c622.nibi.sharcnet: 1 pinned threads; allocated CPUs 133
rank 4748 on c609.nibi.sharcnet: 1 pinned threads; allocated CPUs 140
rank 5894 on c622.nibi.sharcnet: 1 pinned threads; allocated CPUs 134
rank 4749 on c609.nibi.sharcnet: 1 pinned threads; allocated CPUs 141
rank 5895 on c622.nibi.sharcnet: 1 pinned threads; allocated CPUs 135
rank 4750 on c609.nibi.sharcnet: 1 pinned threads; allocated CPUs 142
rank 5896 on c622.nibi.sharcnet: 1 pinned threads; allocated CPUs 136
rank 4751 on c609.nibi.sharcnet: 1 pinned threads; allocated CPUs 143
rank 5897 on c622.nibi.sharcnet: 1 pinned threads; allocated CPUs 137
rank 4752 on c609.nibi.sharcnet: 1 pinned threads; allocated CPUs 144
rank 5898 on c622.nibi.sharcnet: 1 pinned threads; allocated CPUs 138
rank 4753 on c609.nibi.sharcnet: 1 pinned threads; allocated CPUs 145
rank 5899 on c622.nibi.sharcnet: 1 pinned threads; allocated CPUs 139
rank 4754 on c609.nibi.sharcnet: 1 pinned threads; allocated CPUs 146
rank 5900 on c622.nibi.sharcnet: 1 pinned threads; allocated CPUs 140
rank 4755 on c609.nibi.sharcnet: 1 pinned threads; allocated CPUs 147
rank 5901 on c622.nibi.sharcnet: 1 pinned threads; allocated CPUs 141
rank 4756 on c609.nibi.sharcnet: 1 pinned threads; allocated CPUs 148
rank 5902 on c622.nibi.sharcnet: 1 pinned threads; allocated CPUs 142
rank 4757 on c609.nibi.sharcnet: 1 pinned threads; allocated CPUs 149
rank 5903 on c622.nibi.sharcnet: 1 pinned threads; allocated CPUs 143
rank 4758 on c609.nibi.sharcnet: 1 pinned threads; allocated CPUs 150
rank 5904 on c622.nibi.sharcnet: 1 pinned threads; allocated CPUs 144
rank 4759 on c609.nibi.sharcnet: 1 pinned threads; allocated CPUs 151
rank 5905 on c622.nibi.sharcnet: 1 pinned threads; allocated CPUs 145
rank 4760 on c609.nibi.sharcnet: 1 pinned threads; allocated CPUs 152
rank 5906 on c622.nibi.sharcnet: 1 pinned threads; allocated CPUs 146
rank 4761 on c609.nibi.sharcnet: 1 pinned threads; allocated CPUs 153
rank 5907 on c622.nibi.sharcnet: 1 pinned threads; allocated CPUs 147
rank 4762 on c609.nibi.sharcnet: 1 pinned threads; allocated CPUs 154
rank 5908 on c622.nibi.sharcnet: 1 pinned threads; allocated CPUs 148
rank 4763 on c609.nibi.sharcnet: 1 pinned threads; allocated CPUs 155
rank 5909 on c622.nibi.sharcnet: 1 pinned threads; allocated CPUs 149
rank 4764 on c609.nibi.sharcnet: 1 pinned threads; allocated CPUs 156
rank 5910 on c622.nibi.sharcnet: 1 pinned threads; allocated CPUs 150
rank 4765 on c609.nibi.sharcnet: 1 pinned threads; allocated CPUs 157
rank 5911 on c622.nibi.sharcnet: 1 pinned threads; allocated CPUs 151
rank 4766 on c609.nibi.sharcnet: 1 pinned threads; allocated CPUs 158
rank 5912 on c622.nibi.sharcnet: 1 pinned threads; allocated CPUs 152
rank 4767 on c609.nibi.sharcnet: 1 pinned threads; allocated CPUs 159
rank 5913 on c622.nibi.sharcnet: 1 pinned threads; allocated CPUs 153
rank 4768 on c609.nibi.sharcnet: 1 pinned threads; allocated CPUs 160
rank 5914 on c622.nibi.sharcnet: 1 pinned threads; allocated CPUs 154
rank 4769 on c609.nibi.sharcnet: 1 pinned threads; allocated CPUs 161
rank 5915 on c622.nibi.sharcnet: 1 pinned threads; allocated CPUs 155
rank 4770 on c609.nibi.sharcnet: 1 pinned threads; allocated CPUs 162
rank 5916 on c622.nibi.sharcnet: 1 pinned threads; allocated CPUs 156
rank 4771 on c609.nibi.sharcnet: 1 pinned threads; allocated CPUs 163
rank 5917 on c622.nibi.sharcnet: 1 pinned threads; allocated CPUs 157
rank 4772 on c609.nibi.sharcnet: 1 pinned threads; allocated CPUs 164
rank 5918 on c622.nibi.sharcnet: 1 pinned threads; allocated CPUs 158
rank 4773 on c609.nibi.sharcnet: 1 pinned threads; allocated CPUs 165
rank 5919 on c622.nibi.sharcnet: 1 pinned threads; allocated CPUs 159
rank 4774 on c609.nibi.sharcnet: 1 pinned threads; allocated CPUs 166
rank 5920 on c622.nibi.sharcnet: 1 pinned threads; allocated CPUs 160
rank 4775 on c609.nibi.sharcnet: 1 pinned threads; allocated CPUs 167
rank 5921 on c622.nibi.sharcnet: 1 pinned threads; allocated CPUs 161
rank 4776 on c609.nibi.sharcnet: 1 pinned threads; allocated CPUs 168
rank 5922 on c622.nibi.sharcnet: 1 pinned threads; allocated CPUs 162
rank 4777 on c609.nibi.sharcnet: 1 pinned threads; allocated CPUs 169
rank 5923 on c622.nibi.sharcnet: 1 pinned threads; allocated CPUs 163
rank 4778 on c609.nibi.sharcnet: 1 pinned threads; allocated CPUs 170
rank 5924 on c622.nibi.sharcnet: 1 pinned threads; allocated CPUs 164
rank 4779 on c609.nibi.sharcnet: 1 pinned threads; allocated CPUs 171
rank 5925 on c622.nibi.sharcnet: 1 pinned threads; allocated CPUs 165
rank 4780 on c609.nibi.sharcnet: 1 pinned threads; allocated CPUs 172
rank 5926 on c622.nibi.sharcnet: 1 pinned threads; allocated CPUs 166
rank 4781 on c609.nibi.sharcnet: 1 pinned threads; allocated CPUs 173
rank 5927 on c622.nibi.sharcnet: 1 pinned threads; allocated CPUs 167
rank 4782 on c609.nibi.sharcnet: 1 pinned threads; allocated CPUs 174
rank 5928 on c622.nibi.sharcnet: 1 pinned threads; allocated CPUs 168
rank 4783 on c609.nibi.sharcnet: 1 pinned threads; allocated CPUs 175
rank 5929 on c622.nibi.sharcnet: 1 pinned threads; allocated CPUs 169
rank 4784 on c609.nibi.sharcnet: 1 pinned threads; allocated CPUs 176
rank 5930 on c622.nibi.sharcnet: 1 pinned threads; allocated CPUs 170
rank 4785 on c609.nibi.sharcnet: 1 pinned threads; allocated CPUs 177
rank 5931 on c622.nibi.sharcnet: 1 pinned threads; allocated CPUs 171
rank 4786 on c609.nibi.sharcnet: 1 pinned threads; allocated CPUs 178
rank 5932 on c622.nibi.sharcnet: 1 pinned threads; allocated CPUs 172
rank 4787 on c609.nibi.sharcnet: 1 pinned threads; allocated CPUs 179
rank 5933 on c622.nibi.sharcnet: 1 pinned threads; allocated CPUs 173
rank 4788 on c609.nibi.sharcnet: 1 pinned threads; allocated CPUs 180
rank 5934 on c622.nibi.sharcnet: 1 pinned threads; allocated CPUs 174
rank 4789 on c609.nibi.sharcnet: 1 pinned threads; allocated CPUs 181
rank 5935 on c622.nibi.sharcnet: 1 pinned threads; allocated CPUs 175
rank 4790 on c609.nibi.sharcnet: 1 pinned threads; allocated CPUs 182
rank 5936 on c622.nibi.sharcnet: 1 pinned threads; allocated CPUs 176
rank 4791 on c609.nibi.sharcnet: 1 pinned threads; allocated CPUs 183
rank 5937 on c622.nibi.sharcnet: 1 pinned threads; allocated CPUs 177
rank 4792 on c609.nibi.sharcnet: 1 pinned threads; allocated CPUs 184
rank 5938 on c622.nibi.sharcnet: 1 pinned threads; allocated CPUs 178
rank 4793 on c609.nibi.sharcnet: 1 pinned threads; allocated CPUs 185
rank 5939 on c622.nibi.sharcnet: 1 pinned threads; allocated CPUs 179
rank 4794 on c609.nibi.sharcnet: 1 pinned threads; allocated CPUs 186
rank 5940 on c622.nibi.sharcnet: 1 pinned threads; allocated CPUs 180
rank 4795 on c609.nibi.sharcnet: 1 pinned threads; allocated CPUs 187
rank 5941 on c622.nibi.sharcnet: 1 pinned threads; allocated CPUs 181
rank 4796 on c609.nibi.sharcnet: 1 pinned threads; allocated CPUs 188
rank 5942 on c622.nibi.sharcnet: 1 pinned threads; allocated CPUs 182
rank 4797 on c609.nibi.sharcnet: 1 pinned threads; allocated CPUs 189
rank 5943 on c622.nibi.sharcnet: 1 pinned threads; allocated CPUs 183
rank 4798 on c609.nibi.sharcnet: 1 pinned threads; allocated CPUs 190
rank 5944 on c622.nibi.sharcnet: 1 pinned threads; allocated CPUs 184
rank 4799 on c609.nibi.sharcnet: 1 pinned threads; allocated CPUs 191
rank 5945 on c622.nibi.sharcnet: 1 pinned threads; allocated CPUs 185
rank 4617 on c609.nibi.sharcnet: 1 pinned threads; allocated CPUs 9
rank 5946 on c622.nibi.sharcnet: 1 pinned threads; allocated CPUs 186
rank 5947 on c622.nibi.sharcnet: 1 pinned threads; allocated CPUs 187
rank 4814 on c612.nibi.sharcnet: 1 pinned threads; allocated CPUs 14
rank 5948 on c622.nibi.sharcnet: 1 pinned threads; allocated CPUs 188
rank 4833 on c612.nibi.sharcnet: 1 pinned threads; allocated CPUs 33
rank 5949 on c622.nibi.sharcnet: 1 pinned threads; allocated CPUs 189
rank 4838 on c612.nibi.sharcnet: 1 pinned threads; allocated CPUs 38
rank 5950 on c622.nibi.sharcnet: 1 pinned threads; allocated CPUs 190
rank 4839 on c612.nibi.sharcnet: 1 pinned threads; allocated CPUs 39
rank 5951 on c622.nibi.sharcnet: 1 pinned threads; allocated CPUs 191
rank 4853 on c612.nibi.sharcnet: 1 pinned threads; allocated CPUs 53
rank 5762 on c622.nibi.sharcnet: 1 pinned threads; allocated CPUs 2
rank 4808 on c612.nibi.sharcnet: 1 pinned threads; allocated CPUs 8
rank 5764 on c622.nibi.sharcnet: 1 pinned threads; allocated CPUs 4
rank 4830 on c612.nibi.sharcnet: 1 pinned threads; allocated CPUs 30
rank 5765 on c622.nibi.sharcnet: 1 pinned threads; allocated CPUs 5
rank 4865 on c612.nibi.sharcnet: 1 pinned threads; allocated CPUs 65
rank 5766 on c622.nibi.sharcnet: 1 pinned threads; allocated CPUs 6
rank 4806 on c612.nibi.sharcnet: 1 pinned threads; allocated CPUs 6
rank 5767 on c622.nibi.sharcnet: 1 pinned threads; allocated CPUs 7
rank 4856 on c612.nibi.sharcnet: 1 pinned threads; allocated CPUs 56
rank 5768 on c622.nibi.sharcnet: 1 pinned threads; allocated CPUs 8
rank 4867 on c612.nibi.sharcnet: 1 pinned threads; allocated CPUs 67
rank 5772 on c622.nibi.sharcnet: 1 pinned threads; allocated CPUs 12
rank 4879 on c612.nibi.sharcnet: 1 pinned threads; allocated CPUs 79
rank 5773 on c622.nibi.sharcnet: 1 pinned threads; allocated CPUs 13
rank 4894 on c612.nibi.sharcnet: 1 pinned threads; allocated CPUs 94
rank 5774 on c622.nibi.sharcnet: 1 pinned threads; allocated CPUs 14
rank 4804 on c612.nibi.sharcnet: 1 pinned threads; allocated CPUs 4
rank 5775 on c622.nibi.sharcnet: 1 pinned threads; allocated CPUs 15
rank 4810 on c612.nibi.sharcnet: 1 pinned threads; allocated CPUs 10
rank 5779 on c622.nibi.sharcnet: 1 pinned threads; allocated CPUs 19
rank 4811 on c612.nibi.sharcnet: 1 pinned threads; allocated CPUs 11
rank 5781 on c622.nibi.sharcnet: 1 pinned threads; allocated CPUs 21
rank 4827 on c612.nibi.sharcnet: 1 pinned threads; allocated CPUs 27
rank 5782 on c622.nibi.sharcnet: 1 pinned threads; allocated CPUs 22
rank 4828 on c612.nibi.sharcnet: 1 pinned threads; allocated CPUs 28
rank 5783 on c622.nibi.sharcnet: 1 pinned threads; allocated CPUs 23
rank 4860 on c612.nibi.sharcnet: 1 pinned threads; allocated CPUs 60
rank 5784 on c622.nibi.sharcnet: 1 pinned threads; allocated CPUs 24
rank 4864 on c612.nibi.sharcnet: 1 pinned threads; allocated CPUs 64
rank 5788 on c622.nibi.sharcnet: 1 pinned threads; allocated CPUs 28
rank 4866 on c612.nibi.sharcnet: 1 pinned threads; allocated CPUs 66
rank 5791 on c622.nibi.sharcnet: 1 pinned threads; allocated CPUs 31
rank 4870 on c612.nibi.sharcnet: 1 pinned threads; allocated CPUs 70
rank 5792 on c622.nibi.sharcnet: 1 pinned threads; allocated CPUs 32
rank 4874 on c612.nibi.sharcnet: 1 pinned threads; allocated CPUs 74
rank 5804 on c622.nibi.sharcnet: 1 pinned threads; allocated CPUs 44
rank 4880 on c612.nibi.sharcnet: 1 pinned threads; allocated CPUs 80
rank 5805 on c622.nibi.sharcnet: 1 pinned threads; allocated CPUs 45
rank 4881 on c612.nibi.sharcnet: 1 pinned threads; allocated CPUs 81
rank 5809 on c622.nibi.sharcnet: 1 pinned threads; allocated CPUs 49
rank 4884 on c612.nibi.sharcnet: 1 pinned threads; allocated CPUs 84
rank 5824 on c622.nibi.sharcnet: 1 pinned threads; allocated CPUs 64
rank 4889 on c612.nibi.sharcnet: 1 pinned threads; allocated CPUs 89
rank 5826 on c622.nibi.sharcnet: 1 pinned threads; allocated CPUs 66
rank 4892 on c612.nibi.sharcnet: 1 pinned threads; allocated CPUs 92
rank 5827 on c622.nibi.sharcnet: 1 pinned threads; allocated CPUs 67
rank 4895 on c612.nibi.sharcnet: 1 pinned threads; allocated CPUs 95
rank 5828 on c622.nibi.sharcnet: 1 pinned threads; allocated CPUs 68
rank 4803 on c612.nibi.sharcnet: 1 pinned threads; allocated CPUs 3
rank 5830 on c622.nibi.sharcnet: 1 pinned threads; allocated CPUs 70
rank 4807 on c612.nibi.sharcnet: 1 pinned threads; allocated CPUs 7
rank 5831 on c622.nibi.sharcnet: 1 pinned threads; allocated CPUs 71
rank 4816 on c612.nibi.sharcnet: 1 pinned threads; allocated CPUs 16
rank 5832 on c622.nibi.sharcnet: 1 pinned threads; allocated CPUs 72
rank 4817 on c612.nibi.sharcnet: 1 pinned threads; allocated CPUs 17
rank 5833 on c622.nibi.sharcnet: 1 pinned threads; allocated CPUs 73
rank 4821 on c612.nibi.sharcnet: 1 pinned threads; allocated CPUs 21
rank 5834 on c622.nibi.sharcnet: 1 pinned threads; allocated CPUs 74
rank 4822 on c612.nibi.sharcnet: 1 pinned threads; allocated CPUs 22
rank 5836 on c622.nibi.sharcnet: 1 pinned threads; allocated CPUs 76
rank 4823 on c612.nibi.sharcnet: 1 pinned threads; allocated CPUs 23
rank 5838 on c622.nibi.sharcnet: 1 pinned threads; allocated CPUs 78
rank 4829 on c612.nibi.sharcnet: 1 pinned threads; allocated CPUs 29
rank 5839 on c622.nibi.sharcnet: 1 pinned threads; allocated CPUs 79
rank 4837 on c612.nibi.sharcnet: 1 pinned threads; allocated CPUs 37
rank 5843 on c622.nibi.sharcnet: 1 pinned threads; allocated CPUs 83
rank 4859 on c612.nibi.sharcnet: 1 pinned threads; allocated CPUs 59
rank 5844 on c622.nibi.sharcnet: 1 pinned threads; allocated CPUs 84
rank 4868 on c612.nibi.sharcnet: 1 pinned threads; allocated CPUs 68
rank 5846 on c622.nibi.sharcnet: 1 pinned threads; allocated CPUs 86
rank 4869 on c612.nibi.sharcnet: 1 pinned threads; allocated CPUs 69
rank 5847 on c622.nibi.sharcnet: 1 pinned threads; allocated CPUs 87
rank 4871 on c612.nibi.sharcnet: 1 pinned threads; allocated CPUs 71
rank 5849 on c622.nibi.sharcnet: 1 pinned threads; allocated CPUs 89
rank 4872 on c612.nibi.sharcnet: 1 pinned threads; allocated CPUs 72
rank 5850 on c622.nibi.sharcnet: 1 pinned threads; allocated CPUs 90
rank 4877 on c612.nibi.sharcnet: 1 pinned threads; allocated CPUs 77
rank 5851 on c622.nibi.sharcnet: 1 pinned threads; allocated CPUs 91
rank 4878 on c612.nibi.sharcnet: 1 pinned threads; allocated CPUs 78
rank 5853 on c622.nibi.sharcnet: 1 pinned threads; allocated CPUs 93
rank 4882 on c612.nibi.sharcnet: 1 pinned threads; allocated CPUs 82
rank 5854 on c622.nibi.sharcnet: 1 pinned threads; allocated CPUs 94
rank 4883 on c612.nibi.sharcnet: 1 pinned threads; allocated CPUs 83
rank 5855 on c622.nibi.sharcnet: 1 pinned threads; allocated CPUs 95
rank 4885 on c612.nibi.sharcnet: 1 pinned threads; allocated CPUs 85
rank 5760 on c622.nibi.sharcnet: 1 pinned threads; allocated CPUs 0
rank 4886 on c612.nibi.sharcnet: 1 pinned threads; allocated CPUs 86
rank 5829 on c622.nibi.sharcnet: 1 pinned threads; allocated CPUs 69
rank 4888 on c612.nibi.sharcnet: 1 pinned threads; allocated CPUs 88
rank 5840 on c622.nibi.sharcnet: 1 pinned threads; allocated CPUs 80
rank 4893 on c612.nibi.sharcnet: 1 pinned threads; allocated CPUs 93
rank 5835 on c622.nibi.sharcnet: 1 pinned threads; allocated CPUs 75
rank 4800 on c612.nibi.sharcnet: 1 pinned threads; allocated CPUs 0
rank 5825 on c622.nibi.sharcnet: 1 pinned threads; allocated CPUs 65
rank 4801 on c612.nibi.sharcnet: 1 pinned threads; allocated CPUs 1
rank 5786 on c622.nibi.sharcnet: 1 pinned threads; allocated CPUs 26
rank 4802 on c612.nibi.sharcnet: 1 pinned threads; allocated CPUs 2
rank 4812 on c612.nibi.sharcnet: 1 pinned threads; allocated CPUs 12
rank 5357 on c617.nibi.sharcnet: 1 pinned threads; allocated CPUs 173
rank 4813 on c612.nibi.sharcnet: 1 pinned threads; allocated CPUs 13
rank 5358 on c617.nibi.sharcnet: 1 pinned threads; allocated CPUs 174
rank 4819 on c612.nibi.sharcnet: 1 pinned threads; allocated CPUs 19
rank 5359 on c617.nibi.sharcnet: 1 pinned threads; allocated CPUs 175
rank 4824 on c612.nibi.sharcnet: 1 pinned threads; allocated CPUs 24
rank 5360 on c617.nibi.sharcnet: 1 pinned threads; allocated CPUs 176
rank 4831 on c612.nibi.sharcnet: 1 pinned threads; allocated CPUs 31
rank 5361 on c617.nibi.sharcnet: 1 pinned threads; allocated CPUs 177
rank 4873 on c612.nibi.sharcnet: 1 pinned threads; allocated CPUs 73
rank 5362 on c617.nibi.sharcnet: 1 pinned threads; allocated CPUs 178
rank 4875 on c612.nibi.sharcnet: 1 pinned threads; allocated CPUs 75
rank 5364 on c617.nibi.sharcnet: 1 pinned threads; allocated CPUs 180
rank 4815 on c612.nibi.sharcnet: 1 pinned threads; allocated CPUs 15
rank 5365 on c617.nibi.sharcnet: 1 pinned threads; allocated CPUs 181
rank 4876 on c612.nibi.sharcnet: 1 pinned threads; allocated CPUs 76
rank 5366 on c617.nibi.sharcnet: 1 pinned threads; allocated CPUs 182
rank 4836 on c612.nibi.sharcnet: 1 pinned threads; allocated CPUs 36
rank 5367 on c617.nibi.sharcnet: 1 pinned threads; allocated CPUs 183
rank 4840 on c612.nibi.sharcnet: 1 pinned threads; allocated CPUs 40
rank 5368 on c617.nibi.sharcnet: 1 pinned threads; allocated CPUs 184
rank 4861 on c612.nibi.sharcnet: 1 pinned threads; allocated CPUs 61
rank 5369 on c617.nibi.sharcnet: 1 pinned threads; allocated CPUs 185
rank 4862 on c612.nibi.sharcnet: 1 pinned threads; allocated CPUs 62
rank 5370 on c617.nibi.sharcnet: 1 pinned threads; allocated CPUs 186
rank 4818 on c612.nibi.sharcnet: 1 pinned threads; allocated CPUs 18
rank 5371 on c617.nibi.sharcnet: 1 pinned threads; allocated CPUs 187
rank 4820 on c612.nibi.sharcnet: 1 pinned threads; allocated CPUs 20
rank 5372 on c617.nibi.sharcnet: 1 pinned threads; allocated CPUs 188
rank 4891 on c612.nibi.sharcnet: 1 pinned threads; allocated CPUs 91
rank 5373 on c617.nibi.sharcnet: 1 pinned threads; allocated CPUs 189
rank 4887 on c612.nibi.sharcnet: 1 pinned threads; allocated CPUs 87
rank 5374 on c617.nibi.sharcnet: 1 pinned threads; allocated CPUs 190
rank 4890 on c612.nibi.sharcnet: 1 pinned threads; allocated CPUs 90
rank 5375 on c617.nibi.sharcnet: 1 pinned threads; allocated CPUs 191
rank 4850 on c612.nibi.sharcnet: 1 pinned threads; allocated CPUs 50
rank 5197 on c617.nibi.sharcnet: 1 pinned threads; allocated CPUs 13
rank 5204 on c617.nibi.sharcnet: 1 pinned threads; allocated CPUs 20
rank 5485 on c618.nibi.sharcnet: 1 pinned threads; allocated CPUs 109
rank 5209 on c617.nibi.sharcnet: 1 pinned threads; allocated CPUs 25
rank 5486 on c618.nibi.sharcnet: 1 pinned threads; allocated CPUs 110
rank 5213 on c617.nibi.sharcnet: 1 pinned threads; allocated CPUs 29
rank 5487 on c618.nibi.sharcnet: 1 pinned threads; allocated CPUs 111
rank 5219 on c617.nibi.sharcnet: 1 pinned threads; allocated CPUs 35
rank 5488 on c618.nibi.sharcnet: 1 pinned threads; allocated CPUs 112
rank 5222 on c617.nibi.sharcnet: 1 pinned threads; allocated CPUs 38
rank 5489 on c618.nibi.sharcnet: 1 pinned threads; allocated CPUs 113
rank 5223 on c617.nibi.sharcnet: 1 pinned threads; allocated CPUs 39
rank 5490 on c618.nibi.sharcnet: 1 pinned threads; allocated CPUs 114
rank 5224 on c617.nibi.sharcnet: 1 pinned threads; allocated CPUs 40
rank 5491 on c618.nibi.sharcnet: 1 pinned threads; allocated CPUs 115
rank 5226 on c617.nibi.sharcnet: 1 pinned threads; allocated CPUs 42
rank 5492 on c618.nibi.sharcnet: 1 pinned threads; allocated CPUs 116
rank 5229 on c617.nibi.sharcnet: 1 pinned threads; allocated CPUs 45
rank 5493 on c618.nibi.sharcnet: 1 pinned threads; allocated CPUs 117
rank 5231 on c617.nibi.sharcnet: 1 pinned threads; allocated CPUs 47
rank 5494 on c618.nibi.sharcnet: 1 pinned threads; allocated CPUs 118
rank 5236 on c617.nibi.sharcnet: 1 pinned threads; allocated CPUs 52
rank 5495 on c618.nibi.sharcnet: 1 pinned threads; allocated CPUs 119
rank 5238 on c617.nibi.sharcnet: 1 pinned threads; allocated CPUs 54
rank 5496 on c618.nibi.sharcnet: 1 pinned threads; allocated CPUs 120
rank 5241 on c617.nibi.sharcnet: 1 pinned threads; allocated CPUs 57
rank 5497 on c618.nibi.sharcnet: 1 pinned threads; allocated CPUs 121
rank 5243 on c617.nibi.sharcnet: 1 pinned threads; allocated CPUs 59
rank 5498 on c618.nibi.sharcnet: 1 pinned threads; allocated CPUs 122
rank 5245 on c617.nibi.sharcnet: 1 pinned threads; allocated CPUs 61
rank 5499 on c618.nibi.sharcnet: 1 pinned threads; allocated CPUs 123
rank 5246 on c617.nibi.sharcnet: 1 pinned threads; allocated CPUs 62
rank 5500 on c618.nibi.sharcnet: 1 pinned threads; allocated CPUs 124
rank 5191 on c617.nibi.sharcnet: 1 pinned threads; allocated CPUs 7
rank 5501 on c618.nibi.sharcnet: 1 pinned threads; allocated CPUs 125
rank 5193 on c617.nibi.sharcnet: 1 pinned threads; allocated CPUs 9
rank 5502 on c618.nibi.sharcnet: 1 pinned threads; allocated CPUs 126
rank 5205 on c617.nibi.sharcnet: 1 pinned threads; allocated CPUs 21
rank 5503 on c618.nibi.sharcnet: 1 pinned threads; allocated CPUs 127
rank 5216 on c617.nibi.sharcnet: 1 pinned threads; allocated CPUs 32
rank 5504 on c618.nibi.sharcnet: 1 pinned threads; allocated CPUs 128
rank 5217 on c617.nibi.sharcnet: 1 pinned threads; allocated CPUs 33
rank 5505 on c618.nibi.sharcnet: 1 pinned threads; allocated CPUs 129
rank 5235 on c617.nibi.sharcnet: 1 pinned threads; allocated CPUs 51
rank 5506 on c618.nibi.sharcnet: 1 pinned threads; allocated CPUs 130
rank 5240 on c617.nibi.sharcnet: 1 pinned threads; allocated CPUs 56
rank 5507 on c618.nibi.sharcnet: 1 pinned threads; allocated CPUs 131
rank 5244 on c617.nibi.sharcnet: 1 pinned threads; allocated CPUs 60
rank 5508 on c618.nibi.sharcnet: 1 pinned threads; allocated CPUs 132
rank 5363 on c617.nibi.sharcnet: 1 pinned threads; allocated CPUs 179
rank 5509 on c618.nibi.sharcnet: 1 pinned threads; allocated CPUs 133
rank 5208 on c617.nibi.sharcnet: 1 pinned threads; allocated CPUs 24
rank 5510 on c618.nibi.sharcnet: 1 pinned threads; allocated CPUs 134
rank 5210 on c617.nibi.sharcnet: 1 pinned threads; allocated CPUs 26
rank 5511 on c618.nibi.sharcnet: 1 pinned threads; allocated CPUs 135
rank 5187 on c617.nibi.sharcnet: 1 pinned threads; allocated CPUs 3
rank 5512 on c618.nibi.sharcnet: 1 pinned threads; allocated CPUs 136
rank 5185 on c617.nibi.sharcnet: 1 pinned threads; allocated CPUs 1
rank 5513 on c618.nibi.sharcnet: 1 pinned threads; allocated CPUs 137
rank 5189 on c617.nibi.sharcnet: 1 pinned threads; allocated CPUs 5
rank 5514 on c618.nibi.sharcnet: 1 pinned threads; allocated CPUs 138
rank 5206 on c617.nibi.sharcnet: 1 pinned threads; allocated CPUs 22
rank 5515 on c618.nibi.sharcnet: 1 pinned threads; allocated CPUs 139
rank 5212 on c617.nibi.sharcnet: 1 pinned threads; allocated CPUs 28
rank 5516 on c618.nibi.sharcnet: 1 pinned threads; allocated CPUs 140
rank 5202 on c617.nibi.sharcnet: 1 pinned threads; allocated CPUs 18
rank 5517 on c618.nibi.sharcnet: 1 pinned threads; allocated CPUs 141
rank 5242 on c617.nibi.sharcnet: 1 pinned threads; allocated CPUs 58
rank 5518 on c618.nibi.sharcnet: 1 pinned threads; allocated CPUs 142
rank 5247 on c617.nibi.sharcnet: 1 pinned threads; allocated CPUs 63
rank 5519 on c618.nibi.sharcnet: 1 pinned threads; allocated CPUs 143
rank 5192 on c617.nibi.sharcnet: 1 pinned threads; allocated CPUs 8
rank 5520 on c618.nibi.sharcnet: 1 pinned threads; allocated CPUs 144
rank 5195 on c617.nibi.sharcnet: 1 pinned threads; allocated CPUs 11
rank 5521 on c618.nibi.sharcnet: 1 pinned threads; allocated CPUs 145
rank 5199 on c617.nibi.sharcnet: 1 pinned threads; allocated CPUs 15
rank 5522 on c618.nibi.sharcnet: 1 pinned threads; allocated CPUs 146
rank 5200 on c617.nibi.sharcnet: 1 pinned threads; allocated CPUs 16
rank 5523 on c618.nibi.sharcnet: 1 pinned threads; allocated CPUs 147
rank 5225 on c617.nibi.sharcnet: 1 pinned threads; allocated CPUs 41
rank 5524 on c618.nibi.sharcnet: 1 pinned threads; allocated CPUs 148
rank 5228 on c617.nibi.sharcnet: 1 pinned threads; allocated CPUs 44
rank 5525 on c618.nibi.sharcnet: 1 pinned threads; allocated CPUs 149
rank 5230 on c617.nibi.sharcnet: 1 pinned threads; allocated CPUs 46
rank 5526 on c618.nibi.sharcnet: 1 pinned threads; allocated CPUs 150
rank 5232 on c617.nibi.sharcnet: 1 pinned threads; allocated CPUs 48
rank 5527 on c618.nibi.sharcnet: 1 pinned threads; allocated CPUs 151
rank 5239 on c617.nibi.sharcnet: 1 pinned threads; allocated CPUs 55
rank 5528 on c618.nibi.sharcnet: 1 pinned threads; allocated CPUs 152
rank 5186 on c617.nibi.sharcnet: 1 pinned threads; allocated CPUs 2
rank 5529 on c618.nibi.sharcnet: 1 pinned threads; allocated CPUs 153
rank 5190 on c617.nibi.sharcnet: 1 pinned threads; allocated CPUs 6
rank 5530 on c618.nibi.sharcnet: 1 pinned threads; allocated CPUs 154
rank 5194 on c617.nibi.sharcnet: 1 pinned threads; allocated CPUs 10
rank 5531 on c618.nibi.sharcnet: 1 pinned threads; allocated CPUs 155
rank 5201 on c617.nibi.sharcnet: 1 pinned threads; allocated CPUs 17
rank 5532 on c618.nibi.sharcnet: 1 pinned threads; allocated CPUs 156
rank 5203 on c617.nibi.sharcnet: 1 pinned threads; allocated CPUs 19
rank 5533 on c618.nibi.sharcnet: 1 pinned threads; allocated CPUs 157
rank 5207 on c617.nibi.sharcnet: 1 pinned threads; allocated CPUs 23
rank 5534 on c618.nibi.sharcnet: 1 pinned threads; allocated CPUs 158
rank 5211 on c617.nibi.sharcnet: 1 pinned threads; allocated CPUs 27
rank 5535 on c618.nibi.sharcnet: 1 pinned threads; allocated CPUs 159
rank 5214 on c617.nibi.sharcnet: 1 pinned threads; allocated CPUs 30
rank 5536 on c618.nibi.sharcnet: 1 pinned threads; allocated CPUs 160
rank 5237 on c617.nibi.sharcnet: 1 pinned threads; allocated CPUs 53
rank 5537 on c618.nibi.sharcnet: 1 pinned threads; allocated CPUs 161
rank 5251 on c617.nibi.sharcnet: 1 pinned threads; allocated CPUs 67
rank 5538 on c618.nibi.sharcnet: 1 pinned threads; allocated CPUs 162
rank 5254 on c617.nibi.sharcnet: 1 pinned threads; allocated CPUs 70
rank 5539 on c618.nibi.sharcnet: 1 pinned threads; allocated CPUs 163
rank 5257 on c617.nibi.sharcnet: 1 pinned threads; allocated CPUs 73
rank 5540 on c618.nibi.sharcnet: 1 pinned threads; allocated CPUs 164
rank 5265 on c617.nibi.sharcnet: 1 pinned threads; allocated CPUs 81
rank 5541 on c618.nibi.sharcnet: 1 pinned threads; allocated CPUs 165
rank 5215 on c617.nibi.sharcnet: 1 pinned threads; allocated CPUs 31
rank 5542 on c618.nibi.sharcnet: 1 pinned threads; allocated CPUs 166
rank 5227 on c617.nibi.sharcnet: 1 pinned threads; allocated CPUs 43
rank 5543 on c618.nibi.sharcnet: 1 pinned threads; allocated CPUs 167
rank 5233 on c617.nibi.sharcnet: 1 pinned threads; allocated CPUs 49
rank 5544 on c618.nibi.sharcnet: 1 pinned threads; allocated CPUs 168
rank 5198 on c617.nibi.sharcnet: 1 pinned threads; allocated CPUs 14
rank 5545 on c618.nibi.sharcnet: 1 pinned threads; allocated CPUs 169
rank 5220 on c617.nibi.sharcnet: 1 pinned threads; allocated CPUs 36
rank 5546 on c618.nibi.sharcnet: 1 pinned threads; allocated CPUs 170
rank 5252 on c617.nibi.sharcnet: 1 pinned threads; allocated CPUs 68
rank 5547 on c618.nibi.sharcnet: 1 pinned threads; allocated CPUs 171
rank 5256 on c617.nibi.sharcnet: 1 pinned threads; allocated CPUs 72
rank 5548 on c618.nibi.sharcnet: 1 pinned threads; allocated CPUs 172
rank 5259 on c617.nibi.sharcnet: 1 pinned threads; allocated CPUs 75
rank 5549 on c618.nibi.sharcnet: 1 pinned threads; allocated CPUs 173
rank 5260 on c617.nibi.sharcnet: 1 pinned threads; allocated CPUs 76
rank 5550 on c618.nibi.sharcnet: 1 pinned threads; allocated CPUs 174
rank 5264 on c617.nibi.sharcnet: 1 pinned threads; allocated CPUs 80
rank 5551 on c618.nibi.sharcnet: 1 pinned threads; allocated CPUs 175
rank 5269 on c617.nibi.sharcnet: 1 pinned threads; allocated CPUs 85
rank 5552 on c618.nibi.sharcnet: 1 pinned threads; allocated CPUs 176
rank 5266 on c617.nibi.sharcnet: 1 pinned threads; allocated CPUs 82
rank 5553 on c618.nibi.sharcnet: 1 pinned threads; allocated CPUs 177
rank 5273 on c617.nibi.sharcnet: 1 pinned threads; allocated CPUs 89
rank 5554 on c618.nibi.sharcnet: 1 pinned threads; allocated CPUs 178
rank 5250 on c617.nibi.sharcnet: 1 pinned threads; allocated CPUs 66
rank 5555 on c618.nibi.sharcnet: 1 pinned threads; allocated CPUs 179
rank 5272 on c617.nibi.sharcnet: 1 pinned threads; allocated CPUs 88
rank 5556 on c618.nibi.sharcnet: 1 pinned threads; allocated CPUs 180
rank 5278 on c617.nibi.sharcnet: 1 pinned threads; allocated CPUs 94
rank 5557 on c618.nibi.sharcnet: 1 pinned threads; allocated CPUs 181
rank 5196 on c617.nibi.sharcnet: 1 pinned threads; allocated CPUs 12
rank 5558 on c618.nibi.sharcnet: 1 pinned threads; allocated CPUs 182
rank 5248 on c617.nibi.sharcnet: 1 pinned threads; allocated CPUs 64
rank 5559 on c618.nibi.sharcnet: 1 pinned threads; allocated CPUs 183
rank 5249 on c617.nibi.sharcnet: 1 pinned threads; allocated CPUs 65
rank 5560 on c618.nibi.sharcnet: 1 pinned threads; allocated CPUs 184
rank 5267 on c617.nibi.sharcnet: 1 pinned threads; allocated CPUs 83
rank 5561 on c618.nibi.sharcnet: 1 pinned threads; allocated CPUs 185
rank 5270 on c617.nibi.sharcnet: 1 pinned threads; allocated CPUs 86
rank 5562 on c618.nibi.sharcnet: 1 pinned threads; allocated CPUs 186
rank 5274 on c617.nibi.sharcnet: 1 pinned threads; allocated CPUs 90
rank 5563 on c618.nibi.sharcnet: 1 pinned threads; allocated CPUs 187
rank 5277 on c617.nibi.sharcnet: 1 pinned threads; allocated CPUs 93
rank 5564 on c618.nibi.sharcnet: 1 pinned threads; allocated CPUs 188
rank 5279 on c617.nibi.sharcnet: 1 pinned threads; allocated CPUs 95
rank 5565 on c618.nibi.sharcnet: 1 pinned threads; allocated CPUs 189
rank 5255 on c617.nibi.sharcnet: 1 pinned threads; allocated CPUs 71
rank 5566 on c618.nibi.sharcnet: 1 pinned threads; allocated CPUs 190
rank 5271 on c617.nibi.sharcnet: 1 pinned threads; allocated CPUs 87
rank 5567 on c618.nibi.sharcnet: 1 pinned threads; allocated CPUs 191
rank 5253 on c617.nibi.sharcnet: 1 pinned threads; allocated CPUs 69
rank 5376 on c618.nibi.sharcnet: 1 pinned threads; allocated CPUs 0
rank 5261 on c617.nibi.sharcnet: 1 pinned threads; allocated CPUs 77
rank 5381 on c618.nibi.sharcnet: 1 pinned threads; allocated CPUs 5
rank 5184 on c617.nibi.sharcnet: 1 pinned threads; allocated CPUs 0
rank 5386 on c618.nibi.sharcnet: 1 pinned threads; allocated CPUs 10
rank 5258 on c617.nibi.sharcnet: 1 pinned threads; allocated CPUs 74
rank 5394 on c618.nibi.sharcnet: 1 pinned threads; allocated CPUs 18
rank 5276 on c617.nibi.sharcnet: 1 pinned threads; allocated CPUs 92
rank 5396 on c618.nibi.sharcnet: 1 pinned threads; allocated CPUs 20
rank 5262 on c617.nibi.sharcnet: 1 pinned threads; allocated CPUs 78
rank 5404 on c618.nibi.sharcnet: 1 pinned threads; allocated CPUs 28
rank 5263 on c617.nibi.sharcnet: 1 pinned threads; allocated CPUs 79
rank 5408 on c618.nibi.sharcnet: 1 pinned threads; allocated CPUs 32
rank 5268 on c617.nibi.sharcnet: 1 pinned threads; allocated CPUs 84
rank 5409 on c618.nibi.sharcnet: 1 pinned threads; allocated CPUs 33
rank 5221 on c617.nibi.sharcnet: 1 pinned threads; allocated CPUs 37
rank 5411 on c618.nibi.sharcnet: 1 pinned threads; allocated CPUs 35
rank 5234 on c617.nibi.sharcnet: 1 pinned threads; allocated CPUs 50
rank 5412 on c618.nibi.sharcnet: 1 pinned threads; allocated CPUs 36
rank 5188 on c617.nibi.sharcnet: 1 pinned threads; allocated CPUs 4
rank 5414 on c618.nibi.sharcnet: 1 pinned threads; allocated CPUs 38
rank 5218 on c617.nibi.sharcnet: 1 pinned threads; allocated CPUs 34
rank 5415 on c618.nibi.sharcnet: 1 pinned threads; allocated CPUs 39
rank 5275 on c617.nibi.sharcnet: 1 pinned threads; allocated CPUs 91
rank 5426 on c618.nibi.sharcnet: 1 pinned threads; allocated CPUs 50
rank 5427 on c618.nibi.sharcnet: 1 pinned threads; allocated CPUs 51
rank 4244 on c603.nibi.sharcnet: 1 pinned threads; allocated CPUs 20
rank 5429 on c618.nibi.sharcnet: 1 pinned threads; allocated CPUs 53
rank 4245 on c603.nibi.sharcnet: 1 pinned threads; allocated CPUs 21
rank 5430 on c618.nibi.sharcnet: 1 pinned threads; allocated CPUs 54
rank 4246 on c603.nibi.sharcnet: 1 pinned threads; allocated CPUs 22
rank 5431 on c618.nibi.sharcnet: 1 pinned threads; allocated CPUs 55
rank 4247 on c603.nibi.sharcnet: 1 pinned threads; allocated CPUs 23
rank 5432 on c618.nibi.sharcnet: 1 pinned threads; allocated CPUs 56
rank 4248 on c603.nibi.sharcnet: 1 pinned threads; allocated CPUs 24
rank 5433 on c618.nibi.sharcnet: 1 pinned threads; allocated CPUs 57
rank 4249 on c603.nibi.sharcnet: 1 pinned threads; allocated CPUs 25
rank 5434 on c618.nibi.sharcnet: 1 pinned threads; allocated CPUs 58
rank 4250 on c603.nibi.sharcnet: 1 pinned threads; allocated CPUs 26
rank 5438 on c618.nibi.sharcnet: 1 pinned threads; allocated CPUs 62
rank 4251 on c603.nibi.sharcnet: 1 pinned threads; allocated CPUs 27
rank 5443 on c618.nibi.sharcnet: 1 pinned threads; allocated CPUs 67
rank 4252 on c603.nibi.sharcnet: 1 pinned threads; allocated CPUs 28
rank 5444 on c618.nibi.sharcnet: 1 pinned threads; allocated CPUs 68
rank 4254 on c603.nibi.sharcnet: 1 pinned threads; allocated CPUs 30
rank 5445 on c618.nibi.sharcnet: 1 pinned threads; allocated CPUs 69
rank 4255 on c603.nibi.sharcnet: 1 pinned threads; allocated CPUs 31
rank 5446 on c618.nibi.sharcnet: 1 pinned threads; allocated CPUs 70
rank 4256 on c603.nibi.sharcnet: 1 pinned threads; allocated CPUs 32
rank 5448 on c618.nibi.sharcnet: 1 pinned threads; allocated CPUs 72
rank 4257 on c603.nibi.sharcnet: 1 pinned threads; allocated CPUs 33
rank 5450 on c618.nibi.sharcnet: 1 pinned threads; allocated CPUs 74
rank 4258 on c603.nibi.sharcnet: 1 pinned threads; allocated CPUs 34
rank 5454 on c618.nibi.sharcnet: 1 pinned threads; allocated CPUs 78
rank 4260 on c603.nibi.sharcnet: 1 pinned threads; allocated CPUs 36
rank 5456 on c618.nibi.sharcnet: 1 pinned threads; allocated CPUs 80
rank 4261 on c603.nibi.sharcnet: 1 pinned threads; allocated CPUs 37
rank 5457 on c618.nibi.sharcnet: 1 pinned threads; allocated CPUs 81
rank 4262 on c603.nibi.sharcnet: 1 pinned threads; allocated CPUs 38
rank 5459 on c618.nibi.sharcnet: 1 pinned threads; allocated CPUs 83
rank 4263 on c603.nibi.sharcnet: 1 pinned threads; allocated CPUs 39
rank 5461 on c618.nibi.sharcnet: 1 pinned threads; allocated CPUs 85
rank 4264 on c603.nibi.sharcnet: 1 pinned threads; allocated CPUs 40
rank 5464 on c618.nibi.sharcnet: 1 pinned threads; allocated CPUs 88
rank 4265 on c603.nibi.sharcnet: 1 pinned threads; allocated CPUs 41
rank 5466 on c618.nibi.sharcnet: 1 pinned threads; allocated CPUs 90
rank 4266 on c603.nibi.sharcnet: 1 pinned threads; allocated CPUs 42
rank 5469 on c618.nibi.sharcnet: 1 pinned threads; allocated CPUs 93
rank 4267 on c603.nibi.sharcnet: 1 pinned threads; allocated CPUs 43
rank 5470 on c618.nibi.sharcnet: 1 pinned threads; allocated CPUs 94
rank 4268 on c603.nibi.sharcnet: 1 pinned threads; allocated CPUs 44
rank 5442 on c618.nibi.sharcnet: 1 pinned threads; allocated CPUs 66
rank 4269 on c603.nibi.sharcnet: 1 pinned threads; allocated CPUs 45
rank 5447 on c618.nibi.sharcnet: 1 pinned threads; allocated CPUs 71
rank 4270 on c603.nibi.sharcnet: 1 pinned threads; allocated CPUs 46
rank 5451 on c618.nibi.sharcnet: 1 pinned threads; allocated CPUs 75
rank 4272 on c603.nibi.sharcnet: 1 pinned threads; allocated CPUs 48
rank 5458 on c618.nibi.sharcnet: 1 pinned threads; allocated CPUs 82
rank 4273 on c603.nibi.sharcnet: 1 pinned threads; allocated CPUs 49
rank 5465 on c618.nibi.sharcnet: 1 pinned threads; allocated CPUs 89
rank 4274 on c603.nibi.sharcnet: 1 pinned threads; allocated CPUs 50
rank 5467 on c618.nibi.sharcnet: 1 pinned threads; allocated CPUs 91
rank 4275 on c603.nibi.sharcnet: 1 pinned threads; allocated CPUs 51
rank 5468 on c618.nibi.sharcnet: 1 pinned threads; allocated CPUs 92
rank 4276 on c603.nibi.sharcnet: 1 pinned threads; allocated CPUs 52
rank 5440 on c618.nibi.sharcnet: 1 pinned threads; allocated CPUs 64
rank 4277 on c603.nibi.sharcnet: 1 pinned threads; allocated CPUs 53
rank 5452 on c618.nibi.sharcnet: 1 pinned threads; allocated CPUs 76
rank 4278 on c603.nibi.sharcnet: 1 pinned threads; allocated CPUs 54
rank 5462 on c618.nibi.sharcnet: 1 pinned threads; allocated CPUs 86
rank 4279 on c603.nibi.sharcnet: 1 pinned threads; allocated CPUs 55
rank 5449 on c618.nibi.sharcnet: 1 pinned threads; allocated CPUs 73
rank 4280 on c603.nibi.sharcnet: 1 pinned threads; allocated CPUs 56
rank 5455 on c618.nibi.sharcnet: 1 pinned threads; allocated CPUs 79
rank 4281 on c603.nibi.sharcnet: 1 pinned threads; allocated CPUs 57
rank 5460 on c618.nibi.sharcnet: 1 pinned threads; allocated CPUs 84
rank 4282 on c603.nibi.sharcnet: 1 pinned threads; allocated CPUs 58
rank 5453 on c618.nibi.sharcnet: 1 pinned threads; allocated CPUs 77
rank 4283 on c603.nibi.sharcnet: 1 pinned threads; allocated CPUs 59
rank 5471 on c618.nibi.sharcnet: 1 pinned threads; allocated CPUs 95
rank 4284 on c603.nibi.sharcnet: 1 pinned threads; allocated CPUs 60
rank 5463 on c618.nibi.sharcnet: 1 pinned threads; allocated CPUs 87
rank 4285 on c603.nibi.sharcnet: 1 pinned threads; allocated CPUs 61
rank 5441 on c618.nibi.sharcnet: 1 pinned threads; allocated CPUs 65
rank 4286 on c603.nibi.sharcnet: 1 pinned threads; allocated CPUs 62
rank 4287 on c603.nibi.sharcnet: 1 pinned threads; allocated CPUs 63
rank 4551 on c608.nibi.sharcnet: 1 pinned threads; allocated CPUs 135
rank 4288 on c603.nibi.sharcnet: 1 pinned threads; allocated CPUs 64
rank 4552 on c608.nibi.sharcnet: 1 pinned threads; allocated CPUs 136
rank 4289 on c603.nibi.sharcnet: 1 pinned threads; allocated CPUs 65
rank 4553 on c608.nibi.sharcnet: 1 pinned threads; allocated CPUs 137
rank 4290 on c603.nibi.sharcnet: 1 pinned threads; allocated CPUs 66
rank 4554 on c608.nibi.sharcnet: 1 pinned threads; allocated CPUs 138
rank 4292 on c603.nibi.sharcnet: 1 pinned threads; allocated CPUs 68
rank 4555 on c608.nibi.sharcnet: 1 pinned threads; allocated CPUs 139
rank 4293 on c603.nibi.sharcnet: 1 pinned threads; allocated CPUs 69
rank 4556 on c608.nibi.sharcnet: 1 pinned threads; allocated CPUs 140
rank 4294 on c603.nibi.sharcnet: 1 pinned threads; allocated CPUs 70
rank 4557 on c608.nibi.sharcnet: 1 pinned threads; allocated CPUs 141
rank 4296 on c603.nibi.sharcnet: 1 pinned threads; allocated CPUs 72
rank 4558 on c608.nibi.sharcnet: 1 pinned threads; allocated CPUs 142
rank 4297 on c603.nibi.sharcnet: 1 pinned threads; allocated CPUs 73
rank 4559 on c608.nibi.sharcnet: 1 pinned threads; allocated CPUs 143
rank 4298 on c603.nibi.sharcnet: 1 pinned threads; allocated CPUs 74
rank 4560 on c608.nibi.sharcnet: 1 pinned threads; allocated CPUs 144
rank 4301 on c603.nibi.sharcnet: 1 pinned threads; allocated CPUs 77
rank 4561 on c608.nibi.sharcnet: 1 pinned threads; allocated CPUs 145
rank 4302 on c603.nibi.sharcnet: 1 pinned threads; allocated CPUs 78
rank 4562 on c608.nibi.sharcnet: 1 pinned threads; allocated CPUs 146
rank 4303 on c603.nibi.sharcnet: 1 pinned threads; allocated CPUs 79
rank 4564 on c608.nibi.sharcnet: 1 pinned threads; allocated CPUs 148
rank 4305 on c603.nibi.sharcnet: 1 pinned threads; allocated CPUs 81
rank 4565 on c608.nibi.sharcnet: 1 pinned threads; allocated CPUs 149
rank 4306 on c603.nibi.sharcnet: 1 pinned threads; allocated CPUs 82
rank 4566 on c608.nibi.sharcnet: 1 pinned threads; allocated CPUs 150
rank 4309 on c603.nibi.sharcnet: 1 pinned threads; allocated CPUs 85
rank 4568 on c608.nibi.sharcnet: 1 pinned threads; allocated CPUs 152
rank 4310 on c603.nibi.sharcnet: 1 pinned threads; allocated CPUs 86
rank 4569 on c608.nibi.sharcnet: 1 pinned threads; allocated CPUs 153
rank 4311 on c603.nibi.sharcnet: 1 pinned threads; allocated CPUs 87
rank 4570 on c608.nibi.sharcnet: 1 pinned threads; allocated CPUs 154
rank 4312 on c603.nibi.sharcnet: 1 pinned threads; allocated CPUs 88
rank 4571 on c608.nibi.sharcnet: 1 pinned threads; allocated CPUs 155
rank 4313 on c603.nibi.sharcnet: 1 pinned threads; allocated CPUs 89
rank 4572 on c608.nibi.sharcnet: 1 pinned threads; allocated CPUs 156
rank 4314 on c603.nibi.sharcnet: 1 pinned threads; allocated CPUs 90
rank 4573 on c608.nibi.sharcnet: 1 pinned threads; allocated CPUs 157
rank 4315 on c603.nibi.sharcnet: 1 pinned threads; allocated CPUs 91
rank 4574 on c608.nibi.sharcnet: 1 pinned threads; allocated CPUs 158
rank 4316 on c603.nibi.sharcnet: 1 pinned threads; allocated CPUs 92
rank 4575 on c608.nibi.sharcnet: 1 pinned threads; allocated CPUs 159
rank 4317 on c603.nibi.sharcnet: 1 pinned threads; allocated CPUs 93
rank 4577 on c608.nibi.sharcnet: 1 pinned threads; allocated CPUs 161
rank 4318 on c603.nibi.sharcnet: 1 pinned threads; allocated CPUs 94
rank 4579 on c608.nibi.sharcnet: 1 pinned threads; allocated CPUs 163
rank 4319 on c603.nibi.sharcnet: 1 pinned threads; allocated CPUs 95
rank 4582 on c608.nibi.sharcnet: 1 pinned threads; allocated CPUs 166
rank 4320 on c603.nibi.sharcnet: 1 pinned threads; allocated CPUs 96
rank 4584 on c608.nibi.sharcnet: 1 pinned threads; allocated CPUs 168
rank 4321 on c603.nibi.sharcnet: 1 pinned threads; allocated CPUs 97
rank 4586 on c608.nibi.sharcnet: 1 pinned threads; allocated CPUs 170
rank 4322 on c603.nibi.sharcnet: 1 pinned threads; allocated CPUs 98
rank 4587 on c608.nibi.sharcnet: 1 pinned threads; allocated CPUs 171
rank 4323 on c603.nibi.sharcnet: 1 pinned threads; allocated CPUs 99
rank 4589 on c608.nibi.sharcnet: 1 pinned threads; allocated CPUs 173
rank 4324 on c603.nibi.sharcnet: 1 pinned threads; allocated CPUs 100
rank 4591 on c608.nibi.sharcnet: 1 pinned threads; allocated CPUs 175
rank 4325 on c603.nibi.sharcnet: 1 pinned threads; allocated CPUs 101
rank 4592 on c608.nibi.sharcnet: 1 pinned threads; allocated CPUs 176
rank 4326 on c603.nibi.sharcnet: 1 pinned threads; allocated CPUs 102
rank 4595 on c608.nibi.sharcnet: 1 pinned threads; allocated CPUs 179
rank 4327 on c603.nibi.sharcnet: 1 pinned threads; allocated CPUs 103
rank 4596 on c608.nibi.sharcnet: 1 pinned threads; allocated CPUs 180
rank 4328 on c603.nibi.sharcnet: 1 pinned threads; allocated CPUs 104
rank 4600 on c608.nibi.sharcnet: 1 pinned threads; allocated CPUs 184
rank 4329 on c603.nibi.sharcnet: 1 pinned threads; allocated CPUs 105
rank 4602 on c608.nibi.sharcnet: 1 pinned threads; allocated CPUs 186
rank 4330 on c603.nibi.sharcnet: 1 pinned threads; allocated CPUs 106
rank 4605 on c608.nibi.sharcnet: 1 pinned threads; allocated CPUs 189
rank 4331 on c603.nibi.sharcnet: 1 pinned threads; allocated CPUs 107
rank 4606 on c608.nibi.sharcnet: 1 pinned threads; allocated CPUs 190
rank 4332 on c603.nibi.sharcnet: 1 pinned threads; allocated CPUs 108
rank 4417 on c608.nibi.sharcnet: 1 pinned threads; allocated CPUs 1
rank 4333 on c603.nibi.sharcnet: 1 pinned threads; allocated CPUs 109
rank 4418 on c608.nibi.sharcnet: 1 pinned threads; allocated CPUs 2
rank 4334 on c603.nibi.sharcnet: 1 pinned threads; allocated CPUs 110
rank 4419 on c608.nibi.sharcnet: 1 pinned threads; allocated CPUs 3
rank 4335 on c603.nibi.sharcnet: 1 pinned threads; allocated CPUs 111
rank 4420 on c608.nibi.sharcnet: 1 pinned threads; allocated CPUs 4
rank 4336 on c603.nibi.sharcnet: 1 pinned threads; allocated CPUs 112
rank 4421 on c608.nibi.sharcnet: 1 pinned threads; allocated CPUs 5
rank 4337 on c603.nibi.sharcnet: 1 pinned threads; allocated CPUs 113
rank 4422 on c608.nibi.sharcnet: 1 pinned threads; allocated CPUs 6
rank 4338 on c603.nibi.sharcnet: 1 pinned threads; allocated CPUs 114
rank 4423 on c608.nibi.sharcnet: 1 pinned threads; allocated CPUs 7
rank 4339 on c603.nibi.sharcnet: 1 pinned threads; allocated CPUs 115
rank 4424 on c608.nibi.sharcnet: 1 pinned threads; allocated CPUs 8
rank 4340 on c603.nibi.sharcnet: 1 pinned threads; allocated CPUs 116
rank 4425 on c608.nibi.sharcnet: 1 pinned threads; allocated CPUs 9
rank 4341 on c603.nibi.sharcnet: 1 pinned threads; allocated CPUs 117
rank 4426 on c608.nibi.sharcnet: 1 pinned threads; allocated CPUs 10
rank 4342 on c603.nibi.sharcnet: 1 pinned threads; allocated CPUs 118
rank 4427 on c608.nibi.sharcnet: 1 pinned threads; allocated CPUs 11
rank 4343 on c603.nibi.sharcnet: 1 pinned threads; allocated CPUs 119
rank 4428 on c608.nibi.sharcnet: 1 pinned threads; allocated CPUs 12
rank 4344 on c603.nibi.sharcnet: 1 pinned threads; allocated CPUs 120
rank 4429 on c608.nibi.sharcnet: 1 pinned threads; allocated CPUs 13
rank 4345 on c603.nibi.sharcnet: 1 pinned threads; allocated CPUs 121
rank 4430 on c608.nibi.sharcnet: 1 pinned threads; allocated CPUs 14
rank 4346 on c603.nibi.sharcnet: 1 pinned threads; allocated CPUs 122
rank 4431 on c608.nibi.sharcnet: 1 pinned threads; allocated CPUs 15
rank 4347 on c603.nibi.sharcnet: 1 pinned threads; allocated CPUs 123
rank 4432 on c608.nibi.sharcnet: 1 pinned threads; allocated CPUs 16
rank 4348 on c603.nibi.sharcnet: 1 pinned threads; allocated CPUs 124
rank 4433 on c608.nibi.sharcnet: 1 pinned threads; allocated CPUs 17
rank 4349 on c603.nibi.sharcnet: 1 pinned threads; allocated CPUs 125
rank 4434 on c608.nibi.sharcnet: 1 pinned threads; allocated CPUs 18
rank 4350 on c603.nibi.sharcnet: 1 pinned threads; allocated CPUs 126
rank 4436 on c608.nibi.sharcnet: 1 pinned threads; allocated CPUs 20
rank 4351 on c603.nibi.sharcnet: 1 pinned threads; allocated CPUs 127
rank 4437 on c608.nibi.sharcnet: 1 pinned threads; allocated CPUs 21
rank 4352 on c603.nibi.sharcnet: 1 pinned threads; allocated CPUs 128
rank 4438 on c608.nibi.sharcnet: 1 pinned threads; allocated CPUs 22
rank 4353 on c603.nibi.sharcnet: 1 pinned threads; allocated CPUs 129
rank 4439 on c608.nibi.sharcnet: 1 pinned threads; allocated CPUs 23
rank 4354 on c603.nibi.sharcnet: 1 pinned threads; allocated CPUs 130
rank 4440 on c608.nibi.sharcnet: 1 pinned threads; allocated CPUs 24
rank 4355 on c603.nibi.sharcnet: 1 pinned threads; allocated CPUs 131
rank 4441 on c608.nibi.sharcnet: 1 pinned threads; allocated CPUs 25
rank 4356 on c603.nibi.sharcnet: 1 pinned threads; allocated CPUs 132
rank 4442 on c608.nibi.sharcnet: 1 pinned threads; allocated CPUs 26
rank 4357 on c603.nibi.sharcnet: 1 pinned threads; allocated CPUs 133
rank 4443 on c608.nibi.sharcnet: 1 pinned threads; allocated CPUs 27
rank 4358 on c603.nibi.sharcnet: 1 pinned threads; allocated CPUs 134
rank 4444 on c608.nibi.sharcnet: 1 pinned threads; allocated CPUs 28
rank 4359 on c603.nibi.sharcnet: 1 pinned threads; allocated CPUs 135
rank 4446 on c608.nibi.sharcnet: 1 pinned threads; allocated CPUs 30
rank 4360 on c603.nibi.sharcnet: 1 pinned threads; allocated CPUs 136
rank 4447 on c608.nibi.sharcnet: 1 pinned threads; allocated CPUs 31
rank 4361 on c603.nibi.sharcnet: 1 pinned threads; allocated CPUs 137
rank 4454 on c608.nibi.sharcnet: 1 pinned threads; allocated CPUs 38
rank 4362 on c603.nibi.sharcnet: 1 pinned threads; allocated CPUs 138
rank 4455 on c608.nibi.sharcnet: 1 pinned threads; allocated CPUs 39
rank 4363 on c603.nibi.sharcnet: 1 pinned threads; allocated CPUs 139
rank 4457 on c608.nibi.sharcnet: 1 pinned threads; allocated CPUs 41
rank 4364 on c603.nibi.sharcnet: 1 pinned threads; allocated CPUs 140
rank 4459 on c608.nibi.sharcnet: 1 pinned threads; allocated CPUs 43
rank 4365 on c603.nibi.sharcnet: 1 pinned threads; allocated CPUs 141
rank 4463 on c608.nibi.sharcnet: 1 pinned threads; allocated CPUs 47
rank 4366 on c603.nibi.sharcnet: 1 pinned threads; allocated CPUs 142
rank 4465 on c608.nibi.sharcnet: 1 pinned threads; allocated CPUs 49
rank 4367 on c603.nibi.sharcnet: 1 pinned threads; allocated CPUs 143
rank 4466 on c608.nibi.sharcnet: 1 pinned threads; allocated CPUs 50
rank 4368 on c603.nibi.sharcnet: 1 pinned threads; allocated CPUs 144
rank 4481 on c608.nibi.sharcnet: 1 pinned threads; allocated CPUs 65
rank 4369 on c603.nibi.sharcnet: 1 pinned threads; allocated CPUs 145
rank 4483 on c608.nibi.sharcnet: 1 pinned threads; allocated CPUs 67
rank 4370 on c603.nibi.sharcnet: 1 pinned threads; allocated CPUs 146
rank 4485 on c608.nibi.sharcnet: 1 pinned threads; allocated CPUs 69
rank 4371 on c603.nibi.sharcnet: 1 pinned threads; allocated CPUs 147
rank 4487 on c608.nibi.sharcnet: 1 pinned threads; allocated CPUs 71
rank 4372 on c603.nibi.sharcnet: 1 pinned threads; allocated CPUs 148
rank 4491 on c608.nibi.sharcnet: 1 pinned threads; allocated CPUs 75
rank 4373 on c603.nibi.sharcnet: 1 pinned threads; allocated CPUs 149
rank 4492 on c608.nibi.sharcnet: 1 pinned threads; allocated CPUs 76
rank 4374 on c603.nibi.sharcnet: 1 pinned threads; allocated CPUs 150
rank 4493 on c608.nibi.sharcnet: 1 pinned threads; allocated CPUs 77
rank 4375 on c603.nibi.sharcnet: 1 pinned threads; allocated CPUs 151
rank 4494 on c608.nibi.sharcnet: 1 pinned threads; allocated CPUs 78
rank 4376 on c603.nibi.sharcnet: 1 pinned threads; allocated CPUs 152
rank 4495 on c608.nibi.sharcnet: 1 pinned threads; allocated CPUs 79
rank 4377 on c603.nibi.sharcnet: 1 pinned threads; allocated CPUs 153
rank 4497 on c608.nibi.sharcnet: 1 pinned threads; allocated CPUs 81
rank 4378 on c603.nibi.sharcnet: 1 pinned threads; allocated CPUs 154
rank 4500 on c608.nibi.sharcnet: 1 pinned threads; allocated CPUs 84
rank 4379 on c603.nibi.sharcnet: 1 pinned threads; allocated CPUs 155
rank 4501 on c608.nibi.sharcnet: 1 pinned threads; allocated CPUs 85
rank 4380 on c603.nibi.sharcnet: 1 pinned threads; allocated CPUs 156
rank 4502 on c608.nibi.sharcnet: 1 pinned threads; allocated CPUs 86
rank 4381 on c603.nibi.sharcnet: 1 pinned threads; allocated CPUs 157
rank 4504 on c608.nibi.sharcnet: 1 pinned threads; allocated CPUs 88
rank 4382 on c603.nibi.sharcnet: 1 pinned threads; allocated CPUs 158
rank 4506 on c608.nibi.sharcnet: 1 pinned threads; allocated CPUs 90
rank 4383 on c603.nibi.sharcnet: 1 pinned threads; allocated CPUs 159
rank 4508 on c608.nibi.sharcnet: 1 pinned threads; allocated CPUs 92
rank 4384 on c603.nibi.sharcnet: 1 pinned threads; allocated CPUs 160
rank 4509 on c608.nibi.sharcnet: 1 pinned threads; allocated CPUs 93
rank 4385 on c603.nibi.sharcnet: 1 pinned threads; allocated CPUs 161
rank 4510 on c608.nibi.sharcnet: 1 pinned threads; allocated CPUs 94
rank 4386 on c603.nibi.sharcnet: 1 pinned threads; allocated CPUs 162
rank 4512 on c608.nibi.sharcnet: 1 pinned threads; allocated CPUs 96
rank 4387 on c603.nibi.sharcnet: 1 pinned threads; allocated CPUs 163
rank 4513 on c608.nibi.sharcnet: 1 pinned threads; allocated CPUs 97
rank 4388 on c603.nibi.sharcnet: 1 pinned threads; allocated CPUs 164
rank 4514 on c608.nibi.sharcnet: 1 pinned threads; allocated CPUs 98
rank 4389 on c603.nibi.sharcnet: 1 pinned threads; allocated CPUs 165
rank 4516 on c608.nibi.sharcnet: 1 pinned threads; allocated CPUs 100
rank 4390 on c603.nibi.sharcnet: 1 pinned threads; allocated CPUs 166
rank 4517 on c608.nibi.sharcnet: 1 pinned threads; allocated CPUs 101
rank 4391 on c603.nibi.sharcnet: 1 pinned threads; allocated CPUs 167
rank 4518 on c608.nibi.sharcnet: 1 pinned threads; allocated CPUs 102
rank 4392 on c603.nibi.sharcnet: 1 pinned threads; allocated CPUs 168
rank 4519 on c608.nibi.sharcnet: 1 pinned threads; allocated CPUs 103
rank 4393 on c603.nibi.sharcnet: 1 pinned threads; allocated CPUs 169
rank 4520 on c608.nibi.sharcnet: 1 pinned threads; allocated CPUs 104
rank 4394 on c603.nibi.sharcnet: 1 pinned threads; allocated CPUs 170
rank 4521 on c608.nibi.sharcnet: 1 pinned threads; allocated CPUs 105
rank 4395 on c603.nibi.sharcnet: 1 pinned threads; allocated CPUs 171
rank 4522 on c608.nibi.sharcnet: 1 pinned threads; allocated CPUs 106
rank 4396 on c603.nibi.sharcnet: 1 pinned threads; allocated CPUs 172
rank 4524 on c608.nibi.sharcnet: 1 pinned threads; allocated CPUs 108
rank 4397 on c603.nibi.sharcnet: 1 pinned threads; allocated CPUs 173
rank 4525 on c608.nibi.sharcnet: 1 pinned threads; allocated CPUs 109
rank 4398 on c603.nibi.sharcnet: 1 pinned threads; allocated CPUs 174
rank 4526 on c608.nibi.sharcnet: 1 pinned threads; allocated CPUs 110
rank 4399 on c603.nibi.sharcnet: 1 pinned threads; allocated CPUs 175
rank 4527 on c608.nibi.sharcnet: 1 pinned threads; allocated CPUs 111
rank 4400 on c603.nibi.sharcnet: 1 pinned threads; allocated CPUs 176
rank 4528 on c608.nibi.sharcnet: 1 pinned threads; allocated CPUs 112
rank 4401 on c603.nibi.sharcnet: 1 pinned threads; allocated CPUs 177
rank 4529 on c608.nibi.sharcnet: 1 pinned threads; allocated CPUs 113
rank 4402 on c603.nibi.sharcnet: 1 pinned threads; allocated CPUs 178
rank 4530 on c608.nibi.sharcnet: 1 pinned threads; allocated CPUs 114
rank 4403 on c603.nibi.sharcnet: 1 pinned threads; allocated CPUs 179
rank 4531 on c608.nibi.sharcnet: 1 pinned threads; allocated CPUs 115
rank 4404 on c603.nibi.sharcnet: 1 pinned threads; allocated CPUs 180
rank 4533 on c608.nibi.sharcnet: 1 pinned threads; allocated CPUs 117
rank 4405 on c603.nibi.sharcnet: 1 pinned threads; allocated CPUs 181
rank 4534 on c608.nibi.sharcnet: 1 pinned threads; allocated CPUs 118
rank 4406 on c603.nibi.sharcnet: 1 pinned threads; allocated CPUs 182
rank 4535 on c608.nibi.sharcnet: 1 pinned threads; allocated CPUs 119
rank 4407 on c603.nibi.sharcnet: 1 pinned threads; allocated CPUs 183
rank 4536 on c608.nibi.sharcnet: 1 pinned threads; allocated CPUs 120
rank 4408 on c603.nibi.sharcnet: 1 pinned threads; allocated CPUs 184
rank 4537 on c608.nibi.sharcnet: 1 pinned threads; allocated CPUs 121
rank 4409 on c603.nibi.sharcnet: 1 pinned threads; allocated CPUs 185
rank 4538 on c608.nibi.sharcnet: 1 pinned threads; allocated CPUs 122
rank 4410 on c603.nibi.sharcnet: 1 pinned threads; allocated CPUs 186
rank 4539 on c608.nibi.sharcnet: 1 pinned threads; allocated CPUs 123
rank 4411 on c603.nibi.sharcnet: 1 pinned threads; allocated CPUs 187
rank 4540 on c608.nibi.sharcnet: 1 pinned threads; allocated CPUs 124
rank 4412 on c603.nibi.sharcnet: 1 pinned threads; allocated CPUs 188
rank 4541 on c608.nibi.sharcnet: 1 pinned threads; allocated CPUs 125
rank 4413 on c603.nibi.sharcnet: 1 pinned threads; allocated CPUs 189
rank 4542 on c608.nibi.sharcnet: 1 pinned threads; allocated CPUs 126
rank 4414 on c603.nibi.sharcnet: 1 pinned threads; allocated CPUs 190
rank 4543 on c608.nibi.sharcnet: 1 pinned threads; allocated CPUs 127
rank 4415 on c603.nibi.sharcnet: 1 pinned threads; allocated CPUs 191
rank 4546 on c608.nibi.sharcnet: 1 pinned threads; allocated CPUs 130
rank 4253 on c603.nibi.sharcnet: 1 pinned threads; allocated CPUs 29
rank 4563 on c608.nibi.sharcnet: 1 pinned threads; allocated CPUs 147
rank 4259 on c603.nibi.sharcnet: 1 pinned threads; allocated CPUs 35
rank 4567 on c608.nibi.sharcnet: 1 pinned threads; allocated CPUs 151
rank 4271 on c603.nibi.sharcnet: 1 pinned threads; allocated CPUs 47
rank 4576 on c608.nibi.sharcnet: 1 pinned threads; allocated CPUs 160
rank 4291 on c603.nibi.sharcnet: 1 pinned threads; allocated CPUs 67
rank 4578 on c608.nibi.sharcnet: 1 pinned threads; allocated CPUs 162
rank 4295 on c603.nibi.sharcnet: 1 pinned threads; allocated CPUs 71
rank 4580 on c608.nibi.sharcnet: 1 pinned threads; allocated CPUs 164
rank 4299 on c603.nibi.sharcnet: 1 pinned threads; allocated CPUs 75
rank 4581 on c608.nibi.sharcnet: 1 pinned threads; allocated CPUs 165
rank 4300 on c603.nibi.sharcnet: 1 pinned threads; allocated CPUs 76
rank 4583 on c608.nibi.sharcnet: 1 pinned threads; allocated CPUs 167
rank 4304 on c603.nibi.sharcnet: 1 pinned threads; allocated CPUs 80
rank 4585 on c608.nibi.sharcnet: 1 pinned threads; allocated CPUs 169
rank 4307 on c603.nibi.sharcnet: 1 pinned threads; allocated CPUs 83
rank 4588 on c608.nibi.sharcnet: 1 pinned threads; allocated CPUs 172
rank 4308 on c603.nibi.sharcnet: 1 pinned threads; allocated CPUs 84
rank 4590 on c608.nibi.sharcnet: 1 pinned threads; allocated CPUs 174
rank 4239 on c603.nibi.sharcnet: 1 pinned threads; allocated CPUs 15
rank 4593 on c608.nibi.sharcnet: 1 pinned threads; allocated CPUs 177
rank 4597 on c608.nibi.sharcnet: 1 pinned threads; allocated CPUs 181
rank 5066 on c614.nibi.sharcnet: 1 pinned threads; allocated CPUs 74
rank 4599 on c608.nibi.sharcnet: 1 pinned threads; allocated CPUs 183
rank 5028 on c614.nibi.sharcnet: 1 pinned threads; allocated CPUs 36
rank 4601 on c608.nibi.sharcnet: 1 pinned threads; allocated CPUs 185
rank 5043 on c614.nibi.sharcnet: 1 pinned threads; allocated CPUs 51
rank 4603 on c608.nibi.sharcnet: 1 pinned threads; allocated CPUs 187
rank 5058 on c614.nibi.sharcnet: 1 pinned threads; allocated CPUs 66
rank 4604 on c608.nibi.sharcnet: 1 pinned threads; allocated CPUs 188
rank 5068 on c614.nibi.sharcnet: 1 pinned threads; allocated CPUs 76
rank 4607 on c608.nibi.sharcnet: 1 pinned threads; allocated CPUs 191
rank 5077 on c614.nibi.sharcnet: 1 pinned threads; allocated CPUs 85
rank 4451 on c608.nibi.sharcnet: 1 pinned threads; allocated CPUs 35
rank 5036 on c614.nibi.sharcnet: 1 pinned threads; allocated CPUs 44
rank 4498 on c608.nibi.sharcnet: 1 pinned threads; allocated CPUs 82
rank 5047 on c614.nibi.sharcnet: 1 pinned threads; allocated CPUs 55
rank 4499 on c608.nibi.sharcnet: 1 pinned threads; allocated CPUs 83
rank 5057 on c614.nibi.sharcnet: 1 pinned threads; allocated CPUs 65
rank 4503 on c608.nibi.sharcnet: 1 pinned threads; allocated CPUs 87
rank 5065 on c614.nibi.sharcnet: 1 pinned threads; allocated CPUs 73
rank 4507 on c608.nibi.sharcnet: 1 pinned threads; allocated CPUs 91
rank 5071 on c614.nibi.sharcnet: 1 pinned threads; allocated CPUs 79
rank 4515 on c608.nibi.sharcnet: 1 pinned threads; allocated CPUs 99
rank 5079 on c614.nibi.sharcnet: 1 pinned threads; allocated CPUs 87
rank 4594 on c608.nibi.sharcnet: 1 pinned threads; allocated CPUs 178
rank 5086 on c614.nibi.sharcnet: 1 pinned threads; allocated CPUs 94
rank 4598 on c608.nibi.sharcnet: 1 pinned threads; allocated CPUs 182
rank 5031 on c614.nibi.sharcnet: 1 pinned threads; allocated CPUs 39
rank 4462 on c608.nibi.sharcnet: 1 pinned threads; allocated CPUs 46
rank 5064 on c614.nibi.sharcnet: 1 pinned threads; allocated CPUs 72
rank 4416 on c608.nibi.sharcnet: 1 pinned threads; allocated CPUs 0
rank 5074 on c614.nibi.sharcnet: 1 pinned threads; allocated CPUs 82
rank 4468 on c608.nibi.sharcnet: 1 pinned threads; allocated CPUs 52
rank 5080 on c614.nibi.sharcnet: 1 pinned threads; allocated CPUs 88
rank 5084 on c614.nibi.sharcnet: 1 pinned threads; allocated CPUs 92
rank 5085 on c614.nibi.sharcnet: 1 pinned threads; allocated CPUs 93
rank 5109 on c614.nibi.sharcnet: 1 pinned threads; allocated CPUs 117
rank 5133 on c614.nibi.sharcnet: 1 pinned threads; allocated CPUs 141
rank 5030 on c614.nibi.sharcnet: 1 pinned threads; allocated CPUs 38
rank 5033 on c614.nibi.sharcnet: 1 pinned threads; allocated CPUs 41
rank 5041 on c614.nibi.sharcnet: 1 pinned threads; allocated CPUs 49
rank 5044 on c614.nibi.sharcnet: 1 pinned threads; allocated CPUs 52
rank 5063 on c614.nibi.sharcnet: 1 pinned threads; allocated CPUs 71
rank 5067 on c614.nibi.sharcnet: 1 pinned threads; allocated CPUs 75
rank 5069 on c614.nibi.sharcnet: 1 pinned threads; allocated CPUs 77
rank 5070 on c614.nibi.sharcnet: 1 pinned threads; allocated CPUs 78
rank 5083 on c614.nibi.sharcnet: 1 pinned threads; allocated CPUs 91
rank 5087 on c614.nibi.sharcnet: 1 pinned threads; allocated CPUs 95
rank 5022 on c614.nibi.sharcnet: 1 pinned threads; allocated CPUs 30
rank 5053 on c614.nibi.sharcnet: 1 pinned threads; allocated CPUs 61
rank 5054 on c614.nibi.sharcnet: 1 pinned threads; allocated CPUs 62
rank 5059 on c614.nibi.sharcnet: 1 pinned threads; allocated CPUs 67
rank 5060 on c614.nibi.sharcnet: 1 pinned threads; allocated CPUs 68
rank 5078 on c614.nibi.sharcnet: 1 pinned threads; allocated CPUs 86
rank 5046 on c614.nibi.sharcnet: 1 pinned threads; allocated CPUs 54
rank 5002 on c614.nibi.sharcnet: 1 pinned threads; allocated CPUs 10
rank 5005 on c614.nibi.sharcnet: 1 pinned threads; allocated CPUs 13
rank 5010 on c614.nibi.sharcnet: 1 pinned threads; allocated CPUs 18
rank 4998 on c614.nibi.sharcnet: 1 pinned threads; allocated CPUs 6
rank 4999 on c614.nibi.sharcnet: 1 pinned threads; allocated CPUs 7
rank 5012 on c614.nibi.sharcnet: 1 pinned threads; allocated CPUs 20
rank 5016 on c614.nibi.sharcnet: 1 pinned threads; allocated CPUs 24
rank 5018 on c614.nibi.sharcnet: 1 pinned threads; allocated CPUs 26
rank 5019 on c614.nibi.sharcnet: 1 pinned threads; allocated CPUs 27
rank 5021 on c614.nibi.sharcnet: 1 pinned threads; allocated CPUs 29
rank 5062 on c614.nibi.sharcnet: 1 pinned threads; allocated CPUs 70
rank 5082 on c614.nibi.sharcnet: 1 pinned threads; allocated CPUs 90
rank 4993 on c614.nibi.sharcnet: 1 pinned threads; allocated CPUs 1
rank 4994 on c614.nibi.sharcnet: 1 pinned threads; allocated CPUs 2
rank 4996 on c614.nibi.sharcnet: 1 pinned threads; allocated CPUs 4
rank 4997 on c614.nibi.sharcnet: 1 pinned threads; allocated CPUs 5
rank 5000 on c614.nibi.sharcnet: 1 pinned threads; allocated CPUs 8
rank 5001 on c614.nibi.sharcnet: 1 pinned threads; allocated CPUs 9
rank 5004 on c614.nibi.sharcnet: 1 pinned threads; allocated CPUs 12
rank 5006 on c614.nibi.sharcnet: 1 pinned threads; allocated CPUs 14
rank 5007 on c614.nibi.sharcnet: 1 pinned threads; allocated CPUs 15
rank 5008 on c614.nibi.sharcnet: 1 pinned threads; allocated CPUs 16
rank 5011 on c614.nibi.sharcnet: 1 pinned threads; allocated CPUs 19
rank 5015 on c614.nibi.sharcnet: 1 pinned threads; allocated CPUs 23
rank 5003 on c614.nibi.sharcnet: 1 pinned threads; allocated CPUs 11
rank 5013 on c614.nibi.sharcnet: 1 pinned threads; allocated CPUs 21
rank 5014 on c614.nibi.sharcnet: 1 pinned threads; allocated CPUs 22
rank 5020 on c614.nibi.sharcnet: 1 pinned threads; allocated CPUs 28
rank 5023 on c614.nibi.sharcnet: 1 pinned threads; allocated CPUs 31
rank 4992 on c614.nibi.sharcnet: 1 pinned threads; allocated CPUs 0
rank 5017 on c614.nibi.sharcnet: 1 pinned threads; allocated CPUs 25
rank 5035 on c614.nibi.sharcnet: 1 pinned threads; allocated CPUs 43
rank 5075 on c614.nibi.sharcnet: 1 pinned threads; allocated CPUs 83
rank 5038 on c614.nibi.sharcnet: 1 pinned threads; allocated CPUs 46
rank 5009 on c614.nibi.sharcnet: 1 pinned threads; allocated CPUs 17
rank 4995 on c614.nibi.sharcnet: 1 pinned threads; allocated CPUs 3
PASS: CPU MPI ring and explicitly pinned Julia threads
