mpiexec -n 32 --map-by core --bind-to core --report-bindings julia --threads=1 --project=benchmarking /u/ajtse/Oceananigans.jl/benchmarking/results/rondeau/check_rondeau_mpi.jl CPU 32 
[rondeau:3939909] MCW rank 0 bound to socket 0[core 0[hwt 0-1]]: [BB/../../../../../../../../../../../../../../../../../../../../../../../../../../../../../../../../../../../../../../../../../../../../../../../../../../../../../../../../../../../../../../..][../../../../../../../../../../../../../../../../../../../../../../../../../../../../../../../../../../../../../../../../../../../../../../../../../../../../../../../../../../../../../../../.]
[rondeau:3939909] MCW rank 1 bound to socket 0[core 1[hwt 0-1]]: [../BB/../../../../../../../../../../../../../../../../../../../../../../../../../../../../../../../../../../../../../../../../../../../../../../../../../../../../../../../../../../../../../..][../../../../../../../../../../../../../../../../../../../../../../../../../../../../../../../../../../../../../../../../../../../../../../../../../../../../../../../../../../../../../../../.]
[rondeau:3939909] MCW rank 2 bound to socket 0[core 2[hwt 0-1]]: [../../BB/../../../../../../../../../../../../../../../../../../../../../../../../../../../../../../../../../../../../../../../../../../../../../../../../../../../../../../../../../../../../..][../../../../../../../../../../../../../../../../../../../../../../../../../../../../../../../../../../../../../../../../../../../../../../../../../../../../../../../../../../../../../../../.]
[rondeau:3939909] MCW rank 3 bound to socket 0[core 3[hwt 0-1]]: [../../../BB/../../../../../../../../../../../../../../../../../../../../../../../../../../../../../../../../../../../../../../../../../../../../../../../../../../../../../../../../../../../..][../../../../../../../../../../../../../../../../../../../../../../../../../../../../../../../../../../../../../../../../../../../../../../../../../../../../../../../../../../../../../../../.]
[rondeau:3939909] MCW rank 4 bound to socket 0[core 4[hwt 0-1]]: [../../../../BB/../../../../../../../../../../../../../../../../../../../../../../../../../../../../../../../../../../../../../../../../../../../../../../../../../../../../../../../../../../..][../../../../../../../../../../../../../../../../../../../../../../../../../../../../../../../../../../../../../../../../../../../../../../../../../../../../../../../../../../../../../../../.]
[rondeau:3939909] MCW rank 5 bound to socket 0[core 5[hwt 0-1]]: [../../../../../BB/../../../../../../../../../../../../../../../../../../../../../../../../../../../../../../../../../../../../../../../../../../../../../../../../../../../../../../../../../..][../../../../../../../../../../../../../../../../../../../../../../../../../../../../../../../../../../../../../../../../../../../../../../../../../../../../../../../../../../../../../../../.]
[rondeau:3939909] MCW rank 7 bound to socket 0[core 7[hwt 0-1]]: [../../../../../../../BB/../../../../../../../../../../../../../../../../../../../../../../../../../../../../../../../../../../../../../../../../../../../../../../../../../../../../../../../..][../../../../../../../../../../../../../../../../../../../../../../../../../../../../../../../../../../../../../../../../../../../../../../../../../../../../../../../../../../../../../../../.]
[rondeau:3939909] MCW rank 6 bound to socket 0[core 6[hwt 0-1]]: [../../../../../../BB/../../../../../../../../../../../../../../../../../../../../../../../../../../../../../../../../../../../../../../../../../../../../../../../../../../../../../../../../..][../../../../../../../../../../../../../../../../../../../../../../../../../../../../../../../../../../../../../../../../../../../../../../../../../../../../../../../../../../../../../../../.]
[rondeau:3939909] MCW rank 9 bound to socket 0[core 9[hwt 0-1]]: [../../../../../../../../../BB/../../../../../../../../../../../../../../../../../../../../../../../../../../../../../../../../../../../../../../../../../../../../../../../../../../../../../..][../../../../../../../../../../../../../../../../../../../../../../../../../../../../../../../../../../../../../../../../../../../../../../../../../../../../../../../../../../../../../../../.]
[rondeau:3939909] MCW rank 8 bound to socket 0[core 8[hwt 0-1]]: [../../../../../../../../BB/../../../../../../../../../../../../../../../../../../../../../../../../../../../../../../../../../../../../../../../../../../../../../../../../../../../../../../..][../../../../../../../../../../../../../../../../../../../../../../../../../../../../../../../../../../../../../../../../../../../../../../../../../../../../../../../../../../../../../../../.]
[rondeau:3939909] MCW rank 11 bound to socket 0[core 11[hwt 0-1]]: [../../../../../../../../../../../BB/../../../../../../../../../../../../../../../../../../../../../../../../../../../../../../../../../../../../../../../../../../../../../../../../../../../..][../../../../../../../../../../../../../../../../../../../../../../../../../../../../../../../../../../../../../../../../../../../../../../../../../../../../../../../../../../../../../../../.]
[rondeau:3939909] MCW rank 10 bound to socket 0[core 10[hwt 0-1]]: [../../../../../../../../../../BB/../../../../../../../../../../../../../../../../../../../../../../../../../../../../../../../../../../../../../../../../../../../../../../../../../../../../..][../../../../../../../../../../../../../../../../../../../../../../../../../../../../../../../../../../../../../../../../../../../../../../../../../../../../../../../../../../../../../../../.]
[rondeau:3939909] MCW rank 13 bound to socket 0[core 13[hwt 0-1]]: [../../../../../../../../../../../../../BB/../../../../../../../../../../../../../../../../../../../../../../../../../../../../../../../../../../../../../../../../../../../../../../../../../..][../../../../../../../../../../../../../../../../../../../../../../../../../../../../../../../../../../../../../../../../../../../../../../../../../../../../../../../../../../../../../../../.]
[rondeau:3939909] MCW rank 15 bound to socket 0[core 15[hwt 0-1]]: [../../../../../../../../../../../../../../../BB/../../../../../../../../../../../../../../../../../../../../../../../../../../../../../../../../../../../../../../../../../../../../../../../..][../../../../../../../../../../../../../../../../../../../../../../../../../../../../../../../../../../../../../../../../../../../../../../../../../../../../../../../../../../../../../../../.]
[rondeau:3939909] MCW rank 12 bound to socket 0[core 12[hwt 0-1]]: [../../../../../../../../../../../../BB/../../../../../../../../../../../../../../../../../../../../../../../../../../../../../../../../../../../../../../../../../../../../../../../../../../..][../../../../../../../../../../../../../../../../../../../../../../../../../../../../../../../../../../../../../../../../../../../../../../../../../../../../../../../../../../../../../../../.]
[rondeau:3939909] MCW rank 14 bound to socket 0[core 14[hwt 0-1]]: [../../../../../../../../../../../../../../BB/../../../../../../../../../../../../../../../../../../../../../../../../../../../../../../../../../../../../../../../../../../../../../../../../..][../../../../../../../../../../../../../../../../../../../../../../../../../../../../../../../../../../../../../../../../../../../../../../../../../../../../../../../../../../../../../../../.]
[rondeau:3939909] MCW rank 17 bound to socket 0[core 17[hwt 0-1]]: [../../../../../../../../../../../../../../../../../BB/../../../../../../../../../../../../../../../../../../../../../../../../../../../../../../../../../../../../../../../../../../../../../..][../../../../../../../../../../../../../../../../../../../../../../../../../../../../../../../../../../../../../../../../../../../../../../../../../../../../../../../../../../../../../../../.]
[rondeau:3939909] MCW rank 19 bound to socket 0[core 19[hwt 0-1]]: [../../../../../../../../../../../../../../../../../../../BB/../../../../../../../../../../../../../../../../../../../../../../../../../../../../../../../../../../../../../../../../../../../..][../../../../../../../../../../../../../../../../../../../../../../../../../../../../../../../../../../../../../../../../../../../../../../../../../../../../../../../../../../../../../../../.]
[rondeau:3939909] MCW rank 16 bound to socket 0[core 16[hwt 0-1]]: [../../../../../../../../../../../../../../../../BB/../../../../../../../../../../../../../../../../../../../../../../../../../../../../../../../../../../../../../../../../../../../../../../..][../../../../../../../../../../../../../../../../../../../../../../../../../../../../../../../../../../../../../../../../../../../../../../../../../../../../../../../../../../../../../../../.]
[rondeau:3939909] MCW rank 18 bound to socket 0[core 18[hwt 0-1]]: [../../../../../../../../../../../../../../../../../../BB/../../../../../../../../../../../../../../../../../../../../../../../../../../../../../../../../../../../../../../../../../../../../..][../../../../../../../../../../../../../../../../../../../../../../../../../../../../../../../../../../../../../../../../../../../../../../../../../../../../../../../../../../../../../../../.]
[rondeau:3939909] MCW rank 21 bound to socket 0[core 21[hwt 0-1]]: [../../../../../../../../../../../../../../../../../../../../../BB/../../../../../../../../../../../../../../../../../../../../../../../../../../../../../../../../../../../../../../../../../..][../../../../../../../../../../../../../../../../../../../../../../../../../../../../../../../../../../../../../../../../../../../../../../../../../../../../../../../../../../../../../../../.]
[rondeau:3939909] MCW rank 23 bound to socket 0[core 23[hwt 0-1]]: [../../../../../../../../../../../../../../../../../../../../../../../BB/../../../../../../../../../../../../../../../../../../../../../../../../../../../../../../../../../../../../../../../..][../../../../../../../../../../../../../../../../../../../../../../../../../../../../../../../../../../../../../../../../../../../../../../../../../../../../../../../../../../../../../../../.]
[rondeau:3939909] MCW rank 20 bound to socket 0[core 20[hwt 0-1]]: [../../../../../../../../../../../../../../../../../../../../BB/../../../../../../../../../../../../../../../../../../../../../../../../../../../../../../../../../../../../../../../../../../..][../../../../../../../../../../../../../../../../../../../../../../../../../../../../../../../../../../../../../../../../../../../../../../../../../../../../../../../../../../../../../../../.]
[rondeau:3939909] MCW rank 22 bound to socket 0[core 22[hwt 0-1]]: [../../../../../../../../../../../../../../../../../../../../../../BB/../../../../../../../../../../../../../../../../../../../../../../../../../../../../../../../../../../../../../../../../..][../../../../../../../../../../../../../../../../../../../../../../../../../../../../../../../../../../../../../../../../../../../../../../../../../../../../../../../../../../../../../../../.]
[rondeau:3939909] MCW rank 25 bound to socket 0[core 25[hwt 0-1]]: [../../../../../../../../../../../../../../../../../../../../../../../../../BB/../../../../../../../../../../../../../../../../../../../../../../../../../../../../../../../../../../../../../..][../../../../../../../../../../../../../../../../../../../../../../../../../../../../../../../../../../../../../../../../../../../../../../../../../../../../../../../../../../../../../../../.]
[rondeau:3939909] MCW rank 27 bound to socket 0[core 27[hwt 0-1]]: [../../../../../../../../../../../../../../../../../../../../../../../../../../../BB/../../../../../../../../../../../../../../../../../../../../../../../../../../../../../../../../../../../..][../../../../../../../../../../../../../../../../../../../../../../../../../../../../../../../../../../../../../../../../../../../../../../../../../../../../../../../../../../../../../../../.]
[rondeau:3939909] MCW rank 24 bound to socket 0[core 24[hwt 0-1]]: [../../../../../../../../../../../../../../../../../../../../../../../../BB/../../../../../../../../../../../../../../../../../../../../../../../../../../../../../../../../../../../../../../..][../../../../../../../../../../../../../../../../../../../../../../../../../../../../../../../../../../../../../../../../../../../../../../../../../../../../../../../../../../../../../../../.]
[rondeau:3939909] MCW rank 26 bound to socket 0[core 26[hwt 0-1]]: [../../../../../../../../../../../../../../../../../../../../../../../../../../BB/../../../../../../../../../../../../../../../../../../../../../../../../../../../../../../../../../../../../..][../../../../../../../../../../../../../../../../../../../../../../../../../../../../../../../../../../../../../../../../../../../../../../../../../../../../../../../../../../../../../../../.]
[rondeau:3939909] MCW rank 29 bound to socket 0[core 29[hwt 0-1]]: [../../../../../../../../../../../../../../../../../../../../../../../../../../../../../BB/../../../../../../../../../../../../../../../../../../../../../../../../../../../../../../../../../..][../../../../../../../../../../../../../../../../../../../../../../../../../../../../../../../../../../../../../../../../../../../../../../../../../../../../../../../../../../../../../../../.]
[rondeau:3939909] MCW rank 31 bound to socket 0[core 31[hwt 0-1]]: [../../../../../../../../../../../../../../../../../../../../../../../../../../../../../../../BB/../../../../../../../../../../../../../../../../../../../../../../../../../../../../../../../..][../../../../../../../../../../../../../../../../../../../../../../../../../../../../../../../../../../../../../../../../../../../../../../../../../../../../../../../../../../../../../../../.]
[rondeau:3939909] MCW rank 28 bound to socket 0[core 28[hwt 0-1]]: [../../../../../../../../../../../../../../../../../../../../../../../../../../../../BB/../../../../../../../../../../../../../../../../../../../../../../../../../../../../../../../../../../..][../../../../../../../../../../../../../../../../../../../../../../../../../../../../../../../../../../../../../../../../../../../../../../../../../../../../../../../../../../../../../../../.]
[rondeau:3939909] MCW rank 30 bound to socket 0[core 30[hwt 0-1]]: [../../../../../../../../../../../../../../../../../../../../../../../../../../../../../../BB/../../../../../../../../../../../../../../../../../../../../../../../../../../../../../../../../..][../../../../../../../../../../../../../../../../../../../../../../../../../../../../../../../../../../../../../../../../../../../../../../../../../../../../../../../../../../../../../../../.]
Rank 30: CPU, Julia threads 1Rank 18: CPU, Julia threads 1

Rank 28: CPU, Julia threads 1
Rank 23: CPU, Julia threads 1
Rank 14: CPU, Julia threads 1
Rank 1: CPU, Julia threads 1
Rank 11: CPU, Julia threads 1
Rank 2: CPU, Julia threads 1
Rank 19: CPU, Julia threads 1
Rank 5: CPU, Julia threads 1
Rank 27: CPU, Julia threads 1Rank 31: CPU, Julia threads 1

Rank 26: CPU, Julia threads 1
Rank 29: CPU, Julia threads 1
Rank 17: CPU, Julia threads 1
Rank 24: CPU, Julia threads 1
Rank 16: CPU, Julia threads 1
Rank 25: CPU, Julia threads 1
Rank 21: CPU, Julia threads 1
Rank 20: CPU, Julia threads 1Rank 4: CPU, Julia threads 1

Rank 22: CPU, Julia threads 1Rank 7: CPU, Julia threads 1

Rank 3: CPU, Julia threads 1
Rank 8: CPU, Julia threads 1
Rank 10: CPU, Julia threads 1
Rank 9: CPU, Julia threads 1
Rank 13: CPU, Julia threads 1
Rank 12: CPU, Julia threads 1
Rank 6: CPU, Julia threads 1
Rank 15: CPU, Julia threads 1
MPIPreferences:
  binary:  system
  abi:     OpenMPI
  libmpi:  /opt/uw/openmpi/4.1.7-with-cuda/lib/libmpi.so
  mpiexec: /opt/uw/openmpi/4.1.7-with-cuda/bin/mpiexec

Package versions
  MPI.jl:             0.20.27
  MPIPreferences.jl:  0.1.12

Library information:
  libmpi:  /opt/uw/openmpi/4.1.7-with-cuda/lib/libmpi.so
  libmpi dlpath:  /opt/uw/openmpi/4.1.7-with-cuda/lib/libmpi.so
  MPI version:  3.1.0
  Library version:  
    Open MPI v4.1.7, package: Open MPI dsteinmo@mf003507-apc.math.uwaterloo.ca Distribution, ident: 4.1.7, repo rev: v4.1.7, Oct 31, 2024 
  MPI launcher: /opt/uw/openmpi/4.1.7-with-cuda/bin/mpiexec
  MPI launcher path: /opt/uw/openmpi/4.1.7-with-cuda/bin/mpiexec
Rank 0: CPU, Julia threads 1
MPI check passed for CPU on 32 ranks.
mpiexec -n 32 --map-by core --bind-to core --report-bindings julia --threads=1 --project=benchmarking benchmarking/run_benchmarks.jl --float_type=Float64 --momentum_advection=WENOVectorInvariantDefault --tracer_advection=WENO7 --closure=CATKE --timestepper=SplitRungeKutta3 --tracers=T\,S --dt=60 --warmup_steps=2 --time_steps=10 --samples=5 --device=CPU --size=720x360x50 --grid_type=tripolar --distributed --partition=8x4x1 --output=/local_scratch/ajtse/rondeau-extensions/2026-09-27T200418Z_cpu_scaling_3939819/cpu_scaling/32_cores/results.json 
[rondeau:3940518] MCW rank 0 bound to socket 0[core 0[hwt 0-1]]: [BB/../../../../../../../../../../../../../../../../../../../../../../../../../../../../../../../../../../../../../../../../../../../../../../../../../../../../../../../../../../../../../../..][../../../../../../../../../../../../../../../../../../../../../../../../../../../../../../../../../../../../../../../../../../../../../../../../../../../../../../../../../../../../../../../.]
[rondeau:3940518] MCW rank 1 bound to socket 0[core 1[hwt 0-1]]: [../BB/../../../../../../../../../../../../../../../../../../../../../../../../../../../../../../../../../../../../../../../../../../../../../../../../../../../../../../../../../../../../../..][../../../../../../../../../../../../../../../../../../../../../../../../../../../../../../../../../../../../../../../../../../../../../../../../../../../../../../../../../../../../../../../.]
[rondeau:3940518] MCW rank 2 bound to socket 0[core 2[hwt 0-1]]: [../../BB/../../../../../../../../../../../../../../../../../../../../../../../../../../../../../../../../../../../../../../../../../../../../../../../../../../../../../../../../../../../../..][../../../../../../../../../../../../../../../../../../../../../../../../../../../../../../../../../../../../../../../../../../../../../../../../../../../../../../../../../../../../../../../.]
[rondeau:3940518] MCW rank 3 bound to socket 0[core 3[hwt 0-1]]: [../../../BB/../../../../../../../../../../../../../../../../../../../../../../../../../../../../../../../../../../../../../../../../../../../../../../../../../../../../../../../../../../../..][../../../../../../../../../../../../../../../../../../../../../../../../../../../../../../../../../../../../../../../../../../../../../../../../../../../../../../../../../../../../../../../.]
[rondeau:3940518] MCW rank 4 bound to socket 0[core 4[hwt 0-1]]: [../../../../BB/../../../../../../../../../../../../../../../../../../../../../../../../../../../../../../../../../../../../../../../../../../../../../../../../../../../../../../../../../../..][../../../../../../../../../../../../../../../../../../../../../../../../../../../../../../../../../../../../../../../../../../../../../../../../../../../../../../../../../../../../../../../.]
[rondeau:3940518] MCW rank 6 bound to socket 0[core 6[hwt 0-1]]: [../../../../../../BB/../../../../../../../../../../../../../../../../../../../../../../../../../../../../../../../../../../../../../../../../../../../../../../../../../../../../../../../../..][../../../../../../../../../../../../../../../../../../../../../../../../../../../../../../../../../../../../../../../../../../../../../../../../../../../../../../../../../../../../../../../.]
[rondeau:3940518] MCW rank 7 bound to socket 0[core 7[hwt 0-1]]: [../../../../../../../BB/../../../../../../../../../../../../../../../../../../../../../../../../../../../../../../../../../../../../../../../../../../../../../../../../../../../../../../../..][../../../../../../../../../../../../../../../../../../../../../../../../../../../../../../../../../../../../../../../../../../../../../../../../../../../../../../../../../../../../../../../.]
[rondeau:3940518] MCW rank 5 bound to socket 0[core 5[hwt 0-1]]: [../../../../../BB/../../../../../../../../../../../../../../../../../../../../../../../../../../../../../../../../../../../../../../../../../../../../../../../../../../../../../../../../../..][../../../../../../../../../../../../../../../../../../../../../../../../../../../../../../../../../../../../../../../../../../../../../../../../../../../../../../../../../../../../../../../.]
[rondeau:3940518] MCW rank 10 bound to socket 0[core 10[hwt 0-1]]: [../../../../../../../../../../BB/../../../../../../../../../../../../../../../../../../../../../../../../../../../../../../../../../../../../../../../../../../../../../../../../../../../../..][../../../../../../../../../../../../../../../../../../../../../../../../../../../../../../../../../../../../../../../../../../../../../../../../../../../../../../../../../../../../../../../.]
[rondeau:3940518] MCW rank 8 bound to socket 0[core 8[hwt 0-1]]: [../../../../../../../../BB/../../../../../../../../../../../../../../../../../../../../../../../../../../../../../../../../../../../../../../../../../../../../../../../../../../../../../../..][../../../../../../../../../../../../../../../../../../../../../../../../../../../../../../../../../../../../../../../../../../../../../../../../../../../../../../../../../../../../../../../.]
[rondeau:3940518] MCW rank 11 bound to socket 0[core 11[hwt 0-1]]: [../../../../../../../../../../../BB/../../../../../../../../../../../../../../../../../../../../../../../../../../../../../../../../../../../../../../../../../../../../../../../../../../../..][../../../../../../../../../../../../../../../../../../../../../../../../../../../../../../../../../../../../../../../../../../../../../../../../../../../../../../../../../../../../../../../.]
[rondeau:3940518] MCW rank 9 bound to socket 0[core 9[hwt 0-1]]: [../../../../../../../../../BB/../../../../../../../../../../../../../../../../../../../../../../../../../../../../../../../../../../../../../../../../../../../../../../../../../../../../../..][../../../../../../../../../../../../../../../../../../../../../../../../../../../../../../../../../../../../../../../../../../../../../../../../../../../../../../../../../../../../../../../.]
[rondeau:3940518] MCW rank 14 bound to socket 0[core 14[hwt 0-1]]: [../../../../../../../../../../../../../../BB/../../../../../../../../../../../../../../../../../../../../../../../../../../../../../../../../../../../../../../../../../../../../../../../../..][../../../../../../../../../../../../../../../../../../../../../../../../../../../../../../../../../../../../../../../../../../../../../../../../../../../../../../../../../../../../../../../.]
[rondeau:3940518] MCW rank 15 bound to socket 0[core 15[hwt 0-1]]: [../../../../../../../../../../../../../../../BB/../../../../../../../../../../../../../../../../../../../../../../../../../../../../../../../../../../../../../../../../../../../../../../../..][../../../../../../../../../../../../../../../../../../../../../../../../../../../../../../../../../../../../../../../../../../../../../../../../../../../../../../../../../../../../../../../.]
[rondeau:3940518] MCW rank 12 bound to socket 0[core 12[hwt 0-1]]: [../../../../../../../../../../../../BB/../../../../../../../../../../../../../../../../../../../../../../../../../../../../../../../../../../../../../../../../../../../../../../../../../../..][../../../../../../../../../../../../../../../../../../../../../../../../../../../../../../../../../../../../../../../../../../../../../../../../../../../../../../../../../../../../../../../.]
[rondeau:3940518] MCW rank 13 bound to socket 0[core 13[hwt 0-1]]: [../../../../../../../../../../../../../BB/../../../../../../../../../../../../../../../../../../../../../../../../../../../../../../../../../../../../../../../../../../../../../../../../../..][../../../../../../../../../../../../../../../../../../../../../../../../../../../../../../../../../../../../../../../../../../../../../../../../../../../../../../../../../../../../../../../.]
[rondeau:3940518] MCW rank 18 bound to socket 0[core 18[hwt 0-1]]: [../../../../../../../../../../../../../../../../../../BB/../../../../../../../../../../../../../../../../../../../../../../../../../../../../../../../../../../../../../../../../../../../../..][../../../../../../../../../../../../../../../../../../../../../../../../../../../../../../../../../../../../../../../../../../../../../../../../../../../../../../../../../../../../../../../.]
[rondeau:3940518] MCW rank 19 bound to socket 0[core 19[hwt 0-1]]: [../../../../../../../../../../../../../../../../../../../BB/../../../../../../../../../../../../../../../../../../../../../../../../../../../../../../../../../../../../../../../../../../../..][../../../../../../../../../../../../../../../../../../../../../../../../../../../../../../../../../../../../../../../../../../../../../../../../../../../../../../../../../../../../../../../.]
[rondeau:3940518] MCW rank 16 bound to socket 0[core 16[hwt 0-1]]: [../../../../../../../../../../../../../../../../BB/../../../../../../../../../../../../../../../../../../../../../../../../../../../../../../../../../../../../../../../../../../../../../../..][../../../../../../../../../../../../../../../../../../../../../../../../../../../../../../../../../../../../../../../../../../../../../../../../../../../../../../../../../../../../../../../.]
[rondeau:3940518] MCW rank 17 bound to socket 0[core 17[hwt 0-1]]: [../../../../../../../../../../../../../../../../../BB/../../../../../../../../../../../../../../../../../../../../../../../../../../../../../../../../../../../../../../../../../../../../../..][../../../../../../../../../../../../../../../../../../../../../../../../../../../../../../../../../../../../../../../../../../../../../../../../../../../../../../../../../../../../../../../.]
[rondeau:3940518] MCW rank 22 bound to socket 0[core 22[hwt 0-1]]: [../../../../../../../../../../../../../../../../../../../../../../BB/../../../../../../../../../../../../../../../../../../../../../../../../../../../../../../../../../../../../../../../../..][../../../../../../../../../../../../../../../../../../../../../../../../../../../../../../../../../../../../../../../../../../../../../../../../../../../../../../../../../../../../../../../.]
[rondeau:3940518] MCW rank 23 bound to socket 0[core 23[hwt 0-1]]: [../../../../../../../../../../../../../../../../../../../../../../../BB/../../../../../../../../../../../../../../../../../../../../../../../../../../../../../../../../../../../../../../../..][../../../../../../../../../../../../../../../../../../../../../../../../../../../../../../../../../../../../../../../../../../../../../../../../../../../../../../../../../../../../../../../.]
[rondeau:3940518] MCW rank 20 bound to socket 0[core 20[hwt 0-1]]: [../../../../../../../../../../../../../../../../../../../../BB/../../../../../../../../../../../../../../../../../../../../../../../../../../../../../../../../../../../../../../../../../../..][../../../../../../../../../../../../../../../../../../../../../../../../../../../../../../../../../../../../../../../../../../../../../../../../../../../../../../../../../../../../../../../.]
[rondeau:3940518] MCW rank 21 bound to socket 0[core 21[hwt 0-1]]: [../../../../../../../../../../../../../../../../../../../../../BB/../../../../../../../../../../../../../../../../../../../../../../../../../../../../../../../../../../../../../../../../../..][../../../../../../../../../../../../../../../../../../../../../../../../../../../../../../../../../../../../../../../../../../../../../../../../../../../../../../../../../../../../../../../.]
[rondeau:3940518] MCW rank 26 bound to socket 0[core 26[hwt 0-1]]: [../../../../../../../../../../../../../../../../../../../../../../../../../../BB/../../../../../../../../../../../../../../../../../../../../../../../../../../../../../../../../../../../../..][../../../../../../../../../../../../../../../../../../../../../../../../../../../../../../../../../../../../../../../../../../../../../../../../../../../../../../../../../../../../../../../.]
[rondeau:3940518] MCW rank 27 bound to socket 0[core 27[hwt 0-1]]: [../../../../../../../../../../../../../../../../../../../../../../../../../../../BB/../../../../../../../../../../../../../../../../../../../../../../../../../../../../../../../../../../../..][../../../../../../../../../../../../../../../../../../../../../../../../../../../../../../../../../../../../../../../../../../../../../../../../../../../../../../../../../../../../../../../.]
[rondeau:3940518] MCW rank 24 bound to socket 0[core 24[hwt 0-1]]: [../../../../../../../../../../../../../../../../../../../../../../../../BB/../../../../../../../../../../../../../../../../../../../../../../../../../../../../../../../../../../../../../../..][../../../../../../../../../../../../../../../../../../../../../../../../../../../../../../../../../../../../../../../../../../../../../../../../../../../../../../../../../../../../../../../.]
[rondeau:3940518] MCW rank 25 bound to socket 0[core 25[hwt 0-1]]: [../../../../../../../../../../../../../../../../../../../../../../../../../BB/../../../../../../../../../../../../../../../../../../../../../../../../../../../../../../../../../../../../../..][../../../../../../../../../../../../../../../../../../../../../../../../../../../../../../../../../../../../../../../../../../../../../../../../../../../../../../../../../../../../../../../.]
[rondeau:3940518] MCW rank 30 bound to socket 0[core 30[hwt 0-1]]: [../../../../../../../../../../../../../../../../../../../../../../../../../../../../../../BB/../../../../../../../../../../../../../../../../../../../../../../../../../../../../../../../../..][../../../../../../../../../../../../../../../../../../../../../../../../../../../../../../../../../../../../../../../../../../../../../../../../../../../../../../../../../../../../../../../.]
[rondeau:3940518] MCW rank 31 bound to socket 0[core 31[hwt 0-1]]: [../../../../../../../../../../../../../../../../../../../../../../../../../../../../../../../BB/../../../../../../../../../../../../../../../../../../../../../../../../../../../../../../../..][../../../../../../../../../../../../../../../../../../../../../../../../../../../../../../../../../../../../../../../../../../../../../../../../../../../../../../../../../../../../../../../.]
[rondeau:3940518] MCW rank 28 bound to socket 0[core 28[hwt 0-1]]: [../../../../../../../../../../../../../../../../../../../../../../../../../../../../BB/../../../../../../../../../../../../../../../../../../../../../../../../../../../../../../../../../../..][../../../../../../../../../../../../../../../../../../../../../../../../../../../../../../../../../../../../../../../../../../../../../../../../../../../../../../../../../../../../../../../.]
[rondeau:3940518] MCW rank 29 bound to socket 0[core 29[hwt 0-1]]: [../../../../../../../../../../../../../../../../../../../../../../../../../../../../../BB/../../../../../../../../../../../../../../../../../../../../../../../../../../../../../../../../../..][../../../../../../../../../../../../../../../../../../../../../../../../../../../../../../../../../../../../../../../../../../../../../../../../../../../../../../../../../../../../../../../.]
[ Info: MPI has not been initialized, so we are calling MPI.Init().
[ Info: MPI has not been initialized, so we are calling MPI.Init().
[ Info: MPI has not been initialized, so we are calling MPI.Init().
[ Info: MPI has not been initialized, so we are calling MPI.Init().
[ Info: MPI has not been initialized, so we are calling MPI.Init().
[ Info: MPI has not been initialized, so we are calling MPI.Init().
[ Info: MPI has not been initialized, so we are calling MPI.Init().
[ Info: MPI has not been initialized, so we are calling MPI.Init().
[ Info: MPI has not been initialized, so we are calling MPI.Init().
[ Info: MPI has not been initialized, so we are calling MPI.Init().
[ Info: MPI has not been initialized, so we are calling MPI.Init().
[ Info: MPI has not been initialized, so we are calling MPI.Init().
[ Info: MPI has not been initialized, so we are calling MPI.Init().
[ Info: MPI has not been initialized, so we are calling MPI.Init().
[ Info: MPI has not been initialized, so we are calling MPI.Init().
[ Info: MPI has not been initialized, so we are calling MPI.Init().
[ Info: MPI has not been initialized, so we are calling MPI.Init().
[ Info: MPI has not been initialized, so we are calling MPI.Init().
[ Info: MPI has not been initialized, so we are calling MPI.Init().
[ Info: MPI has not been initialized, so we are calling MPI.Init().
[ Info: MPI has not been initialized, so we are calling MPI.Init().
[ Info: MPI has not been initialized, so we are calling MPI.Init().
[ Info: MPI has not been initialized, so we are calling MPI.Init().
[ Info: MPI has not been initialized, so we are calling MPI.Init().
[ Info: MPI has not been initialized, so we are calling MPI.Init().
[ Info: MPI has not been initialized, so we are calling MPI.Init().
[ Info: MPI has not been initialized, so we are calling MPI.Init().
[ Info: MPI has not been initialized, so we are calling MPI.Init().
[ Info: MPI has not been initialized, so we are calling MPI.Init().
[ Info: MPI has not been initialized, so we are calling MPI.Init().
[ Info: MPI has not been initialized, so we are calling MPI.Init().
[ Info: MPI has not been initialized, so we are calling MPI.Init().
[ Info: Distributed run: 32 ranks (x=8, y=4, z=1)
===============================================================================================
Oceananigans Benchmark Suite
===============================================================================================
Date: 2026-09-27T20:05:35.453
Mode: benchmark
Case: earth_ocean
Grid types: SubString{String}["tripolar"]
Architecture: Distributed{CPU} on 8×4×1 across 32 = 8×4×1 ranks:
├── local_rank: 0 of 0-31
├── local_index: [1, 1, 1]
└── connectivity: east=4 west=28 north=1 south=3 southwest=31 southeast=7 northwest=29 northeast=5
Distributed: true
Partition: (8, 4, 1) (32 ranks)
Sizes: [(720, 360, 50)]
Float types: DataType[Float64]
Momentum advection: SubString{String}["WENOVectorInvariantDefault"]
Tracer advection: SubString{String}["WENO7"]
Closures: SubString{String}["CATKE"]
Tracers: (:T, :S)
Timestepper: SplitRungeKutta3
Time steps: 10 × 5 windows (warmup: 2)
Δt: 60.0 s
===============================================================================================


----------------------------------------------------------------------
Running: EarthOcean_tripolar_720x360x50_F64_WENOVectorInvariantDefault_WENO7_CATKE_2tr
----------------------------------------------------------------------
┌ Warning: Resizing the bottom height to match the grid's halos
└ @ Oceananigans.DistributedComputations ~/Oceananigans.jl/src/DistributedComputations/distributed_immersed_boundaries.jl:117
┌ Warning: Resizing the bottom height to match the grid's halos
└ @ Oceananigans.DistributedComputations ~/Oceananigans.jl/src/DistributedComputations/distributed_immersed_boundaries.jl:117
┌ Warning: Resizing the bottom height to match the grid's halos
└ @ Oceananigans.DistributedComputations ~/Oceananigans.jl/src/DistributedComputations/distributed_immersed_boundaries.jl:117
┌ Warning: Resizing the bottom height to match the grid's halos
└ @ Oceananigans.DistributedComputations ~/Oceananigans.jl/src/DistributedComputations/distributed_immersed_boundaries.jl:117
┌ Warning: Resizing the bottom height to match the grid's halos
└ @ Oceananigans.DistributedComputations ~/Oceananigans.jl/src/DistributedComputations/distributed_immersed_boundaries.jl:117
┌ Warning: Resizing the bottom height to match the grid's halos
└ @ Oceananigans.DistributedComputations ~/Oceananigans.jl/src/DistributedComputations/distributed_immersed_boundaries.jl:117
┌ Warning: Resizing the bottom height to match the grid's halos
└ @ Oceananigans.DistributedComputations ~/Oceananigans.jl/src/DistributedComputations/distributed_immersed_boundaries.jl:117
┌ Warning: Resizing the bottom height to match the grid's halos
└ @ Oceananigans.DistributedComputations ~/Oceananigans.jl/src/DistributedComputations/distributed_immersed_boundaries.jl:117
┌ Warning: Resizing the bottom height to match the grid's halos
└ @ Oceananigans.DistributedComputations ~/Oceananigans.jl/src/DistributedComputations/distributed_immersed_boundaries.jl:117
┌ Warning: Resizing the bottom height to match the grid's halos
└ @ Oceananigans.DistributedComputations ~/Oceananigans.jl/src/DistributedComputations/distributed_immersed_boundaries.jl:117
┌ Warning: Resizing the bottom height to match the grid's halos
└ @ Oceananigans.DistributedComputations ~/Oceananigans.jl/src/DistributedComputations/distributed_immersed_boundaries.jl:117
┌ Warning: Resizing the bottom height to match the grid's halos
└ @ Oceananigans.DistributedComputations ~/Oceananigans.jl/src/DistributedComputations/distributed_immersed_boundaries.jl:117
┌ Warning: Resizing the bottom height to match the grid's halos
└ @ Oceananigans.DistributedComputations ~/Oceananigans.jl/src/DistributedComputations/distributed_immersed_boundaries.jl:117
┌ Warning: Resizing the bottom height to match the grid's halos
└ @ Oceananigans.DistributedComputations ~/Oceananigans.jl/src/DistributedComputations/distributed_immersed_boundaries.jl:117
┌ Warning: Resizing the bottom height to match the grid's halos
└ @ Oceananigans.DistributedComputations ~/Oceananigans.jl/src/DistributedComputations/distributed_immersed_boundaries.jl:117
┌ Warning: Resizing the bottom height to match the grid's halos
└ @ Oceananigans.DistributedComputations ~/Oceananigans.jl/src/DistributedComputations/distributed_immersed_boundaries.jl:117
┌ Warning: Resizing the bottom height to match the grid's halos
└ @ Oceananigans.DistributedComputations ~/Oceananigans.jl/src/DistributedComputations/distributed_immersed_boundaries.jl:117
┌ Warning: Resizing the bottom height to match the grid's halos
└ @ Oceananigans.DistributedComputations ~/Oceananigans.jl/src/DistributedComputations/distributed_immersed_boundaries.jl:117
┌ Warning: Resizing the bottom height to match the grid's halos
└ @ Oceananigans.DistributedComputations ~/Oceananigans.jl/src/DistributedComputations/distributed_immersed_boundaries.jl:117
┌ Warning: Resizing the bottom height to match the grid's halos
└ @ Oceananigans.DistributedComputations ~/Oceananigans.jl/src/DistributedComputations/distributed_immersed_boundaries.jl:117
┌ Warning: Resizing the bottom height to match the grid's halos
└ @ Oceananigans.DistributedComputations ~/Oceananigans.jl/src/DistributedComputations/distributed_immersed_boundaries.jl:117
┌ Warning: Resizing the bottom height to match the grid's halos
└ @ Oceananigans.DistributedComputations ~/Oceananigans.jl/src/DistributedComputations/distributed_immersed_boundaries.jl:117
┌ Warning: Resizing the bottom height to match the grid's halos
└ @ Oceananigans.DistributedComputations ~/Oceananigans.jl/src/DistributedComputations/distributed_immersed_boundaries.jl:117
┌ Warning: Resizing the bottom height to match the grid's halos
└ @ Oceananigans.DistributedComputations ~/Oceananigans.jl/src/DistributedComputations/distributed_immersed_boundaries.jl:117
┌ Warning: Resizing the bottom height to match the grid's halos
└ @ Oceananigans.DistributedComputations ~/Oceananigans.jl/src/DistributedComputations/distributed_immersed_boundaries.jl:117
┌ Warning: Resizing the bottom height to match the grid's halos
└ @ Oceananigans.DistributedComputations ~/Oceananigans.jl/src/DistributedComputations/distributed_immersed_boundaries.jl:117
┌ Warning: Resizing the bottom height to match the grid's halos
└ @ Oceananigans.DistributedComputations ~/Oceananigans.jl/src/DistributedComputations/distributed_immersed_boundaries.jl:117
┌ Warning: Resizing the bottom height to match the grid's halos
└ @ Oceananigans.DistributedComputations ~/Oceananigans.jl/src/DistributedComputations/distributed_immersed_boundaries.jl:117
┌ Warning: Resizing the bottom height to match the grid's halos
└ @ Oceananigans.DistributedComputations ~/Oceananigans.jl/src/DistributedComputations/distributed_immersed_boundaries.jl:117
┌ Warning: Resizing the bottom height to match the grid's halos
└ @ Oceananigans.DistributedComputations ~/Oceananigans.jl/src/DistributedComputations/distributed_immersed_boundaries.jl:117
┌ Warning: Resizing the bottom height to match the grid's halos
└ @ Oceananigans.DistributedComputations ~/Oceananigans.jl/src/DistributedComputations/distributed_immersed_boundaries.jl:117
┌ Warning: Resizing the bottom height to match the grid's halos
└ @ Oceananigans.DistributedComputations ~/Oceananigans.jl/src/DistributedComputations/distributed_immersed_boundaries.jl:117
[ Info: Benchmark: EarthOcean_tripolar_720x360x50_F64_WENOVectorInvariantDefault_WENO7_CATKE_2tr
┌ Info:   Architecture: Distributed{CPU} on 8×4×1 across 32 = 8×4×1 ranks:
│ ├── local_rank: 0 of 0-31
│ ├── local_index: [1, 1, 1]
└ └── connectivity: east=4 west=28 north=1 south=3 southwest=31 southeast=7 northwest=29 northeast=5
[ Info:   Float type: Float64
[ Info:   Grid size: 90 × 90 × 50 (405000 points)
[ Info:   Time step: 60.0 s
[ Info:   Warmup steps: 2
[ Info:   Benchmark steps: 10 × 5 windows
[ Info:   Running warmup...
[ Info:   Running benchmark...
[ Info:   Results:
[ Info:     Total time: 295.142 s
[ Info:     Time per step: 5.834523 s (min of 5 windows; median 5.917184 s, max 5.923537 s)
[ Info:     Grid points/s: 6.94e+04

=======================================================================================================================================
BENCHMARK SUMMARY
=======================================================================================================================================

Benchmark                                                  Float         Grid Time/unit (ms)    Units/s        Points/s       Size           Chunks
---------------------------------------------------------------------------------------------------------------------------------------
EarthOcean_tripolar_720x360x50_F64_WENOVectorInvariantDefault_WENO7_CATKE_2tr  Float64     90×90×50      5834.5228       0.17        6.94e+04          —                —
=======================================================================================================================================
Results saved to: /local_scratch/ajtse/rondeau-extensions/2026-09-27T200418Z_cpu_scaling_3939819/cpu_scaling/32_cores/results.json
Markdown report saved to: /local_scratch/ajtse/rondeau-extensions/2026-09-27T200418Z_cpu_scaling_3939819/cpu_scaling/32_cores/results.md
Benchmarks completed at 2026-09-27T20:27:32.469Z
mpiexec -n 64 --map-by core --bind-to core --report-bindings julia --threads=1 --project=benchmarking /u/ajtse/Oceananigans.jl/benchmarking/results/rondeau/check_rondeau_mpi.jl CPU 64 
[rondeau:3948646] MCW rank 0 bound to socket 0[core 0[hwt 0-1]]: [BB/../../../../../../../../../../../../../../../../../../../../../../../../../../../../../../../../../../../../../../../../../../../../../../../../../../../../../../../../../../../../../../..][../../../../../../../../../../../../../../../../../../../../../../../../../../../../../../../../../../../../../../../../../../../../../../../../../../../../../../../../../../../../../../../.]
[rondeau:3948646] MCW rank 1 bound to socket 0[core 1[hwt 0-1]]: [../BB/../../../../../../../../../../../../../../../../../../../../../../../../../../../../../../../../../../../../../../../../../../../../../../../../../../../../../../../../../../../../../..][../../../../../../../../../../../../../../../../../../../../../../../../../../../../../../../../../../../../../../../../../../../../../../../../../../../../../../../../../../../../../../../.]
[rondeau:3948646] MCW rank 2 bound to socket 0[core 2[hwt 0-1]]: [../../BB/../../../../../../../../../../../../../../../../../../../../../../../../../../../../../../../../../../../../../../../../../../../../../../../../../../../../../../../../../../../../..][../../../../../../../../../../../../../../../../../../../../../../../../../../../../../../../../../../../../../../../../../../../../../../../../../../../../../../../../../../../../../../../.]
[rondeau:3948646] MCW rank 3 bound to socket 0[core 3[hwt 0-1]]: [../../../BB/../../../../../../../../../../../../../../../../../../../../../../../../../../../../../../../../../../../../../../../../../../../../../../../../../../../../../../../../../../../..][../../../../../../../../../../../../../../../../../../../../../../../../../../../../../../../../../../../../../../../../../../../../../../../../../../../../../../../../../../../../../../../.]
[rondeau:3948646] MCW rank 4 bound to socket 0[core 4[hwt 0-1]]: [../../../../BB/../../../../../../../../../../../../../../../../../../../../../../../../../../../../../../../../../../../../../../../../../../../../../../../../../../../../../../../../../../..][../../../../../../../../../../../../../../../../../../../../../../../../../../../../../../../../../../../../../../../../../../../../../../../../../../../../../../../../../../../../../../../.]
[rondeau:3948646] MCW rank 5 bound to socket 0[core 5[hwt 0-1]]: [../../../../../BB/../../../../../../../../../../../../../../../../../../../../../../../../../../../../../../../../../../../../../../../../../../../../../../../../../../../../../../../../../..][../../../../../../../../../../../../../../../../../../../../../../../../../../../../../../../../../../../../../../../../../../../../../../../../../../../../../../../../../../../../../../../.]
[rondeau:3948646] MCW rank 6 bound to socket 0[core 6[hwt 0-1]]: [../../../../../../BB/../../../../../../../../../../../../../../../../../../../../../../../../../../../../../../../../../../../../../../../../../../../../../../../../../../../../../../../../..][../../../../../../../../../../../../../../../../../../../../../../../../../../../../../../../../../../../../../../../../../../../../../../../../../../../../../../../../../../../../../../../.]
[rondeau:3948646] MCW rank 7 bound to socket 0[core 7[hwt 0-1]]: [../../../../../../../BB/../../../../../../../../../../../../../../../../../../../../../../../../../../../../../../../../../../../../../../../../../../../../../../../../../../../../../../../..][../../../../../../../../../../../../../../../../../../../../../../../../../../../../../../../../../../../../../../../../../../../../../../../../../../../../../../../../../../../../../../../.]
[rondeau:3948646] MCW rank 8 bound to socket 0[core 8[hwt 0-1]]: [../../../../../../../../BB/../../../../../../../../../../../../../../../../../../../../../../../../../../../../../../../../../../../../../../../../../../../../../../../../../../../../../../..][../../../../../../../../../../../../../../../../../../../../../../../../../../../../../../../../../../../../../../../../../../../../../../../../../../../../../../../../../../../../../../../.]
[rondeau:3948646] MCW rank 9 bound to socket 0[core 9[hwt 0-1]]: [../../../../../../../../../BB/../../../../../../../../../../../../../../../../../../../../../../../../../../../../../../../../../../../../../../../../../../../../../../../../../../../../../..][../../../../../../../../../../../../../../../../../../../../../../../../../../../../../../../../../../../../../../../../../../../../../../../../../../../../../../../../../../../../../../../.]
[rondeau:3948646] MCW rank 10 bound to socket 0[core 10[hwt 0-1]]: [../../../../../../../../../../BB/../../../../../../../../../../../../../../../../../../../../../../../../../../../../../../../../../../../../../../../../../../../../../../../../../../../../..][../../../../../../../../../../../../../../../../../../../../../../../../../../../../../../../../../../../../../../../../../../../../../../../../../../../../../../../../../../../../../../../.]
[rondeau:3948646] MCW rank 11 bound to socket 0[core 11[hwt 0-1]]: [../../../../../../../../../../../BB/../../../../../../../../../../../../../../../../../../../../../../../../../../../../../../../../../../../../../../../../../../../../../../../../../../../..][../../../../../../../../../../../../../../../../../../../../../../../../../../../../../../../../../../../../../../../../../../../../../../../../../../../../../../../../../../../../../../../.]
[rondeau:3948646] MCW rank 12 bound to socket 0[core 12[hwt 0-1]]: [../../../../../../../../../../../../BB/../../../../../../../../../../../../../../../../../../../../../../../../../../../../../../../../../../../../../../../../../../../../../../../../../../..][../../../../../../../../../../../../../../../../../../../../../../../../../../../../../../../../../../../../../../../../../../../../../../../../../../../../../../../../../../../../../../../.]
[rondeau:3948646] MCW rank 13 bound to socket 0[core 13[hwt 0-1]]: [../../../../../../../../../../../../../BB/../../../../../../../../../../../../../../../../../../../../../../../../../../../../../../../../../../../../../../../../../../../../../../../../../..][../../../../../../../../../../../../../../../../../../../../../../../../../../../../../../../../../../../../../../../../../../../../../../../../../../../../../../../../../../../../../../../.]
[rondeau:3948646] MCW rank 14 bound to socket 0[core 14[hwt 0-1]]: [../../../../../../../../../../../../../../BB/../../../../../../../../../../../../../../../../../../../../../../../../../../../../../../../../../../../../../../../../../../../../../../../../..][../../../../../../../../../../../../../../../../../../../../../../../../../../../../../../../../../../../../../../../../../../../../../../../../../../../../../../../../../../../../../../../.]
[rondeau:3948646] MCW rank 16 bound to socket 0[core 16[hwt 0-1]]: [../../../../../../../../../../../../../../../../BB/../../../../../../../../../../../../../../../../../../../../../../../../../../../../../../../../../../../../../../../../../../../../../../..][../../../../../../../../../../../../../../../../../../../../../../../../../../../../../../../../../../../../../../../../../../../../../../../../../../../../../../../../../../../../../../../.]
[rondeau:3948646] MCW rank 17 bound to socket 0[core 17[hwt 0-1]]: [../../../../../../../../../../../../../../../../../BB/../../../../../../../../../../../../../../../../../../../../../../../../../../../../../../../../../../../../../../../../../../../../../..][../../../../../../../../../../../../../../../../../../../../../../../../../../../../../../../../../../../../../../../../../../../../../../../../../../../../../../../../../../../../../../../.]
[rondeau:3948646] MCW rank 18 bound to socket 0[core 18[hwt 0-1]]: [../../../../../../../../../../../../../../../../../../BB/../../../../../../../../../../../../../../../../../../../../../../../../../../../../../../../../../../../../../../../../../../../../..][../../../../../../../../../../../../../../../../../../../../../../../../../../../../../../../../../../../../../../../../../../../../../../../../../../../../../../../../../../../../../../../.]
[rondeau:3948646] MCW rank 15 bound to socket 0[core 15[hwt 0-1]]: [../../../../../../../../../../../../../../../BB/../../../../../../../../../../../../../../../../../../../../../../../../../../../../../../../../../../../../../../../../../../../../../../../..][../../../../../../../../../../../../../../../../../../../../../../../../../../../../../../../../../../../../../../../../../../../../../../../../../../../../../../../../../../../../../../../.]
[rondeau:3948646] MCW rank 20 bound to socket 0[core 20[hwt 0-1]]: [../../../../../../../../../../../../../../../../../../../../BB/../../../../../../../../../../../../../../../../../../../../../../../../../../../../../../../../../../../../../../../../../../..][../../../../../../../../../../../../../../../../../../../../../../../../../../../../../../../../../../../../../../../../../../../../../../../../../../../../../../../../../../../../../../../.]
[rondeau:3948646] MCW rank 21 bound to socket 0[core 21[hwt 0-1]]: [../../../../../../../../../../../../../../../../../../../../../BB/../../../../../../../../../../../../../../../../../../../../../../../../../../../../../../../../../../../../../../../../../..][../../../../../../../../../../../../../../../../../../../../../../../../../../../../../../../../../../../../../../../../../../../../../../../../../../../../../../../../../../../../../../../.]
[rondeau:3948646] MCW rank 22 bound to socket 0[core 22[hwt 0-1]]: [../../../../../../../../../../../../../../../../../../../../../../BB/../../../../../../../../../../../../../../../../../../../../../../../../../../../../../../../../../../../../../../../../..][../../../../../../../../../../../../../../../../../../../../../../../../../../../../../../../../../../../../../../../../../../../../../../../../../../../../../../../../../../../../../../../.]
[rondeau:3948646] MCW rank 24 bound to socket 0[core 24[hwt 0-1]]: [../../../../../../../../../../../../../../../../../../../../../../../../BB/../../../../../../../../../../../../../../../../../../../../../../../../../../../../../../../../../../../../../../..][../../../../../../../../../../../../../../../../../../../../../../../../../../../../../../../../../../../../../../../../../../../../../../../../../../../../../../../../../../../../../../../.]
[rondeau:3948646] MCW rank 19 bound to socket 0[core 19[hwt 0-1]]: [../../../../../../../../../../../../../../../../../../../BB/../../../../../../../../../../../../../../../../../../../../../../../../../../../../../../../../../../../../../../../../../../../..][../../../../../../../../../../../../../../../../../../../../../../../../../../../../../../../../../../../../../../../../../../../../../../../../../../../../../../../../../../../../../../../.]
[rondeau:3948646] MCW rank 25 bound to socket 0[core 25[hwt 0-1]]: [../../../../../../../../../../../../../../../../../../../../../../../../../BB/../../../../../../../../../../../../../../../../../../../../../../../../../../../../../../../../../../../../../..][../../../../../../../../../../../../../../../../../../../../../../../../../../../../../../../../../../../../../../../../../../../../../../../../../../../../../../../../../../../../../../../.]
[rondeau:3948646] MCW rank 26 bound to socket 0[core 26[hwt 0-1]]: [../../../../../../../../../../../../../../../../../../../../../../../../../../BB/../../../../../../../../../../../../../../../../../../../../../../../../../../../../../../../../../../../../..][../../../../../../../../../../../../../../../../../../../../../../../../../../../../../../../../../../../../../../../../../../../../../../../../../../../../../../../../../../../../../../../.]
[rondeau:3948646] MCW rank 28 bound to socket 0[core 28[hwt 0-1]]: [../../../../../../../../../../../../../../../../../../../../../../../../../../../../BB/../../../../../../../../../../../../../../../../../../../../../../../../../../../../../../../../../../..][../../../../../../../../../../../../../../../../../../../../../../../../../../../../../../../../../../../../../../../../../../../../../../../../../../../../../../../../../../../../../../../.]
[rondeau:3948646] MCW rank 23 bound to socket 0[core 23[hwt 0-1]]: [../../../../../../../../../../../../../../../../../../../../../../../BB/../../../../../../../../../../../../../../../../../../../../../../../../../../../../../../../../../../../../../../../..][../../../../../../../../../../../../../../../../../../../../../../../../../../../../../../../../../../../../../../../../../../../../../../../../../../../../../../../../../../../../../../../.]
[rondeau:3948646] MCW rank 29 bound to socket 0[core 29[hwt 0-1]]: [../../../../../../../../../../../../../../../../../../../../../../../../../../../../../BB/../../../../../../../../../../../../../../../../../../../../../../../../../../../../../../../../../..][../../../../../../../../../../../../../../../../../../../../../../../../../../../../../../../../../../../../../../../../../../../../../../../../../../../../../../../../../../../../../../../.]
[rondeau:3948646] MCW rank 30 bound to socket 0[core 30[hwt 0-1]]: [../../../../../../../../../../../../../../../../../../../../../../../../../../../../../../BB/../../../../../../../../../../../../../../../../../../../../../../../../../../../../../../../../..][../../../../../../../../../../../../../../../../../../../../../../../../../../../../../../../../../../../../../../../../../../../../../../../../../../../../../../../../../../../../../../../.]
[rondeau:3948646] MCW rank 32 bound to socket 0[core 32[hwt 0-1]]: [../../../../../../../../../../../../../../../../../../../../../../../../../../../../../../../../BB/../../../../../../../../../../../../../../../../../../../../../../../../../../../../../../..][../../../../../../../../../../../../../../../../../../../../../../../../../../../../../../../../../../../../../../../../../../../../../../../../../../../../../../../../../../../../../../../.]
[rondeau:3948646] MCW rank 27 bound to socket 0[core 27[hwt 0-1]]: [../../../../../../../../../../../../../../../../../../../../../../../../../../../BB/../../../../../../../../../../../../../../../../../../../../../../../../../../../../../../../../../../../..][../../../../../../../../../../../../../../../../../../../../../../../../../../../../../../../../../../../../../../../../../../../../../../../../../../../../../../../../../../../../../../../.]
[rondeau:3948646] MCW rank 33 bound to socket 0[core 33[hwt 0-1]]: [../../../../../../../../../../../../../../../../../../../../../../../../../../../../../../../../../BB/../../../../../../../../../../../../../../../../../../../../../../../../../../../../../..][../../../../../../../../../../../../../../../../../../../../../../../../../../../../../../../../../../../../../../../../../../../../../../../../../../../../../../../../../../../../../../../.]
[rondeau:3948646] MCW rank 34 bound to socket 0[core 34[hwt 0-1]]: [../../../../../../../../../../../../../../../../../../../../../../../../../../../../../../../../../../BB/../../../../../../../../../../../../../../../../../../../../../../../../../../../../..][../../../../../../../../../../../../../../../../../../../../../../../../../../../../../../../../../../../../../../../../../../../../../../../../../../../../../../../../../../../../../../../.]
[rondeau:3948646] MCW rank 36 bound to socket 0[core 36[hwt 0-1]]: [../../../../../../../../../../../../../../../../../../../../../../../../../../../../../../../../../../../../BB/../../../../../../../../../../../../../../../../../../../../../../../../../../..][../../../../../../../../../../../../../../../../../../../../../../../../../../../../../../../../../../../../../../../../../../../../../../../../../../../../../../../../../../../../../../../.]
[rondeau:3948646] MCW rank 37 bound to socket 0[core 37[hwt 0-1]]: [../../../../../../../../../../../../../../../../../../../../../../../../../../../../../../../../../../../../../BB/../../../../../../../../../../../../../../../../../../../../../../../../../..][../../../../../../../../../../../../../../../../../../../../../../../../../../../../../../../../../../../../../../../../../../../../../../../../../../../../../../../../../../../../../../../.]
[rondeau:3948646] MCW rank 31 bound to socket 0[core 31[hwt 0-1]]: [../../../../../../../../../../../../../../../../../../../../../../../../../../../../../../../BB/../../../../../../../../../../../../../../../../../../../../../../../../../../../../../../../..][../../../../../../../../../../../../../../../../../../../../../../../../../../../../../../../../../../../../../../../../../../../../../../../../../../../../../../../../../../../../../../../.]
[rondeau:3948646] MCW rank 40 bound to socket 0[core 40[hwt 0-1]]: [../../../../../../../../../../../../../../../../../../../../../../../../../../../../../../../../../../../../../../../../BB/../../../../../../../../../../../../../../../../../../../../../../..][../../../../../../../../../../../../../../../../../../../../../../../../../../../../../../../../../../../../../../../../../../../../../../../../../../../../../../../../../../../../../../../.]
[rondeau:3948646] MCW rank 41 bound to socket 0[core 41[hwt 0-1]]: [../../../../../../../../../../../../../../../../../../../../../../../../../../../../../../../../../../../../../../../../../BB/../../../../../../../../../../../../../../../../../../../../../..][../../../../../../../../../../../../../../../../../../../../../../../../../../../../../../../../../../../../../../../../../../../../../../../../../../../../../../../../../../../../../../../.]
[rondeau:3948646] MCW rank 38 bound to socket 0[core 38[hwt 0-1]]: [../../../../../../../../../../../../../../../../../../../../../../../../../../../../../../../../../../../../../../BB/../../../../../../../../../../../../../../../../../../../../../../../../..][../../../../../../../../../../../../../../../../../../../../../../../../../../../../../../../../../../../../../../../../../../../../../../../../../../../../../../../../../../../../../../../.]
[rondeau:3948646] MCW rank 35 bound to socket 0[core 35[hwt 0-1]]: [../../../../../../../../../../../../../../../../../../../../../../../../../../../../../../../../../../../BB/../../../../../../../../../../../../../../../../../../../../../../../../../../../..][../../../../../../../../../../../../../../../../../../../../../../../../../../../../../../../../../../../../../../../../../../../../../../../../../../../../../../../../../../../../../../../.]
[rondeau:3948646] MCW rank 42 bound to socket 0[core 42[hwt 0-1]]: [../../../../../../../../../../../../../../../../../../../../../../../../../../../../../../../../../../../../../../../../../../BB/../../../../../../../../../../../../../../../../../../../../..][../../../../../../../../../../../../../../../../../../../../../../../../../../../../../../../../../../../../../../../../../../../../../../../../../../../../../../../../../../../../../../../.]
[rondeau:3948646] MCW rank 44 bound to socket 0[core 44[hwt 0-1]]: [../../../../../../../../../../../../../../../../../../../../../../../../../../../../../../../../../../../../../../../../../../../../BB/../../../../../../../../../../../../../../../../../../..][../../../../../../../../../../../../../../../../../../../../../../../../../../../../../../../../../../../../../../../../../../../../../../../../../../../../../../../../../../../../../../../.]
[rondeau:3948646] MCW rank 45 bound to socket 0[core 45[hwt 0-1]]: [../../../../../../../../../../../../../../../../../../../../../../../../../../../../../../../../../../../../../../../../../../../../../BB/../../../../../../../../../../../../../../../../../..][../../../../../../../../../../../../../../../../../../../../../../../../../../../../../../../../../../../../../../../../../../../../../../../../../../../../../../../../../../../../../../../.]
[rondeau:3948646] MCW rank 48 bound to socket 0[core 48[hwt 0-1]]: [../../../../../../../../../../../../../../../../../../../../../../../../../../../../../../../../../../../../../../../../../../../../../../../../BB/../../../../../../../../../../../../../../..][../../../../../../../../../../../../../../../../../../../../../../../../../../../../../../../../../../../../../../../../../../../../../../../../../../../../../../../../../../../../../../../.]
[rondeau:3948646] MCW rank 46 bound to socket 0[core 46[hwt 0-1]]: [../../../../../../../../../../../../../../../../../../../../../../../../../../../../../../../../../../../../../../../../../../../../../../BB/../../../../../../../../../../../../../../../../..][../../../../../../../../../../../../../../../../../../../../../../../../../../../../../../../../../../../../../../../../../../../../../../../../../../../../../../../../../../../../../../../.]
[rondeau:3948646] MCW rank 49 bound to socket 0[core 49[hwt 0-1]]: [../../../../../../../../../../../../../../../../../../../../../../../../../../../../../../../../../../../../../../../../../../../../../../../../../BB/../../../../../../../../../../../../../..][../../../../../../../../../../../../../../../../../../../../../../../../../../../../../../../../../../../../../../../../../../../../../../../../../../../../../../../../../../../../../../../.]
[rondeau:3948646] MCW rank 39 bound to socket 0[core 39[hwt 0-1]]: [../../../../../../../../../../../../../../../../../../../../../../../../../../../../../../../../../../../../../../../BB/../../../../../../../../../../../../../../../../../../../../../../../..][../../../../../../../../../../../../../../../../../../../../../../../../../../../../../../../../../../../../../../../../../../../../../../../../../../../../../../../../../../../../../../../.]
[rondeau:3948646] MCW rank 50 bound to socket 0[core 50[hwt 0-1]]: [../../../../../../../../../../../../../../../../../../../../../../../../../../../../../../../../../../../../../../../../../../../../../../../../../../BB/../../../../../../../../../../../../..][../../../../../../../../../../../../../../../../../../../../../../../../../../../../../../../../../../../../../../../../../../../../../../../../../../../../../../../../../../../../../../../.]
[rondeau:3948646] MCW rank 53 bound to socket 0[core 53[hwt 0-1]]: [../../../../../../../../../../../../../../../../../../../../../../../../../../../../../../../../../../../../../../../../../../../../../../../../../../../../../BB/../../../../../../../../../..][../../../../../../../../../../../../../../../../../../../../../../../../../../../../../../../../../../../../../../../../../../../../../../../../../../../../../../../../../../../../../../../.]
[rondeau:3948646] MCW rank 52 bound to socket 0[core 52[hwt 0-1]]: [../../../../../../../../../../../../../../../../../../../../../../../../../../../../../../../../../../../../../../../../../../../../../../../../../../../../BB/../../../../../../../../../../..][../../../../../../../../../../../../../../../../../../../../../../../../../../../../../../../../../../../../../../../../../../../../../../../../../../../../../../../../../../../../../../../.]
[rondeau:3948646] MCW rank 54 bound to socket 0[core 54[hwt 0-1]]: [../../../../../../../../../../../../../../../../../../../../../../../../../../../../../../../../../../../../../../../../../../../../../../../../../../../../../../BB/../../../../../../../../..][../../../../../../../../../../../../../../../../../../../../../../../../../../../../../../../../../../../../../../../../../../../../../../../../../../../../../../../../../../../../../../../.]
[rondeau:3948646] MCW rank 57 bound to socket 0[core 57[hwt 0-1]]: [../../../../../../../../../../../../../../../../../../../../../../../../../../../../../../../../../../../../../../../../../../../../../../../../../../../../../../../../../BB/../../../../../..][../../../../../../../../../../../../../../../../../../../../../../../../../../../../../../../../../../../../../../../../../../../../../../../../../../../../../../../../../../../../../../../.]
[rondeau:3948646] MCW rank 56 bound to socket 0[core 56[hwt 0-1]]: [../../../../../../../../../../../../../../../../../../../../../../../../../../../../../../../../../../../../../../../../../../../../../../../../../../../../../../../../BB/../../../../../../..][../../../../../../../../../../../../../../../../../../../../../../../../../../../../../../../../../../../../../../../../../../../../../../../../../../../../../../../../../../../../../../../.]
[rondeau:3948646] MCW rank 43 bound to socket 0[core 43[hwt 0-1]]: [../../../../../../../../../../../../../../../../../../../../../../../../../../../../../../../../../../../../../../../../../../../BB/../../../../../../../../../../../../../../../../../../../..][../../../../../../../../../../../../../../../../../../../../../../../../../../../../../../../../../../../../../../../../../../../../../../../../../../../../../../../../../../../../../../../.]
[rondeau:3948646] MCW rank 61 bound to socket 0[core 61[hwt 0-1]]: [../../../../../../../../../../../../../../../../../../../../../../../../../../../../../../../../../../../../../../../../../../../../../../../../../../../../../../../../../../../../../BB/../..][../../../../../../../../../../../../../../../../../../../../../../../../../../../../../../../../../../../../../../../../../../../../../../../../../../../../../../../../../../../../../../../.]
[rondeau:3948646] MCW rank 60 bound to socket 0[core 60[hwt 0-1]]: [../../../../../../../../../../../../../../../../../../../../../../../../../../../../../../../../../../../../../../../../../../../../../../../../../../../../../../../../../../../../BB/../../..][../../../../../../../../../../../../../../../../../../../../../../../../../../../../../../../../../../../../../../../../../../../../../../../../../../../../../../../../../../../../../../../.]
[rondeau:3948646] MCW rank 58 bound to socket 0[core 58[hwt 0-1]]: [../../../../../../../../../../../../../../../../../../../../../../../../../../../../../../../../../../../../../../../../../../../../../../../../../../../../../../../../../../BB/../../../../..][../../../../../../../../../../../../../../../../../../../../../../../../../../../../../../../../../../../../../../../../../../../../../../../../../../../../../../../../../../../../../../../.]
[rondeau:3948646] MCW rank 62 bound to socket 0[core 62[hwt 0-1]]: [../../../../../../../../../../../../../../../../../../../../../../../../../../../../../../../../../../../../../../../../../../../../../../../../../../../../../../../../../../../../../../BB/..][../../../../../../../../../../../../../../../../../../../../../../../../../../../../../../../../../../../../../../../../../../../../../../../../../../../../../../../../../../../../../../../.]
[rondeau:3948646] MCW rank 47 bound to socket 0[core 47[hwt 0-1]]: [../../../../../../../../../../../../../../../../../../../../../../../../../../../../../../../../../../../../../../../../../../../../../../../BB/../../../../../../../../../../../../../../../..][../../../../../../../../../../../../../../../../../../../../../../../../../../../../../../../../../../../../../../../../../../../../../../../../../../../../../../../../../../../../../../../.]
[rondeau:3948646] MCW rank 51 bound to socket 0[core 51[hwt 0-1]]: [../../../../../../../../../../../../../../../../../../../../../../../../../../../../../../../../../../../../../../../../../../../../../../../../../../../BB/../../../../../../../../../../../..][../../../../../../../../../../../../../../../../../../../../../../../../../../../../../../../../../../../../../../../../../../../../../../../../../../../../../../../../../../../../../../../.]
[rondeau:3948646] MCW rank 55 bound to socket 0[core 55[hwt 0-1]]: [../../../../../../../../../../../../../../../../../../../../../../../../../../../../../../../../../../../../../../../../../../../../../../../../../../../../../../../BB/../../../../../../../..][../../../../../../../../../../../../../../../../../../../../../../../../../../../../../../../../../../../../../../../../../../../../../../../../../../../../../../../../../../../../../../../.]
[rondeau:3948646] MCW rank 59 bound to socket 0[core 59[hwt 0-1]]: [../../../../../../../../../../../../../../../../../../../../../../../../../../../../../../../../../../../../../../../../../../../../../../../../../../../../../../../../../../../BB/../../../..][../../../../../../../../../../../../../../../../../../../../../../../../../../../../../../../../../../../../../../../../../../../../../../../../../../../../../../../../../../../../../../../.]
[rondeau:3948646] MCW rank 63 bound to socket 0[core 63[hwt 0-1]]: [../../../../../../../../../../../../../../../../../../../../../../../../../../../../../../../../../../../../../../../../../../../../../../../../../../../../../../../../../../../../../../../BB][../../../../../../../../../../../../../../../../../../../../../../../../../../../../../../../../../../../../../../../../../../../../../../../../../../../../../../../../../../../../../../../.]
Rank 2: CPU, Julia threads 1
Rank 16: CPU, Julia threads 1
Rank 43: CPU, Julia threads 1
Rank 38: CPU, Julia threads 1Rank 37: CPU, Julia threads 1

Rank 56: CPU, Julia threads 1Rank 63: CPU, Julia threads 1Rank 47: CPU, Julia threads 1Rank 61: CPU, Julia threads 1



Rank 48: CPU, Julia threads 1Rank 35: CPU, Julia threads 1Rank 39: CPU, Julia threads 1Rank 24: CPU, Julia threads 1


Rank 62: CPU, Julia threads 1
Rank 9: CPU, Julia threads 1
Rank 21: CPU, Julia threads 1
Rank 57: CPU, Julia threads 1
Rank 11: CPU, Julia threads 1
Rank 41: CPU, Julia threads 1
Rank 58: CPU, Julia threads 1
Rank 32: CPU, Julia threads 1
Rank 36: CPU, Julia threads 1
Rank 26: CPU, Julia threads 1
Rank 50: CPU, Julia threads 1
Rank 5: CPU, Julia threads 1
Rank 59: CPU, Julia threads 1
Rank 19: CPU, Julia threads 1
Rank 42: CPU, Julia threads 1Rank 44: CPU, Julia threads 1

Rank 34: CPU, Julia threads 1
Rank 33: CPU, Julia threads 1
Rank 51: CPU, Julia threads 1Rank 53: CPU, Julia threads 1


Rank 60: CPU, Julia threads 1
Rank 45: CPU, Julia threads 1Rank 40: CPU, Julia threads 1
Rank 46: CPU, Julia threads 1

Rank 52: CPU, Julia threads 1
Rank 55: CPU, Julia threads 1
Rank 49: CPU, Julia threads 1
Rank 54: CPU, Julia threads 1
Rank 15: CPU, Julia threads 1
Rank 29: CPU, Julia threads 1
Rank 23: CPU, Julia threads 1
Rank 22: CPU, Julia threads 1
Rank 17: CPU, Julia threads 1Rank 20: CPU, Julia threads 1

Rank 18: CPU, Julia threads 1
Rank 27: CPU, Julia threads 1
Rank 31: CPU, Julia threads 1
Rank 6: CPU, Julia threads 1Rank 4: CPU, Julia threads 1

Rank 28: CPU, Julia threads 1
Rank 30: CPU, Julia threads 1
Rank 7: CPU, Julia threads 1Rank 25: CPU, Julia threads 1

Rank 1: CPU, Julia threads 1
Rank 10: CPU, Julia threads 1
Rank 12: CPU, Julia threads 1
Rank 13: CPU, Julia threads 1
Rank 14: CPU, Julia threads 1
Rank 3: CPU, Julia threads 1
Rank 8: CPU, Julia threads 1
MPIPreferences:
  binary:  system
  abi:     OpenMPI
  libmpi:  /opt/uw/openmpi/4.1.7-with-cuda/lib/libmpi.so
  mpiexec: /opt/uw/openmpi/4.1.7-with-cuda/bin/mpiexec

Package versions
  MPI.jl:             0.20.27
  MPIPreferences.jl:  0.1.12

Library information:
  libmpi:  /opt/uw/openmpi/4.1.7-with-cuda/lib/libmpi.so
  libmpi dlpath:  /opt/uw/openmpi/4.1.7-with-cuda/lib/libmpi.so
  MPI version:  3.1.0
  Library version:  
    Open MPI v4.1.7, package: Open MPI dsteinmo@mf003507-apc.math.uwaterloo.ca Distribution, ident: 4.1.7, repo rev: v4.1.7, Oct 31, 2024 
  MPI launcher: /opt/uw/openmpi/4.1.7-with-cuda/bin/mpiexec
  MPI launcher path: /opt/uw/openmpi/4.1.7-with-cuda/bin/mpiexec
Rank 0: CPU, Julia threads 1
MPI check passed for CPU on 64 ranks.
mpiexec -n 64 --map-by core --bind-to core --report-bindings julia --threads=1 --project=benchmarking benchmarking/run_benchmarks.jl --float_type=Float64 --momentum_advection=WENOVectorInvariantDefault --tracer_advection=WENO7 --closure=CATKE --timestepper=SplitRungeKutta3 --tracers=T\,S --dt=60 --warmup_steps=2 --time_steps=10 --samples=5 --device=CPU --size=720x360x50 --grid_type=tripolar --distributed --partition=8x8x1 --output=/local_scratch/ajtse/rondeau-extensions/2026-09-27T200418Z_cpu_scaling_3939819/cpu_scaling/64_cores/results.json 
[rondeau:3949591] MCW rank 42 bound to socket 0[core 42[hwt 0-1]]: [../../../../../../../../../../../../../../../../../../../../../../../../../../../../../../../../../../../../../../../../../../BB/../../../../../../../../../../../../../../../../../../../../..][../../../../../../../../../../../../../../../../../../../../../../../../../../../../../../../../../../../../../../../../../../../../../../../../../../../../../../../../../../../../../../../.]
[rondeau:3949591] MCW rank 43 bound to socket 0[core 43[hwt 0-1]]: [../../../../../../../../../../../../../../../../../../../../../../../../../../../../../../../../../../../../../../../../../../../BB/../../../../../../../../../../../../../../../../../../../..][../../../../../../../../../../../../../../../../../../../../../../../../../../../../../../../../../../../../../../../../../../../../../../../../../../../../../../../../../../../../../../../.]
[rondeau:3949591] MCW rank 45 bound to socket 0[core 45[hwt 0-1]]: [../../../../../../../../../../../../../../../../../../../../../../../../../../../../../../../../../../../../../../../../../../../../../BB/../../../../../../../../../../../../../../../../../..][../../../../../../../../../../../../../../../../../../../../../../../../../../../../../../../../../../../../../../../../../../../../../../../../../../../../../../../../../../../../../../../.]
[rondeau:3949591] MCW rank 46 bound to socket 0[core 46[hwt 0-1]]: [../../../../../../../../../../../../../../../../../../../../../../../../../../../../../../../../../../../../../../../../../../../../../../BB/../../../../../../../../../../../../../../../../..][../../../../../../../../../../../../../../../../../../../../../../../../../../../../../../../../../../../../../../../../../../../../../../../../../../../../../../../../../../../../../../../.]
[rondeau:3949591] MCW rank 47 bound to socket 0[core 47[hwt 0-1]]: [../../../../../../../../../../../../../../../../../../../../../../../../../../../../../../../../../../../../../../../../../../../../../../../BB/../../../../../../../../../../../../../../../..][../../../../../../../../../../../../../../../../../../../../../../../../../../../../../../../../../../../../../../../../../../../../../../../../../../../../../../../../../../../../../../../.]
[rondeau:3949591] MCW rank 49 bound to socket 0[core 49[hwt 0-1]]: [../../../../../../../../../../../../../../../../../../../../../../../../../../../../../../../../../../../../../../../../../../../../../../../../../BB/../../../../../../../../../../../../../..][../../../../../../../../../../../../../../../../../../../../../../../../../../../../../../../../../../../../../../../../../../../../../../../../../../../../../../../../../../../../../../../.]
[rondeau:3949591] MCW rank 50 bound to socket 0[core 50[hwt 0-1]]: [../../../../../../../../../../../../../../../../../../../../../../../../../../../../../../../../../../../../../../../../../../../../../../../../../../BB/../../../../../../../../../../../../..][../../../../../../../../../../../../../../../../../../../../../../../../../../../../../../../../../../../../../../../../../../../../../../../../../../../../../../../../../../../../../../../.]
[rondeau:3949591] MCW rank 51 bound to socket 0[core 51[hwt 0-1]]: [../../../../../../../../../../../../../../../../../../../../../../../../../../../../../../../../../../../../../../../../../../../../../../../../../../../BB/../../../../../../../../../../../..][../../../../../../../../../../../../../../../../../../../../../../../../../../../../../../../../../../../../../../../../../../../../../../../../../../../../../../../../../../../../../../../.]
[rondeau:3949591] MCW rank 53 bound to socket 0[core 53[hwt 0-1]]: [../../../../../../../../../../../../../../../../../../../../../../../../../../../../../../../../../../../../../../../../../../../../../../../../../../../../../BB/../../../../../../../../../..][../../../../../../../../../../../../../../../../../../../../../../../../../../../../../../../../../../../../../../../../../../../../../../../../../../../../../../../../../../../../../../../.]
[rondeau:3949591] MCW rank 54 bound to socket 0[core 54[hwt 0-1]]: [../../../../../../../../../../../../../../../../../../../../../../../../../../../../../../../../../../../../../../../../../../../../../../../../../../../../../../BB/../../../../../../../../..][../../../../../../../../../../../../../../../../../../../../../../../../../../../../../../../../../../../../../../../../../../../../../../../../../../../../../../../../../../../../../../../.]
[rondeau:3949591] MCW rank 55 bound to socket 0[core 55[hwt 0-1]]: [../../../../../../../../../../../../../../../../../../../../../../../../../../../../../../../../../../../../../../../../../../../../../../../../../../../../../../../BB/../../../../../../../..][../../../../../../../../../../../../../../../../../../../../../../../../../../../../../../../../../../../../../../../../../../../../../../../../../../../../../../../../../../../../../../../.]
[rondeau:3949591] MCW rank 57 bound to socket 0[core 57[hwt 0-1]]: [../../../../../../../../../../../../../../../../../../../../../../../../../../../../../../../../../../../../../../../../../../../../../../../../../../../../../../../../../BB/../../../../../..][../../../../../../../../../../../../../../../../../../../../../../../../../../../../../../../../../../../../../../../../../../../../../../../../../../../../../../../../../../../../../../../.]
[rondeau:3949591] MCW rank 58 bound to socket 0[core 58[hwt 0-1]]: [../../../../../../../../../../../../../../../../../../../../../../../../../../../../../../../../../../../../../../../../../../../../../../../../../../../../../../../../../../BB/../../../../..][../../../../../../../../../../../../../../../../../../../../../../../../../../../../../../../../../../../../../../../../../../../../../../../../../../../../../../../../../../../../../../../.]
[rondeau:3949591] MCW rank 59 bound to socket 0[core 59[hwt 0-1]]: [../../../../../../../../../../../../../../../../../../../../../../../../../../../../../../../../../../../../../../../../../../../../../../../../../../../../../../../../../../../BB/../../../..][../../../../../../../../../../../../../../../../../../../../../../../../../../../../../../../../../../../../../../../../../../../../../../../../../../../../../../../../../../../../../../../.]
[rondeau:3949591] MCW rank 61 bound to socket 0[core 61[hwt 0-1]]: [../../../../../../../../../../../../../../../../../../../../../../../../../../../../../../../../../../../../../../../../../../../../../../../../../../../../../../../../../../../../../BB/../..][../../../../../../../../../../../../../../../../../../../../../../../../../../../../../../../../../../../../../../../../../../../../../../../../../../../../../../../../../../../../../../../.]
[rondeau:3949591] MCW rank 0 bound to socket 0[core 0[hwt 0-1]]: [BB/../../../../../../../../../../../../../../../../../../../../../../../../../../../../../../../../../../../../../../../../../../../../../../../../../../../../../../../../../../../../../../..][../../../../../../../../../../../../../../../../../../../../../../../../../../../../../../../../../../../../../../../../../../../../../../../../../../../../../../../../../../../../../../../.]
[rondeau:3949591] MCW rank 1 bound to socket 0[core 1[hwt 0-1]]: [../BB/../../../../../../../../../../../../../../../../../../../../../../../../../../../../../../../../../../../../../../../../../../../../../../../../../../../../../../../../../../../../../..][../../../../../../../../../../../../../../../../../../../../../../../../../../../../../../../../../../../../../../../../../../../../../../../../../../../../../../../../../../../../../../../.]
[rondeau:3949591] MCW rank 2 bound to socket 0[core 2[hwt 0-1]]: [../../BB/../../../../../../../../../../../../../../../../../../../../../../../../../../../../../../../../../../../../../../../../../../../../../../../../../../../../../../../../../../../../..][../../../../../../../../../../../../../../../../../../../../../../../../../../../../../../../../../../../../../../../../../../../../../../../../../../../../../../../../../../../../../../../.]
[rondeau:3949591] MCW rank 3 bound to socket 0[core 3[hwt 0-1]]: [../../../BB/../../../../../../../../../../../../../../../../../../../../../../../../../../../../../../../../../../../../../../../../../../../../../../../../../../../../../../../../../../../..][../../../../../../../../../../../../../../../../../../../../../../../../../../../../../../../../../../../../../../../../../../../../../../../../../../../../../../../../../../../../../../../.]
[rondeau:3949591] MCW rank 4 bound to socket 0[core 4[hwt 0-1]]: [../../../../BB/../../../../../../../../../../../../../../../../../../../../../../../../../../../../../../../../../../../../../../../../../../../../../../../../../../../../../../../../../../..][../../../../../../../../../../../../../../../../../../../../../../../../../../../../../../../../../../../../../../../../../../../../../../../../../../../../../../../../../../../../../../../.]
[rondeau:3949591] MCW rank 5 bound to socket 0[core 5[hwt 0-1]]: [../../../../../BB/../../../../../../../../../../../../../../../../../../../../../../../../../../../../../../../../../../../../../../../../../../../../../../../../../../../../../../../../../..][../../../../../../../../../../../../../../../../../../../../../../../../../../../../../../../../../../../../../../../../../../../../../../../../../../../../../../../../../../../../../../../.]
[rondeau:3949591] MCW rank 6 bound to socket 0[core 6[hwt 0-1]]: [../../../../../../BB/../../../../../../../../../../../../../../../../../../../../../../../../../../../../../../../../../../../../../../../../../../../../../../../../../../../../../../../../..][../../../../../../../../../../../../../../../../../../../../../../../../../../../../../../../../../../../../../../../../../../../../../../../../../../../../../../../../../../../../../../../.]
[rondeau:3949591] MCW rank 7 bound to socket 0[core 7[hwt 0-1]]: [../../../../../../../BB/../../../../../../../../../../../../../../../../../../../../../../../../../../../../../../../../../../../../../../../../../../../../../../../../../../../../../../../..][../../../../../../../../../../../../../../../../../../../../../../../../../../../../../../../../../../../../../../../../../../../../../../../../../../../../../../../../../../../../../../../.]
[rondeau:3949591] MCW rank 8 bound to socket 0[core 8[hwt 0-1]]: [../../../../../../../../BB/../../../../../../../../../../../../../../../../../../../../../../../../../../../../../../../../../../../../../../../../../../../../../../../../../../../../../../..][../../../../../../../../../../../../../../../../../../../../../../../../../../../../../../../../../../../../../../../../../../../../../../../../../../../../../../../../../../../../../../../.]
[rondeau:3949591] MCW rank 9 bound to socket 0[core 9[hwt 0-1]]: [../../../../../../../../../BB/../../../../../../../../../../../../../../../../../../../../../../../../../../../../../../../../../../../../../../../../../../../../../../../../../../../../../..][../../../../../../../../../../../../../../../../../../../../../../../../../../../../../../../../../../../../../../../../../../../../../../../../../../../../../../../../../../../../../../../.]
[rondeau:3949591] MCW rank 10 bound to socket 0[core 10[hwt 0-1]]: [../../../../../../../../../../BB/../../../../../../../../../../../../../../../../../../../../../../../../../../../../../../../../../../../../../../../../../../../../../../../../../../../../..][../../../../../../../../../../../../../../../../../../../../../../../../../../../../../../../../../../../../../../../../../../../../../../../../../../../../../../../../../../../../../../../.]
[rondeau:3949591] MCW rank 11 bound to socket 0[core 11[hwt 0-1]]: [../../../../../../../../../../../BB/../../../../../../../../../../../../../../../../../../../../../../../../../../../../../../../../../../../../../../../../../../../../../../../../../../../..][../../../../../../../../../../../../../../../../../../../../../../../../../../../../../../../../../../../../../../../../../../../../../../../../../../../../../../../../../../../../../../../.]
[rondeau:3949591] MCW rank 12 bound to socket 0[core 12[hwt 0-1]]: [../../../../../../../../../../../../BB/../../../../../../../../../../../../../../../../../../../../../../../../../../../../../../../../../../../../../../../../../../../../../../../../../../..][../../../../../../../../../../../../../../../../../../../../../../../../../../../../../../../../../../../../../../../../../../../../../../../../../../../../../../../../../../../../../../../.]
[rondeau:3949591] MCW rank 13 bound to socket 0[core 13[hwt 0-1]]: [../../../../../../../../../../../../../BB/../../../../../../../../../../../../../../../../../../../../../../../../../../../../../../../../../../../../../../../../../../../../../../../../../..][../../../../../../../../../../../../../../../../../../../../../../../../../../../../../../../../../../../../../../../../../../../../../../../../../../../../../../../../../../../../../../../.]
[rondeau:3949591] MCW rank 14 bound to socket 0[core 14[hwt 0-1]]: [../../../../../../../../../../../../../../BB/../../../../../../../../../../../../../../../../../../../../../../../../../../../../../../../../../../../../../../../../../../../../../../../../..][../../../../../../../../../../../../../../../../../../../../../../../../../../../../../../../../../../../../../../../../../../../../../../../../../../../../../../../../../../../../../../../.]
[rondeau:3949591] MCW rank 15 bound to socket 0[core 15[hwt 0-1]]: [../../../../../../../../../../../../../../../BB/../../../../../../../../../../../../../../../../../../../../../../../../../../../../../../../../../../../../../../../../../../../../../../../..][../../../../../../../../../../../../../../../../../../../../../../../../../../../../../../../../../../../../../../../../../../../../../../../../../../../../../../../../../../../../../../../.]
[rondeau:3949591] MCW rank 16 bound to socket 0[core 16[hwt 0-1]]: [../../../../../../../../../../../../../../../../BB/../../../../../../../../../../../../../../../../../../../../../../../../../../../../../../../../../../../../../../../../../../../../../../..][../../../../../../../../../../../../../../../../../../../../../../../../../../../../../../../../../../../../../../../../../../../../../../../../../../../../../../../../../../../../../../../.]
[rondeau:3949591] MCW rank 17 bound to socket 0[core 17[hwt 0-1]]: [../../../../../../../../../../../../../../../../../BB/../../../../../../../../../../../../../../../../../../../../../../../../../../../../../../../../../../../../../../../../../../../../../..][../../../../../../../../../../../../../../../../../../../../../../../../../../../../../../../../../../../../../../../../../../../../../../../../../../../../../../../../../../../../../../../.]
[rondeau:3949591] MCW rank 18 bound to socket 0[core 18[hwt 0-1]]: [../../../../../../../../../../../../../../../../../../BB/../../../../../../../../../../../../../../../../../../../../../../../../../../../../../../../../../../../../../../../../../../../../..][../../../../../../../../../../../../../../../../../../../../../../../../../../../../../../../../../../../../../../../../../../../../../../../../../../../../../../../../../../../../../../../.]
[rondeau:3949591] MCW rank 19 bound to socket 0[core 19[hwt 0-1]]: [../../../../../../../../../../../../../../../../../../../BB/../../../../../../../../../../../../../../../../../../../../../../../../../../../../../../../../../../../../../../../../../../../..][../../../../../../../../../../../../../../../../../../../../../../../../../../../../../../../../../../../../../../../../../../../../../../../../../../../../../../../../../../../../../../../.]
[rondeau:3949591] MCW rank 20 bound to socket 0[core 20[hwt 0-1]]: [../../../../../../../../../../../../../../../../../../../../BB/../../../../../../../../../../../../../../../../../../../../../../../../../../../../../../../../../../../../../../../../../../..][../../../../../../../../../../../../../../../../../../../../../../../../../../../../../../../../../../../../../../../../../../../../../../../../../../../../../../../../../../../../../../../.]
[rondeau:3949591] MCW rank 21 bound to socket 0[core 21[hwt 0-1]]: [../../../../../../../../../../../../../../../../../../../../../BB/../../../../../../../../../../../../../../../../../../../../../../../../../../../../../../../../../../../../../../../../../..][../../../../../../../../../../../../../../../../../../../../../../../../../../../../../../../../../../../../../../../../../../../../../../../../../../../../../../../../../../../../../../../.]
[rondeau:3949591] MCW rank 22 bound to socket 0[core 22[hwt 0-1]]: [../../../../../../../../../../../../../../../../../../../../../../BB/../../../../../../../../../../../../../../../../../../../../../../../../../../../../../../../../../../../../../../../../..][../../../../../../../../../../../../../../../../../../../../../../../../../../../../../../../../../../../../../../../../../../../../../../../../../../../../../../../../../../../../../../../.]
[rondeau:3949591] MCW rank 23 bound to socket 0[core 23[hwt 0-1]]: [../../../../../../../../../../../../../../../../../../../../../../../BB/../../../../../../../../../../../../../../../../../../../../../../../../../../../../../../../../../../../../../../../..][../../../../../../../../../../../../../../../../../../../../../../../../../../../../../../../../../../../../../../../../../../../../../../../../../../../../../../../../../../../../../../../.]
[rondeau:3949591] MCW rank 25 bound to socket 0[core 25[hwt 0-1]]: [../../../../../../../../../../../../../../../../../../../../../../../../../BB/../../../../../../../../../../../../../../../../../../../../../../../../../../../../../../../../../../../../../..][../../../../../../../../../../../../../../../../../../../../../../../../../../../../../../../../../../../../../../../../../../../../../../../../../../../../../../../../../../../../../../../.]
[rondeau:3949591] MCW rank 26 bound to socket 0[core 26[hwt 0-1]]: [../../../../../../../../../../../../../../../../../../../../../../../../../../BB/../../../../../../../../../../../../../../../../../../../../../../../../../../../../../../../../../../../../..][../../../../../../../../../../../../../../../../../../../../../../../../../../../../../../../../../../../../../../../../../../../../../../../../../../../../../../../../../../../../../../../.]
[rondeau:3949591] MCW rank 27 bound to socket 0[core 27[hwt 0-1]]: [../../../../../../../../../../../../../../../../../../../../../../../../../../../BB/../../../../../../../../../../../../../../../../../../../../../../../../../../../../../../../../../../../..][../../../../../../../../../../../../../../../../../../../../../../../../../../../../../../../../../../../../../../../../../../../../../../../../../../../../../../../../../../../../../../../.]
[rondeau:3949591] MCW rank 29 bound to socket 0[core 29[hwt 0-1]]: [../../../../../../../../../../../../../../../../../../../../../../../../../../../../../BB/../../../../../../../../../../../../../../../../../../../../../../../../../../../../../../../../../..][../../../../../../../../../../../../../../../../../../../../../../../../../../../../../../../../../../../../../../../../../../../../../../../../../../../../../../../../../../../../../../../.]
[rondeau:3949591] MCW rank 30 bound to socket 0[core 30[hwt 0-1]]: [../../../../../../../../../../../../../../../../../../../../../../../../../../../../../../BB/../../../../../../../../../../../../../../../../../../../../../../../../../../../../../../../../..][../../../../../../../../../../../../../../../../../../../../../../../../../../../../../../../../../../../../../../../../../../../../../../../../../../../../../../../../../../../../../../../.]
[rondeau:3949591] MCW rank 31 bound to socket 0[core 31[hwt 0-1]]: [../../../../../../../../../../../../../../../../../../../../../../../../../../../../../../../BB/../../../../../../../../../../../../../../../../../../../../../../../../../../../../../../../..][../../../../../../../../../../../../../../../../../../../../../../../../../../../../../../../../../../../../../../../../../../../../../../../../../../../../../../../../../../../../../../../.]
[rondeau:3949591] MCW rank 33 bound to socket 0[core 33[hwt 0-1]]: [../../../../../../../../../../../../../../../../../../../../../../../../../../../../../../../../../BB/../../../../../../../../../../../../../../../../../../../../../../../../../../../../../..][../../../../../../../../../../../../../../../../../../../../../../../../../../../../../../../../../../../../../../../../../../../../../../../../../../../../../../../../../../../../../../../.]
[rondeau:3949591] MCW rank 34 bound to socket 0[core 34[hwt 0-1]]: [../../../../../../../../../../../../../../../../../../../../../../../../../../../../../../../../../../BB/../../../../../../../../../../../../../../../../../../../../../../../../../../../../..][../../../../../../../../../../../../../../../../../../../../../../../../../../../../../../../../../../../../../../../../../../../../../../../../../../../../../../../../../../../../../../../.]
[rondeau:3949591] MCW rank 35 bound to socket 0[core 35[hwt 0-1]]: [../../../../../../../../../../../../../../../../../../../../../../../../../../../../../../../../../../../BB/../../../../../../../../../../../../../../../../../../../../../../../../../../../..][../../../../../../../../../../../../../../../../../../../../../../../../../../../../../../../../../../../../../../../../../../../../../../../../../../../../../../../../../../../../../../../.]
[rondeau:3949591] MCW rank 37 bound to socket 0[core 37[hwt 0-1]]: [../../../../../../../../../../../../../../../../../../../../../../../../../../../../../../../../../../../../../BB/../../../../../../../../../../../../../../../../../../../../../../../../../..][../../../../../../../../../../../../../../../../../../../../../../../../../../../../../../../../../../../../../../../../../../../../../../../../../../../../../../../../../../../../../../../.]
[rondeau:3949591] MCW rank 38 bound to socket 0[core 38[hwt 0-1]]: [../../../../../../../../../../../../../../../../../../../../../../../../../../../../../../../../../../../../../../BB/../../../../../../../../../../../../../../../../../../../../../../../../..][../../../../../../../../../../../../../../../../../../../../../../../../../../../../../../../../../../../../../../../../../../../../../../../../../../../../../../../../../../../../../../../.]
[rondeau:3949591] MCW rank 39 bound to socket 0[core 39[hwt 0-1]]: [../../../../../../../../../../../../../../../../../../../../../../../../../../../../../../../../../../../../../../../BB/../../../../../../../../../../../../../../../../../../../../../../../..][../../../../../../../../../../../../../../../../../../../../../../../../../../../../../../../../../../../../../../../../../../../../../../../../../../../../../../../../../../../../../../../.]
[rondeau:3949591] MCW rank 41 bound to socket 0[core 41[hwt 0-1]]: [../../../../../../../../../../../../../../../../../../../../../../../../../../../../../../../../../../../../../../../../../BB/../../../../../../../../../../../../../../../../../../../../../..][../../../../../../../../../../../../../../../../../../../../../../../../../../../../../../../../../../../../../../../../../../../../../../../../../../../../../../../../../../../../../../../.]
[rondeau:3949591] MCW rank 62 bound to socket 0[core 62[hwt 0-1]]: [../../../../../../../../../../../../../../../../../../../../../../../../../../../../../../../../../../../../../../../../../../../../../../../../../../../../../../../../../../../../../../BB/..][../../../../../../../../../../../../../../../../../../../../../../../../../../../../../../../../../../../../../../../../../../../../../../../../../../../../../../../../../../../../../../../.]
[rondeau:3949591] MCW rank 63 bound to socket 0[core 63[hwt 0-1]]: [../../../../../../../../../../../../../../../../../../../../../../../../../../../../../../../../../../../../../../../../../../../../../../../../../../../../../../../../../../../../../../../BB][../../../../../../../../../../../../../../../../../../../../../../../../../../../../../../../../../../../../../../../../../../../../../../../../../../../../../../../../../../../../../../../.]
[rondeau:3949591] MCW rank 24 bound to socket 0[core 24[hwt 0-1]]: [../../../../../../../../../../../../../../../../../../../../../../../../BB/../../../../../../../../../../../../../../../../../../../../../../../../../../../../../../../../../../../../../../..][../../../../../../../../../../../../../../../../../../../../../../../../../../../../../../../../../../../../../../../../../../../../../../../../../../../../../../../../../../../../../../../.]
[rondeau:3949591] MCW rank 28 bound to socket 0[core 28[hwt 0-1]]: [../../../../../../../../../../../../../../../../../../../../../../../../../../../../BB/../../../../../../../../../../../../../../../../../../../../../../../../../../../../../../../../../../..][../../../../../../../../../../../../../../../../../../../../../../../../../../../../../../../../../../../../../../../../../../../../../../../../../../../../../../../../../../../../../../../.]
[rondeau:3949591] MCW rank 32 bound to socket 0[core 32[hwt 0-1]]: [../../../../../../../../../../../../../../../../../../../../../../../../../../../../../../../../BB/../../../../../../../../../../../../../../../../../../../../../../../../../../../../../../..][../../../../../../../../../../../../../../../../../../../../../../../../../../../../../../../../../../../../../../../../../../../../../../../../../../../../../../../../../../../../../../../.]
[rondeau:3949591] MCW rank 36 bound to socket 0[core 36[hwt 0-1]]: [../../../../../../../../../../../../../../../../../../../../../../../../../../../../../../../../../../../../BB/../../../../../../../../../../../../../../../../../../../../../../../../../../..][../../../../../../../../../../../../../../../../../../../../../../../../../../../../../../../../../../../../../../../../../../../../../../../../../../../../../../../../../../../../../../../.]
[rondeau:3949591] MCW rank 40 bound to socket 0[core 40[hwt 0-1]]: [../../../../../../../../../../../../../../../../../../../../../../../../../../../../../../../../../../../../../../../../BB/../../../../../../../../../../../../../../../../../../../../../../..][../../../../../../../../../../../../../../../../../../../../../../../../../../../../../../../../../../../../../../../../../../../../../../../../../../../../../../../../../../../../../../../.]
[rondeau:3949591] MCW rank 44 bound to socket 0[core 44[hwt 0-1]]: [../../../../../../../../../../../../../../../../../../../../../../../../../../../../../../../../../../../../../../../../../../../../BB/../../../../../../../../../../../../../../../../../../..][../../../../../../../../../../../../../../../../../../../../../../../../../../../../../../../../../../../../../../../../../../../../../../../../../../../../../../../../../../../../../../../.]
[rondeau:3949591] MCW rank 48 bound to socket 0[core 48[hwt 0-1]]: [../../../../../../../../../../../../../../../../../../../../../../../../../../../../../../../../../../../../../../../../../../../../../../../../BB/../../../../../../../../../../../../../../..][../../../../../../../../../../../../../../../../../../../../../../../../../../../../../../../../../../../../../../../../../../../../../../../../../../../../../../../../../../../../../../../.]
[rondeau:3949591] MCW rank 52 bound to socket 0[core 52[hwt 0-1]]: [../../../../../../../../../../../../../../../../../../../../../../../../../../../../../../../../../../../../../../../../../../../../../../../../../../../../BB/../../../../../../../../../../..][../../../../../../../../../../../../../../../../../../../../../../../../../../../../../../../../../../../../../../../../../../../../../../../../../../../../../../../../../../../../../../../.]
[rondeau:3949591] MCW rank 56 bound to socket 0[core 56[hwt 0-1]]: [../../../../../../../../../../../../../../../../../../../../../../../../../../../../../../../../../../../../../../../../../../../../../../../../../../../../../../../../BB/../../../../../../..][../../../../../../../../../../../../../../../../../../../../../../../../../../../../../../../../../../../../../../../../../../../../../../../../../../../../../../../../../../../../../../../.]
[rondeau:3949591] MCW rank 60 bound to socket 0[core 60[hwt 0-1]]: [../../../../../../../../../../../../../../../../../../../../../../../../../../../../../../../../../../../../../../../../../../../../../../../../../../../../../../../../../../../../BB/../../..][../../../../../../../../../../../../../../../../../../../../../../../../../../../../../../../../../../../../../../../../../../../../../../../../../../../../../../../../../../../../../../../.]
[ Info: MPI has not been initialized, so we are calling MPI.Init().
[ Info: MPI has not been initialized, so we are calling MPI.Init().
[ Info: MPI has not been initialized, so we are calling MPI.Init().
[ Info: MPI has not been initialized, so we are calling MPI.Init().
[ Info: MPI has not been initialized, so we are calling MPI.Init().
[ Info: MPI has not been initialized, so we are calling MPI.Init().
[ Info: MPI has not been initialized, so we are calling MPI.Init().
[ Info: MPI has not been initialized, so we are calling MPI.Init().
[ Info: MPI has not been initialized, so we are calling MPI.Init().
[ Info: MPI has not been initialized, so we are calling MPI.Init().
[ Info: MPI has not been initialized, so we are calling MPI.Init().
[ Info: MPI has not been initialized, so we are calling MPI.Init().
[ Info: MPI has not been initialized, so we are calling MPI.Init().
[ Info: MPI has not been initialized, so we are calling MPI.Init().
[ Info: MPI has not been initialized, so we are calling MPI.Init().
[ Info: MPI has not been initialized, so we are calling MPI.Init().
[ Info: MPI has not been initialized, so we are calling MPI.Init().
[ Info: MPI has not been initialized, so we are calling MPI.Init().
[ Info: MPI has not been initialized, so we are calling MPI.Init().
[ Info: MPI has not been initialized, so we are calling MPI.Init().
[ Info: MPI has not been initialized, so we are calling MPI.Init().
[ Info: MPI has not been initialized, so we are calling MPI.Init().
[ Info: MPI has not been initialized, so we are calling MPI.Init().
[ Info: MPI has not been initialized, so we are calling MPI.Init().
[ Info: MPI has not been initialized, so we are calling MPI.Init().
[ Info: MPI has not been initialized, so we are calling MPI.Init().
[ Info: MPI has not been initialized, so we are calling MPI.Init().
[ Info: MPI has not been initialized, so we are calling MPI.Init().
[ Info: MPI has not been initialized, so we are calling MPI.Init().
[ Info: MPI has not been initialized, so we are calling MPI.Init().
[ Info: MPI has not been initialized, so we are calling MPI.Init().
[ Info: MPI has not been initialized, so we are calling MPI.Init().
[ Info: MPI has not been initialized, so we are calling MPI.Init().
[ Info: MPI has not been initialized, so we are calling MPI.Init().
[ Info: MPI has not been initialized, so we are calling MPI.Init().
[ Info: MPI has not been initialized, so we are calling MPI.Init().
[ Info: MPI has not been initialized, so we are calling MPI.Init().
[ Info: MPI has not been initialized, so we are calling MPI.Init().
[ Info: MPI has not been initialized, so we are calling MPI.Init().
[ Info: MPI has not been initialized, so we are calling MPI.Init().
[ Info: MPI has not been initialized, so we are calling MPI.Init().
[ Info: MPI has not been initialized, so we are calling MPI.Init().
[ Info: MPI has not been initialized, so we are calling MPI.Init().
[ Info: MPI has not been initialized, so we are calling MPI.Init().
[ Info: MPI has not been initialized, so we are calling MPI.Init().
[ Info: MPI has not been initialized, so we are calling MPI.Init().
[ Info: MPI has not been initialized, so we are calling MPI.Init().
[ Info: MPI has not been initialized, so we are calling MPI.Init().
[ Info: MPI has not been initialized, so we are calling MPI.Init().
[ Info: MPI has not been initialized, so we are calling MPI.Init().
[ Info: MPI has not been initialized, so we are calling MPI.Init().
[ Info: MPI has not been initialized, so we are calling MPI.Init().
[ Info: MPI has not been initialized, so we are calling MPI.Init().
[ Info: MPI has not been initialized, so we are calling MPI.Init().
[ Info: MPI has not been initialized, so we are calling MPI.Init().
[ Info: MPI has not been initialized, so we are calling MPI.Init().
[ Info: MPI has not been initialized, so we are calling MPI.Init().
[ Info: MPI has not been initialized, so we are calling MPI.Init().
[ Info: MPI has not been initialized, so we are calling MPI.Init().
[ Info: MPI has not been initialized, so we are calling MPI.Init().
[ Info: MPI has not been initialized, so we are calling MPI.Init().
[ Info: MPI has not been initialized, so we are calling MPI.Init().
[ Info: MPI has not been initialized, so we are calling MPI.Init().
[ Info: MPI has not been initialized, so we are calling MPI.Init().
[ Info: Distributed run: 64 ranks (x=8, y=8, z=1)
===============================================================================================
Oceananigans Benchmark Suite
===============================================================================================
Date: 2026-09-27T20:29:09.447
Mode: benchmark
Case: earth_ocean
Grid types: SubString{String}["tripolar"]
Architecture: Distributed{CPU} on 8×8×1 across 64 = 8×8×1 ranks:
├── local_rank: 0 of 0-63
├── local_index: [1, 1, 1]
└── connectivity: east=8 west=56 north=1 south=7 southwest=63 southeast=15 northwest=57 northeast=9
Distributed: true
Partition: (8, 8, 1) (64 ranks)
Sizes: [(720, 360, 50)]
Float types: DataType[Float64]
Momentum advection: SubString{String}["WENOVectorInvariantDefault"]
Tracer advection: SubString{String}["WENO7"]
Closures: SubString{String}["CATKE"]
Tracers: (:T, :S)
Timestepper: SplitRungeKutta3
Time steps: 10 × 5 windows (warmup: 2)
Δt: 60.0 s
===============================================================================================


----------------------------------------------------------------------
Running: EarthOcean_tripolar_720x360x50_F64_WENOVectorInvariantDefault_WENO7_CATKE_2tr
----------------------------------------------------------------------
┌ Warning: Resizing the bottom height to match the grid's halos
└ @ Oceananigans.DistributedComputations ~/Oceananigans.jl/src/DistributedComputations/distributed_immersed_boundaries.jl:117
┌ Warning: Resizing the bottom height to match the grid's halos
└ @ Oceananigans.DistributedComputations ~/Oceananigans.jl/src/DistributedComputations/distributed_immersed_boundaries.jl:117
┌ Warning: Resizing the bottom height to match the grid's halos
└ @ Oceananigans.DistributedComputations ~/Oceananigans.jl/src/DistributedComputations/distributed_immersed_boundaries.jl:117
┌ Warning: Resizing the bottom height to match the grid's halos
└ @ Oceananigans.DistributedComputations ~/Oceananigans.jl/src/DistributedComputations/distributed_immersed_boundaries.jl:117
┌ Warning: Resizing the bottom height to match the grid's halos
└ @ Oceananigans.DistributedComputations ~/Oceananigans.jl/src/DistributedComputations/distributed_immersed_boundaries.jl:117
┌ Warning: Resizing the bottom height to match the grid's halos
└ @ Oceananigans.DistributedComputations ~/Oceananigans.jl/src/DistributedComputations/distributed_immersed_boundaries.jl:117
┌ Warning: Resizing the bottom height to match the grid's halos
└ @ Oceananigans.DistributedComputations ~/Oceananigans.jl/src/DistributedComputations/distributed_immersed_boundaries.jl:117
┌ Warning: Resizing the bottom height to match the grid's halos
└ @ Oceananigans.DistributedComputations ~/Oceananigans.jl/src/DistributedComputations/distributed_immersed_boundaries.jl:117
┌ Warning: Resizing the bottom height to match the grid's halos
└ @ Oceananigans.DistributedComputations ~/Oceananigans.jl/src/DistributedComputations/distributed_immersed_boundaries.jl:117
┌ Warning: Resizing the bottom height to match the grid's halos
└ @ Oceananigans.DistributedComputations ~/Oceananigans.jl/src/DistributedComputations/distributed_immersed_boundaries.jl:117
┌ Warning: Resizing the bottom height to match the grid's halos
└ @ Oceananigans.DistributedComputations ~/Oceananigans.jl/src/DistributedComputations/distributed_immersed_boundaries.jl:117
┌ Warning: Resizing the bottom height to match the grid's halos
└ @ Oceananigans.DistributedComputations ~/Oceananigans.jl/src/DistributedComputations/distributed_immersed_boundaries.jl:117
┌ Warning: Resizing the bottom height to match the grid's halos
└ @ Oceananigans.DistributedComputations ~/Oceananigans.jl/src/DistributedComputations/distributed_immersed_boundaries.jl:117
┌ Warning: Resizing the bottom height to match the grid's halos
└ @ Oceananigans.DistributedComputations ~/Oceananigans.jl/src/DistributedComputations/distributed_immersed_boundaries.jl:117
┌ Warning: Resizing the bottom height to match the grid's halos
└ @ Oceananigans.DistributedComputations ~/Oceananigans.jl/src/DistributedComputations/distributed_immersed_boundaries.jl:117
┌ Warning: Resizing the bottom height to match the grid's halos
└ @ Oceananigans.DistributedComputations ~/Oceananigans.jl/src/DistributedComputations/distributed_immersed_boundaries.jl:117
┌ Warning: Resizing the bottom height to match the grid's halos
└ @ Oceananigans.DistributedComputations ~/Oceananigans.jl/src/DistributedComputations/distributed_immersed_boundaries.jl:117
┌ Warning: Resizing the bottom height to match the grid's halos
└ @ Oceananigans.DistributedComputations ~/Oceananigans.jl/src/DistributedComputations/distributed_immersed_boundaries.jl:117
┌ Warning: Resizing the bottom height to match the grid's halos
└ @ Oceananigans.DistributedComputations ~/Oceananigans.jl/src/DistributedComputations/distributed_immersed_boundaries.jl:117
┌ Warning: Resizing the bottom height to match the grid's halos
└ @ Oceananigans.DistributedComputations ~/Oceananigans.jl/src/DistributedComputations/distributed_immersed_boundaries.jl:117
┌ Warning: Resizing the bottom height to match the grid's halos
└ @ Oceananigans.DistributedComputations ~/Oceananigans.jl/src/DistributedComputations/distributed_immersed_boundaries.jl:117
┌ Warning: Resizing the bottom height to match the grid's halos
└ @ Oceananigans.DistributedComputations ~/Oceananigans.jl/src/DistributedComputations/distributed_immersed_boundaries.jl:117
┌ Warning: Resizing the bottom height to match the grid's halos
└ @ Oceananigans.DistributedComputations ~/Oceananigans.jl/src/DistributedComputations/distributed_immersed_boundaries.jl:117
┌ Warning: Resizing the bottom height to match the grid's halos
└ @ Oceananigans.DistributedComputations ~/Oceananigans.jl/src/DistributedComputations/distributed_immersed_boundaries.jl:117
┌ Warning: Resizing the bottom height to match the grid's halos
└ @ Oceananigans.DistributedComputations ~/Oceananigans.jl/src/DistributedComputations/distributed_immersed_boundaries.jl:117
┌ Warning: Resizing the bottom height to match the grid's halos
└ @ Oceananigans.DistributedComputations ~/Oceananigans.jl/src/DistributedComputations/distributed_immersed_boundaries.jl:117
┌ Warning: Resizing the bottom height to match the grid's halos
└ @ Oceananigans.DistributedComputations ~/Oceananigans.jl/src/DistributedComputations/distributed_immersed_boundaries.jl:117
┌ Warning: Resizing the bottom height to match the grid's halos
└ @ Oceananigans.DistributedComputations ~/Oceananigans.jl/src/DistributedComputations/distributed_immersed_boundaries.jl:117
┌ Warning: Resizing the bottom height to match the grid's halos
└ @ Oceananigans.DistributedComputations ~/Oceananigans.jl/src/DistributedComputations/distributed_immersed_boundaries.jl:117
┌ Warning: Resizing the bottom height to match the grid's halos
└ @ Oceananigans.DistributedComputations ~/Oceananigans.jl/src/DistributedComputations/distributed_immersed_boundaries.jl:117
┌ Warning: Resizing the bottom height to match the grid's halos
└ @ Oceananigans.DistributedComputations ~/Oceananigans.jl/src/DistributedComputations/distributed_immersed_boundaries.jl:117
┌ Warning: Resizing the bottom height to match the grid's halos
└ @ Oceananigans.DistributedComputations ~/Oceananigans.jl/src/DistributedComputations/distributed_immersed_boundaries.jl:117
┌ Warning: Resizing the bottom height to match the grid's halos
└ @ Oceananigans.DistributedComputations ~/Oceananigans.jl/src/DistributedComputations/distributed_immersed_boundaries.jl:117
┌ Warning: Resizing the bottom height to match the grid's halos
└ @ Oceananigans.DistributedComputations ~/Oceananigans.jl/src/DistributedComputations/distributed_immersed_boundaries.jl:117
┌ Warning: Resizing the bottom height to match the grid's halos
└ @ Oceananigans.DistributedComputations ~/Oceananigans.jl/src/DistributedComputations/distributed_immersed_boundaries.jl:117
┌ Warning: Resizing the bottom height to match the grid's halos
└ @ Oceananigans.DistributedComputations ~/Oceananigans.jl/src/DistributedComputations/distributed_immersed_boundaries.jl:117
┌ Warning: Resizing the bottom height to match the grid's halos
└ @ Oceananigans.DistributedComputations ~/Oceananigans.jl/src/DistributedComputations/distributed_immersed_boundaries.jl:117
┌ Warning: Resizing the bottom height to match the grid's halos
└ @ Oceananigans.DistributedComputations ~/Oceananigans.jl/src/DistributedComputations/distributed_immersed_boundaries.jl:117
┌ Warning: Resizing the bottom height to match the grid's halos
└ @ Oceananigans.DistributedComputations ~/Oceananigans.jl/src/DistributedComputations/distributed_immersed_boundaries.jl:117
┌ Warning: Resizing the bottom height to match the grid's halos
└ @ Oceananigans.DistributedComputations ~/Oceananigans.jl/src/DistributedComputations/distributed_immersed_boundaries.jl:117
┌ Warning: Resizing the bottom height to match the grid's halos
└ @ Oceananigans.DistributedComputations ~/Oceananigans.jl/src/DistributedComputations/distributed_immersed_boundaries.jl:117
┌ Warning: Resizing the bottom height to match the grid's halos
└ @ Oceananigans.DistributedComputations ~/Oceananigans.jl/src/DistributedComputations/distributed_immersed_boundaries.jl:117
┌ Warning: Resizing the bottom height to match the grid's halos
└ @ Oceananigans.DistributedComputations ~/Oceananigans.jl/src/DistributedComputations/distributed_immersed_boundaries.jl:117
┌ Warning: Resizing the bottom height to match the grid's halos
└ @ Oceananigans.DistributedComputations ~/Oceananigans.jl/src/DistributedComputations/distributed_immersed_boundaries.jl:117
┌ Warning: Resizing the bottom height to match the grid's halos
└ @ Oceananigans.DistributedComputations ~/Oceananigans.jl/src/DistributedComputations/distributed_immersed_boundaries.jl:117
┌ Warning: Resizing the bottom height to match the grid's halos
└ @ Oceananigans.DistributedComputations ~/Oceananigans.jl/src/DistributedComputations/distributed_immersed_boundaries.jl:117
┌ Warning: Resizing the bottom height to match the grid's halos
└ @ Oceananigans.DistributedComputations ~/Oceananigans.jl/src/DistributedComputations/distributed_immersed_boundaries.jl:117
┌ Warning: Resizing the bottom height to match the grid's halos
└ @ Oceananigans.DistributedComputations ~/Oceananigans.jl/src/DistributedComputations/distributed_immersed_boundaries.jl:117
┌ Warning: Resizing the bottom height to match the grid's halos
└ @ Oceananigans.DistributedComputations ~/Oceananigans.jl/src/DistributedComputations/distributed_immersed_boundaries.jl:117
┌ Warning: Resizing the bottom height to match the grid's halos
└ @ Oceananigans.DistributedComputations ~/Oceananigans.jl/src/DistributedComputations/distributed_immersed_boundaries.jl:117
┌ Warning: Resizing the bottom height to match the grid's halos
└ @ Oceananigans.DistributedComputations ~/Oceananigans.jl/src/DistributedComputations/distributed_immersed_boundaries.jl:117
┌ Warning: Resizing the bottom height to match the grid's halos
└ @ Oceananigans.DistributedComputations ~/Oceananigans.jl/src/DistributedComputations/distributed_immersed_boundaries.jl:117
┌ Warning: Resizing the bottom height to match the grid's halos
└ @ Oceananigans.DistributedComputations ~/Oceananigans.jl/src/DistributedComputations/distributed_immersed_boundaries.jl:117
┌ Warning: Resizing the bottom height to match the grid's halos
└ @ Oceananigans.DistributedComputations ~/Oceananigans.jl/src/DistributedComputations/distributed_immersed_boundaries.jl:117
┌ Warning: Resizing the bottom height to match the grid's halos
└ @ Oceananigans.DistributedComputations ~/Oceananigans.jl/src/DistributedComputations/distributed_immersed_boundaries.jl:117
┌ Warning: Resizing the bottom height to match the grid's halos
└ @ Oceananigans.DistributedComputations ~/Oceananigans.jl/src/DistributedComputations/distributed_immersed_boundaries.jl:117
┌ Warning: Resizing the bottom height to match the grid's halos
└ @ Oceananigans.DistributedComputations ~/Oceananigans.jl/src/DistributedComputations/distributed_immersed_boundaries.jl:117
┌ Warning: Resizing the bottom height to match the grid's halos
└ @ Oceananigans.DistributedComputations ~/Oceananigans.jl/src/DistributedComputations/distributed_immersed_boundaries.jl:117
┌ Warning: Resizing the bottom height to match the grid's halos
└ @ Oceananigans.DistributedComputations ~/Oceananigans.jl/src/DistributedComputations/distributed_immersed_boundaries.jl:117
┌ Warning: Resizing the bottom height to match the grid's halos
└ @ Oceananigans.DistributedComputations ~/Oceananigans.jl/src/DistributedComputations/distributed_immersed_boundaries.jl:117
┌ Warning: Resizing the bottom height to match the grid's halos
└ @ Oceananigans.DistributedComputations ~/Oceananigans.jl/src/DistributedComputations/distributed_immersed_boundaries.jl:117
┌ Warning: Resizing the bottom height to match the grid's halos
└ @ Oceananigans.DistributedComputations ~/Oceananigans.jl/src/DistributedComputations/distributed_immersed_boundaries.jl:117
┌ Warning: Resizing the bottom height to match the grid's halos
└ @ Oceananigans.DistributedComputations ~/Oceananigans.jl/src/DistributedComputations/distributed_immersed_boundaries.jl:117
┌ Warning: Resizing the bottom height to match the grid's halos
└ @ Oceananigans.DistributedComputations ~/Oceananigans.jl/src/DistributedComputations/distributed_immersed_boundaries.jl:117
[ Info: Benchmark: EarthOcean_tripolar_720x360x50_F64_WENOVectorInvariantDefault_WENO7_CATKE_2tr
┌ Info:   Architecture: Distributed{CPU} on 8×8×1 across 64 = 8×8×1 ranks:
│ ├── local_rank: 0 of 0-63
│ ├── local_index: [1, 1, 1]
└ └── connectivity: east=8 west=56 north=1 south=7 southwest=63 southeast=15 northwest=57 northeast=9
[ Info:   Float type: Float64
[ Info:   Grid size: 90 × 45 × 50 (202500 points)
[ Info:   Time step: 60.0 s
[ Info:   Warmup steps: 2
[ Info:   Benchmark steps: 10 × 5 windows
[ Info:   Running warmup...
[ Info:   Running benchmark...
[ Info:   Results:
[ Info:     Total time: 191.967 s
[ Info:     Time per step: 3.749628 s (min of 5 windows; median 3.816357 s, max 4.015692 s)
[ Info:     Grid points/s: 5.40e+04

=======================================================================================================================================
BENCHMARK SUMMARY
=======================================================================================================================================

Benchmark                                                  Float         Grid Time/unit (ms)    Units/s        Points/s       Size           Chunks
---------------------------------------------------------------------------------------------------------------------------------------
EarthOcean_tripolar_720x360x50_F64_WENOVectorInvariantDefault_WENO7_CATKE_2tr  Float64     90×45×50      3749.6279       0.27        5.40e+04          —                —
=======================================================================================================================================
Results saved to: /local_scratch/ajtse/rondeau-extensions/2026-09-27T200418Z_cpu_scaling_3939819/cpu_scaling/64_cores/results.json
Markdown report saved to: /local_scratch/ajtse/rondeau-extensions/2026-09-27T200418Z_cpu_scaling_3939819/cpu_scaling/64_cores/results.md
Benchmarks completed at 2026-09-27T20:54:45.219Z
mpiexec -n 128 --map-by core --bind-to core --report-bindings julia --threads=1 --project=benchmarking /u/ajtse/Oceananigans.jl/benchmarking/results/rondeau/check_rondeau_mpi.jl CPU 128 
[rondeau:3960863] MCW rank 0 bound to socket 0[core 0[hwt 0-1]]: [BB/../../../../../../../../../../../../../../../../../../../../../../../../../../../../../../../../../../../../../../../../../../../../../../../../../../../../../../../../../../../../../../..][../../../../../../../../../../../../../../../../../../../../../../../../../../../../../../../../../../../../../../../../../../../../../../../../../../../../../../../../../../../../../../../.]
[rondeau:3960863] MCW rank 1 bound to socket 0[core 1[hwt 0-1]]: [../BB/../../../../../../../../../../../../../../../../../../../../../../../../../../../../../../../../../../../../../../../../../../../../../../../../../../../../../../../../../../../../../..][../../../../../../../../../../../../../../../../../../../../../../../../../../../../../../../../../../../../../../../../../../../../../../../../../../../../../../../../../../../../../../../.]
[rondeau:3960863] MCW rank 2 bound to socket 0[core 2[hwt 0-1]]: [../../BB/../../../../../../../../../../../../../../../../../../../../../../../../../../../../../../../../../../../../../../../../../../../../../../../../../../../../../../../../../../../../..][../../../../../../../../../../../../../../../../../../../../../../../../../../../../../../../../../../../../../../../../../../../../../../../../../../../../../../../../../../../../../../../.]
[rondeau:3960863] MCW rank 3 bound to socket 0[core 3[hwt 0-1]]: [../../../BB/../../../../../../../../../../../../../../../../../../../../../../../../../../../../../../../../../../../../../../../../../../../../../../../../../../../../../../../../../../../..][../../../../../../../../../../../../../../../../../../../../../../../../../../../../../../../../../../../../../../../../../../../../../../../../../../../../../../../../../../../../../../../.]
[rondeau:3960863] MCW rank 4 bound to socket 0[core 4[hwt 0-1]]: [../../../../BB/../../../../../../../../../../../../../../../../../../../../../../../../../../../../../../../../../../../../../../../../../../../../../../../../../../../../../../../../../../..][../../../../../../../../../../../../../../../../../../../../../../../../../../../../../../../../../../../../../../../../../../../../../../../../../../../../../../../../../../../../../../../.]
[rondeau:3960863] MCW rank 5 bound to socket 0[core 5[hwt 0-1]]: [../../../../../BB/../../../../../../../../../../../../../../../../../../../../../../../../../../../../../../../../../../../../../../../../../../../../../../../../../../../../../../../../../..][../../../../../../../../../../../../../../../../../../../../../../../../../../../../../../../../../../../../../../../../../../../../../../../../../../../../../../../../../../../../../../../.]
[rondeau:3960863] MCW rank 6 bound to socket 0[core 6[hwt 0-1]]: [../../../../../../BB/../../../../../../../../../../../../../../../../../../../../../../../../../../../../../../../../../../../../../../../../../../../../../../../../../../../../../../../../..][../../../../../../../../../../../../../../../../../../../../../../../../../../../../../../../../../../../../../../../../../../../../../../../../../../../../../../../../../../../../../../../.]
[rondeau:3960863] MCW rank 7 bound to socket 0[core 7[hwt 0-1]]: [../../../../../../../BB/../../../../../../../../../../../../../../../../../../../../../../../../../../../../../../../../../../../../../../../../../../../../../../../../../../../../../../../..][../../../../../../../../../../../../../../../../../../../../../../../../../../../../../../../../../../../../../../../../../../../../../../../../../../../../../../../../../../../../../../../.]
[rondeau:3960863] MCW rank 8 bound to socket 0[core 8[hwt 0-1]]: [../../../../../../../../BB/../../../../../../../../../../../../../../../../../../../../../../../../../../../../../../../../../../../../../../../../../../../../../../../../../../../../../../..][../../../../../../../../../../../../../../../../../../../../../../../../../../../../../../../../../../../../../../../../../../../../../../../../../../../../../../../../../../../../../../../.]
[rondeau:3960863] MCW rank 9 bound to socket 0[core 9[hwt 0-1]]: [../../../../../../../../../BB/../../../../../../../../../../../../../../../../../../../../../../../../../../../../../../../../../../../../../../../../../../../../../../../../../../../../../..][../../../../../../../../../../../../../../../../../../../../../../../../../../../../../../../../../../../../../../../../../../../../../../../../../../../../../../../../../../../../../../../.]
[rondeau:3960863] MCW rank 10 bound to socket 0[core 10[hwt 0-1]]: [../../../../../../../../../../BB/../../../../../../../../../../../../../../../../../../../../../../../../../../../../../../../../../../../../../../../../../../../../../../../../../../../../..][../../../../../../../../../../../../../../../../../../../../../../../../../../../../../../../../../../../../../../../../../../../../../../../../../../../../../../../../../../../../../../../.]
[rondeau:3960863] MCW rank 11 bound to socket 0[core 11[hwt 0-1]]: [../../../../../../../../../../../BB/../../../../../../../../../../../../../../../../../../../../../../../../../../../../../../../../../../../../../../../../../../../../../../../../../../../..][../../../../../../../../../../../../../../../../../../../../../../../../../../../../../../../../../../../../../../../../../../../../../../../../../../../../../../../../../../../../../../../.]
[rondeau:3960863] MCW rank 12 bound to socket 0[core 12[hwt 0-1]]: [../../../../../../../../../../../../BB/../../../../../../../../../../../../../../../../../../../../../../../../../../../../../../../../../../../../../../../../../../../../../../../../../../..][../../../../../../../../../../../../../../../../../../../../../../../../../../../../../../../../../../../../../../../../../../../../../../../../../../../../../../../../../../../../../../../.]
[rondeau:3960863] MCW rank 13 bound to socket 0[core 13[hwt 0-1]]: [../../../../../../../../../../../../../BB/../../../../../../../../../../../../../../../../../../../../../../../../../../../../../../../../../../../../../../../../../../../../../../../../../..][../../../../../../../../../../../../../../../../../../../../../../../../../../../../../../../../../../../../../../../../../../../../../../../../../../../../../../../../../../../../../../../.]
[rondeau:3960863] MCW rank 14 bound to socket 0[core 14[hwt 0-1]]: [../../../../../../../../../../../../../../BB/../../../../../../../../../../../../../../../../../../../../../../../../../../../../../../../../../../../../../../../../../../../../../../../../..][../../../../../../../../../../../../../../../../../../../../../../../../../../../../../../../../../../../../../../../../../../../../../../../../../../../../../../../../../../../../../../../.]
[rondeau:3960863] MCW rank 15 bound to socket 0[core 15[hwt 0-1]]: [../../../../../../../../../../../../../../../BB/../../../../../../../../../../../../../../../../../../../../../../../../../../../../../../../../../../../../../../../../../../../../../../../..][../../../../../../../../../../../../../../../../../../../../../../../../../../../../../../../../../../../../../../../../../../../../../../../../../../../../../../../../../../../../../../../.]
[rondeau:3960863] MCW rank 17 bound to socket 0[core 17[hwt 0-1]]: [../../../../../../../../../../../../../../../../../BB/../../../../../../../../../../../../../../../../../../../../../../../../../../../../../../../../../../../../../../../../../../../../../..][../../../../../../../../../../../../../../../../../../../../../../../../../../../../../../../../../../../../../../../../../../../../../../../../../../../../../../../../../../../../../../../.]
[rondeau:3960863] MCW rank 18 bound to socket 0[core 18[hwt 0-1]]: [../../../../../../../../../../../../../../../../../../BB/../../../../../../../../../../../../../../../../../../../../../../../../../../../../../../../../../../../../../../../../../../../../..][../../../../../../../../../../../../../../../../../../../../../../../../../../../../../../../../../../../../../../../../../../../../../../../../../../../../../../../../../../../../../../../.]
[rondeau:3960863] MCW rank 19 bound to socket 0[core 19[hwt 0-1]]: [../../../../../../../../../../../../../../../../../../../BB/../../../../../../../../../../../../../../../../../../../../../../../../../../../../../../../../../../../../../../../../../../../..][../../../../../../../../../../../../../../../../../../../../../../../../../../../../../../../../../../../../../../../../../../../../../../../../../../../../../../../../../../../../../../../.]
[rondeau:3960863] MCW rank 16 bound to socket 0[core 16[hwt 0-1]]: [../../../../../../../../../../../../../../../../BB/../../../../../../../../../../../../../../../../../../../../../../../../../../../../../../../../../../../../../../../../../../../../../../..][../../../../../../../../../../../../../../../../../../../../../../../../../../../../../../../../../../../../../../../../../../../../../../../../../../../../../../../../../../../../../../../.]
[rondeau:3960863] MCW rank 23 bound to socket 0[core 23[hwt 0-1]]: [../../../../../../../../../../../../../../../../../../../../../../../BB/../../../../../../../../../../../../../../../../../../../../../../../../../../../../../../../../../../../../../../../..][../../../../../../../../../../../../../../../../../../../../../../../../../../../../../../../../../../../../../../../../../../../../../../../../../../../../../../../../../../../../../../../.]
[rondeau:3960863] MCW rank 22 bound to socket 0[core 22[hwt 0-1]]: [../../../../../../../../../../../../../../../../../../../../../../BB/../../../../../../../../../../../../../../../../../../../../../../../../../../../../../../../../../../../../../../../../..][../../../../../../../../../../../../../../../../../../../../../../../../../../../../../../../../../../../../../../../../../../../../../../../../../../../../../../../../../../../../../../../.]
[rondeau:3960863] MCW rank 21 bound to socket 0[core 21[hwt 0-1]]: [../../../../../../../../../../../../../../../../../../../../../BB/../../../../../../../../../../../../../../../../../../../../../../../../../../../../../../../../../../../../../../../../../..][../../../../../../../../../../../../../../../../../../../../../../../../../../../../../../../../../../../../../../../../../../../../../../../../../../../../../../../../../../../../../../../.]
[rondeau:3960863] MCW rank 20 bound to socket 0[core 20[hwt 0-1]]: [../../../../../../../../../../../../../../../../../../../../BB/../../../../../../../../../../../../../../../../../../../../../../../../../../../../../../../../../../../../../../../../../../..][../../../../../../../../../../../../../../../../../../../../../../../../../../../../../../../../../../../../../../../../../../../../../../../../../../../../../../../../../../../../../../../.]
[rondeau:3960863] MCW rank 27 bound to socket 0[core 27[hwt 0-1]]: [../../../../../../../../../../../../../../../../../../../../../../../../../../../BB/../../../../../../../../../../../../../../../../../../../../../../../../../../../../../../../../../../../..][../../../../../../../../../../../../../../../../../../../../../../../../../../../../../../../../../../../../../../../../../../../../../../../../../../../../../../../../../../../../../../../.]
[rondeau:3960863] MCW rank 26 bound to socket 0[core 26[hwt 0-1]]: [../../../../../../../../../../../../../../../../../../../../../../../../../../BB/../../../../../../../../../../../../../../../../../../../../../../../../../../../../../../../../../../../../..][../../../../../../../../../../../../../../../../../../../../../../../../../../../../../../../../../../../../../../../../../../../../../../../../../../../../../../../../../../../../../../../.]
[rondeau:3960863] MCW rank 25 bound to socket 0[core 25[hwt 0-1]]: [../../../../../../../../../../../../../../../../../../../../../../../../../BB/../../../../../../../../../../../../../../../../../../../../../../../../../../../../../../../../../../../../../..][../../../../../../../../../../../../../../../../../../../../../../../../../../../../../../../../../../../../../../../../../../../../../../../../../../../../../../../../../../../../../../../.]
[rondeau:3960863] MCW rank 24 bound to socket 0[core 24[hwt 0-1]]: [../../../../../../../../../../../../../../../../../../../../../../../../BB/../../../../../../../../../../../../../../../../../../../../../../../../../../../../../../../../../../../../../../..][../../../../../../../../../../../../../../../../../../../../../../../../../../../../../../../../../../../../../../../../../../../../../../../../../../../../../../../../../../../../../../../.]
[rondeau:3960863] MCW rank 31 bound to socket 0[core 31[hwt 0-1]]: [../../../../../../../../../../../../../../../../../../../../../../../../../../../../../../../BB/../../../../../../../../../../../../../../../../../../../../../../../../../../../../../../../..][../../../../../../../../../../../../../../../../../../../../../../../../../../../../../../../../../../../../../../../../../../../../../../../../../../../../../../../../../../../../../../../.]
[rondeau:3960863] MCW rank 30 bound to socket 0[core 30[hwt 0-1]]: [../../../../../../../../../../../../../../../../../../../../../../../../../../../../../../BB/../../../../../../../../../../../../../../../../../../../../../../../../../../../../../../../../..][../../../../../../../../../../../../../../../../../../../../../../../../../../../../../../../../../../../../../../../../../../../../../../../../../../../../../../../../../../../../../../../.]
[rondeau:3960863] MCW rank 29 bound to socket 0[core 29[hwt 0-1]]: [../../../../../../../../../../../../../../../../../../../../../../../../../../../../../BB/../../../../../../../../../../../../../../../../../../../../../../../../../../../../../../../../../..][../../../../../../../../../../../../../../../../../../../../../../../../../../../../../../../../../../../../../../../../../../../../../../../../../../../../../../../../../../../../../../../.]
[rondeau:3960863] MCW rank 28 bound to socket 0[core 28[hwt 0-1]]: [../../../../../../../../../../../../../../../../../../../../../../../../../../../../BB/../../../../../../../../../../../../../../../../../../../../../../../../../../../../../../../../../../..][../../../../../../../../../../../../../../../../../../../../../../../../../../../../../../../../../../../../../../../../../../../../../../../../../../../../../../../../../../../../../../../.]
[rondeau:3960863] MCW rank 35 bound to socket 0[core 35[hwt 0-1]]: [../../../../../../../../../../../../../../../../../../../../../../../../../../../../../../../../../../../BB/../../../../../../../../../../../../../../../../../../../../../../../../../../../..][../../../../../../../../../../../../../../../../../../../../../../../../../../../../../../../../../../../../../../../../../../../../../../../../../../../../../../../../../../../../../../../.]
[rondeau:3960863] MCW rank 34 bound to socket 0[core 34[hwt 0-1]]: [../../../../../../../../../../../../../../../../../../../../../../../../../../../../../../../../../../BB/../../../../../../../../../../../../../../../../../../../../../../../../../../../../..][../../../../../../../../../../../../../../../../../../../../../../../../../../../../../../../../../../../../../../../../../../../../../../../../../../../../../../../../../../../../../../../.]
[rondeau:3960863] MCW rank 33 bound to socket 0[core 33[hwt 0-1]]: [../../../../../../../../../../../../../../../../../../../../../../../../../../../../../../../../../BB/../../../../../../../../../../../../../../../../../../../../../../../../../../../../../..][../../../../../../../../../../../../../../../../../../../../../../../../../../../../../../../../../../../../../../../../../../../../../../../../../../../../../../../../../../../../../../../.]
[rondeau:3960863] MCW rank 32 bound to socket 0[core 32[hwt 0-1]]: [../../../../../../../../../../../../../../../../../../../../../../../../../../../../../../../../BB/../../../../../../../../../../../../../../../../../../../../../../../../../../../../../../..][../../../../../../../../../../../../../../../../../../../../../../../../../../../../../../../../../../../../../../../../../../../../../../../../../../../../../../../../../../../../../../../.]
[rondeau:3960863] MCW rank 38 bound to socket 0[core 38[hwt 0-1]]: [../../../../../../../../../../../../../../../../../../../../../../../../../../../../../../../../../../../../../../BB/../../../../../../../../../../../../../../../../../../../../../../../../..][../../../../../../../../../../../../../../../../../../../../../../../../../../../../../../../../../../../../../../../../../../../../../../../../../../../../../../../../../../../../../../../.]
[rondeau:3960863] MCW rank 39 bound to socket 0[core 39[hwt 0-1]]: [../../../../../../../../../../../../../../../../../../../../../../../../../../../../../../../../../../../../../../../BB/../../../../../../../../../../../../../../../../../../../../../../../..][../../../../../../../../../../../../../../../../../../../../../../../../../../../../../../../../../../../../../../../../../../../../../../../../../../../../../../../../../../../../../../../.]
[rondeau:3960863] MCW rank 37 bound to socket 0[core 37[hwt 0-1]]: [../../../../../../../../../../../../../../../../../../../../../../../../../../../../../../../../../../../../../BB/../../../../../../../../../../../../../../../../../../../../../../../../../..][../../../../../../../../../../../../../../../../../../../../../../../../../../../../../../../../../../../../../../../../../../../../../../../../../../../../../../../../../../../../../../../.]
[rondeau:3960863] MCW rank 36 bound to socket 0[core 36[hwt 0-1]]: [../../../../../../../../../../../../../../../../../../../../../../../../../../../../../../../../../../../../BB/../../../../../../../../../../../../../../../../../../../../../../../../../../..][../../../../../../../../../../../../../../../../../../../../../../../../../../../../../../../../../../../../../../../../../../../../../../../../../../../../../../../../../../../../../../../.]
[rondeau:3960863] MCW rank 42 bound to socket 0[core 42[hwt 0-1]]: [../../../../../../../../../../../../../../../../../../../../../../../../../../../../../../../../../../../../../../../../../../BB/../../../../../../../../../../../../../../../../../../../../..][../../../../../../../../../../../../../../../../../../../../../../../../../../../../../../../../../../../../../../../../../../../../../../../../../../../../../../../../../../../../../../../.]
[rondeau:3960863] MCW rank 43 bound to socket 0[core 43[hwt 0-1]]: [../../../../../../../../../../../../../../../../../../../../../../../../../../../../../../../../../../../../../../../../../../../BB/../../../../../../../../../../../../../../../../../../../..][../../../../../../../../../../../../../../../../../../../../../../../../../../../../../../../../../../../../../../../../../../../../../../../../../../../../../../../../../../../../../../../.]
[rondeau:3960863] MCW rank 40 bound to socket 0[core 40[hwt 0-1]]: [../../../../../../../../../../../../../../../../../../../../../../../../../../../../../../../../../../../../../../../../BB/../../../../../../../../../../../../../../../../../../../../../../..][../../../../../../../../../../../../../../../../../../../../../../../../../../../../../../../../../../../../../../../../../../../../../../../../../../../../../../../../../../../../../../../.]
[rondeau:3960863] MCW rank 41 bound to socket 0[core 41[hwt 0-1]]: [../../../../../../../../../../../../../../../../../../../../../../../../../../../../../../../../../../../../../../../../../BB/../../../../../../../../../../../../../../../../../../../../../..][../../../../../../../../../../../../../../../../../../../../../../../../../../../../../../../../../../../../../../../../../../../../../../../../../../../../../../../../../../../../../../../.]
[rondeau:3960863] MCW rank 46 bound to socket 0[core 46[hwt 0-1]]: [../../../../../../../../../../../../../../../../../../../../../../../../../../../../../../../../../../../../../../../../../../../../../../BB/../../../../../../../../../../../../../../../../..][../../../../../../../../../../../../../../../../../../../../../../../../../../../../../../../../../../../../../../../../../../../../../../../../../../../../../../../../../../../../../../../.]
[rondeau:3960863] MCW rank 47 bound to socket 0[core 47[hwt 0-1]]: [../../../../../../../../../../../../../../../../../../../../../../../../../../../../../../../../../../../../../../../../../../../../../../../BB/../../../../../../../../../../../../../../../..][../../../../../../../../../../../../../../../../../../../../../../../../../../../../../../../../../../../../../../../../../../../../../../../../../../../../../../../../../../../../../../../.]
[rondeau:3960863] MCW rank 44 bound to socket 0[core 44[hwt 0-1]]: [../../../../../../../../../../../../../../../../../../../../../../../../../../../../../../../../../../../../../../../../../../../../BB/../../../../../../../../../../../../../../../../../../..][../../../../../../../../../../../../../../../../../../../../../../../../../../../../../../../../../../../../../../../../../../../../../../../../../../../../../../../../../../../../../../../.]
[rondeau:3960863] MCW rank 45 bound to socket 0[core 45[hwt 0-1]]: [../../../../../../../../../../../../../../../../../../../../../../../../../../../../../../../../../../../../../../../../../../../../../BB/../../../../../../../../../../../../../../../../../..][../../../../../../../../../../../../../../../../../../../../../../../../../../../../../../../../../../../../../../../../../../../../../../../../../../../../../../../../../../../../../../../.]
[rondeau:3960863] MCW rank 50 bound to socket 0[core 50[hwt 0-1]]: [../../../../../../../../../../../../../../../../../../../../../../../../../../../../../../../../../../../../../../../../../../../../../../../../../../BB/../../../../../../../../../../../../..][../../../../../../../../../../../../../../../../../../../../../../../../../../../../../../../../../../../../../../../../../../../../../../../../../../../../../../../../../../../../../../../.]
[rondeau:3960863] MCW rank 51 bound to socket 0[core 51[hwt 0-1]]: [../../../../../../../../../../../../../../../../../../../../../../../../../../../../../../../../../../../../../../../../../../../../../../../../../../../BB/../../../../../../../../../../../..][../../../../../../../../../../../../../../../../../../../../../../../../../../../../../../../../../../../../../../../../../../../../../../../../../../../../../../../../../../../../../../../.]
[rondeau:3960863] MCW rank 48 bound to socket 0[core 48[hwt 0-1]]: [../../../../../../../../../../../../../../../../../../../../../../../../../../../../../../../../../../../../../../../../../../../../../../../../BB/../../../../../../../../../../../../../../..][../../../../../../../../../../../../../../../../../../../../../../../../../../../../../../../../../../../../../../../../../../../../../../../../../../../../../../../../../../../../../../../.]
[rondeau:3960863] MCW rank 49 bound to socket 0[core 49[hwt 0-1]]: [../../../../../../../../../../../../../../../../../../../../../../../../../../../../../../../../../../../../../../../../../../../../../../../../../BB/../../../../../../../../../../../../../..][../../../../../../../../../../../../../../../../../../../../../../../../../../../../../../../../../../../../../../../../../../../../../../../../../../../../../../../../../../../../../../../.]
[rondeau:3960863] MCW rank 54 bound to socket 0[core 54[hwt 0-1]]: [../../../../../../../../../../../../../../../../../../../../../../../../../../../../../../../../../../../../../../../../../../../../../../../../../../../../../../BB/../../../../../../../../..][../../../../../../../../../../../../../../../../../../../../../../../../../../../../../../../../../../../../../../../../../../../../../../../../../../../../../../../../../../../../../../../.]
[rondeau:3960863] MCW rank 55 bound to socket 0[core 55[hwt 0-1]]: [../../../../../../../../../../../../../../../../../../../../../../../../../../../../../../../../../../../../../../../../../../../../../../../../../../../../../../../BB/../../../../../../../..][../../../../../../../../../../../../../../../../../../../../../../../../../../../../../../../../../../../../../../../../../../../../../../../../../../../../../../../../../../../../../../../.]
[rondeau:3960863] MCW rank 52 bound to socket 0[core 52[hwt 0-1]]: [../../../../../../../../../../../../../../../../../../../../../../../../../../../../../../../../../../../../../../../../../../../../../../../../../../../../BB/../../../../../../../../../../..][../../../../../../../../../../../../../../../../../../../../../../../../../../../../../../../../../../../../../../../../../../../../../../../../../../../../../../../../../../../../../../../.]
[rondeau:3960863] MCW rank 53 bound to socket 0[core 53[hwt 0-1]]: [../../../../../../../../../../../../../../../../../../../../../../../../../../../../../../../../../../../../../../../../../../../../../../../../../../../../../BB/../../../../../../../../../..][../../../../../../../../../../../../../../../../../../../../../../../../../../../../../../../../../../../../../../../../../../../../../../../../../../../../../../../../../../../../../../../.]
[rondeau:3960863] MCW rank 58 bound to socket 0[core 58[hwt 0-1]]: [../../../../../../../../../../../../../../../../../../../../../../../../../../../../../../../../../../../../../../../../../../../../../../../../../../../../../../../../../../BB/../../../../..][../../../../../../../../../../../../../../../../../../../../../../../../../../../../../../../../../../../../../../../../../../../../../../../../../../../../../../../../../../../../../../../.]
[rondeau:3960863] MCW rank 59 bound to socket 0[core 59[hwt 0-1]]: [../../../../../../../../../../../../../../../../../../../../../../../../../../../../../../../../../../../../../../../../../../../../../../../../../../../../../../../../../../../BB/../../../..][../../../../../../../../../../../../../../../../../../../../../../../../../../../../../../../../../../../../../../../../../../../../../../../../../../../../../../../../../../../../../../../.]
[rondeau:3960863] MCW rank 56 bound to socket 0[core 56[hwt 0-1]]: [../../../../../../../../../../../../../../../../../../../../../../../../../../../../../../../../../../../../../../../../../../../../../../../../../../../../../../../../BB/../../../../../../..][../../../../../../../../../../../../../../../../../../../../../../../../../../../../../../../../../../../../../../../../../../../../../../../../../../../../../../../../../../../../../../../.]
[rondeau:3960863] MCW rank 57 bound to socket 0[core 57[hwt 0-1]]: [../../../../../../../../../../../../../../../../../../../../../../../../../../../../../../../../../../../../../../../../../../../../../../../../../../../../../../../../../BB/../../../../../..][../../../../../../../../../../../../../../../../../../../../../../../../../../../../../../../../../../../../../../../../../../../../../../../../../../../../../../../../../../../../../../../.]
[rondeau:3960863] MCW rank 62 bound to socket 0[core 62[hwt 0-1]]: [../../../../../../../../../../../../../../../../../../../../../../../../../../../../../../../../../../../../../../../../../../../../../../../../../../../../../../../../../../../../../../BB/..][../../../../../../../../../../../../../../../../../../../../../../../../../../../../../../../../../../../../../../../../../../../../../../../../../../../../../../../../../../../../../../../.]
[rondeau:3960863] MCW rank 63 bound to socket 0[core 63[hwt 0-1]]: [../../../../../../../../../../../../../../../../../../../../../../../../../../../../../../../../../../../../../../../../../../../../../../../../../../../../../../../../../../../../../../../BB][../../../../../../../../../../../../../../../../../../../../../../../../../../../../../../../../../../../../../../../../../../../../../../../../../../../../../../../../../../../../../../../.]
[rondeau:3960863] MCW rank 60 bound to socket 0[core 60[hwt 0-1]]: [../../../../../../../../../../../../../../../../../../../../../../../../../../../../../../../../../../../../../../../../../../../../../../../../../../../../../../../../../../../../BB/../../..][../../../../../../../../../../../../../../../../../../../../../../../../../../../../../../../../../../../../../../../../../../../../../../../../../../../../../../../../../../../../../../../.]
[rondeau:3960863] MCW rank 61 bound to socket 0[core 61[hwt 0-1]]: [../../../../../../../../../../../../../../../../../../../../../../../../../../../../../../../../../../../../../../../../../../../../../../../../../../../../../../../../../../../../../BB/../..][../../../../../../../../../../../../../../../../../../../../../../../../../../../../../../../../../../../../../../../../../../../../../../../../../../../../../../../../../../../../../../../.]
[rondeau:3960863] MCW rank 66 bound to socket 1[core 66[hwt 0-1]]: [../../../../../../../../../../../../../../../../../../../../../../../../../../../../../../../../../../../../../../../../../../../../../../../../../../../../../../../../../../../../../../../..][../../BB/../../../../../../../../../../../../../../../../../../../../../../../../../../../../../../../../../../../../../../../../../../../../../../../../../../../../../../../../../../../../.]
[rondeau:3960863] MCW rank 67 bound to socket 1[core 67[hwt 0-1]]: [../../../../../../../../../../../../../../../../../../../../../../../../../../../../../../../../../../../../../../../../../../../../../../../../../../../../../../../../../../../../../../../..][../../../BB/../../../../../../../../../../../../../../../../../../../../../../../../../../../../../../../../../../../../../../../../../../../../../../../../../../../../../../../../../../../.]
[rondeau:3960863] MCW rank 64 bound to socket 1[core 64[hwt 0-1]]: [../../../../../../../../../../../../../../../../../../../../../../../../../../../../../../../../../../../../../../../../../../../../../../../../../../../../../../../../../../../../../../../..][BB/../../../../../../../../../../../../../../../../../../../../../../../../../../../../../../../../../../../../../../../../../../../../../../../../../../../../../../../../../../../../../../.]
[rondeau:3960863] MCW rank 65 bound to socket 1[core 65[hwt 0-1]]: [../../../../../../../../../../../../../../../../../../../../../../../../../../../../../../../../../../../../../../../../../../../../../../../../../../../../../../../../../../../../../../../..][../BB/../../../../../../../../../../../../../../../../../../../../../../../../../../../../../../../../../../../../../../../../../../../../../../../../../../../../../../../../../../../../../.]
[rondeau:3960863] MCW rank 70 bound to socket 1[core 70[hwt 0-1]]: [../../../../../../../../../../../../../../../../../../../../../../../../../../../../../../../../../../../../../../../../../../../../../../../../../../../../../../../../../../../../../../../..][../../../../../../BB/../../../../../../../../../../../../../../../../../../../../../../../../../../../../../../../../../../../../../../../../../../../../../../../../../../../../../../../../.]
[rondeau:3960863] MCW rank 71 bound to socket 1[core 71[hwt 0-1]]: [../../../../../../../../../../../../../../../../../../../../../../../../../../../../../../../../../../../../../../../../../../../../../../../../../../../../../../../../../../../../../../../..][../../../../../../../BB/../../../../../../../../../../../../../../../../../../../../../../../../../../../../../../../../../../../../../../../../../../../../../../../../../../../../../../../.]
[rondeau:3960863] MCW rank 68 bound to socket 1[core 68[hwt 0-1]]: [../../../../../../../../../../../../../../../../../../../../../../../../../../../../../../../../../../../../../../../../../../../../../../../../../../../../../../../../../../../../../../../..][../../../../BB/../../../../../../../../../../../../../../../../../../../../../../../../../../../../../../../../../../../../../../../../../../../../../../../../../../../../../../../../../../.]
[rondeau:3960863] MCW rank 69 bound to socket 1[core 69[hwt 0-1]]: [../../../../../../../../../../../../../../../../../../../../../../../../../../../../../../../../../../../../../../../../../../../../../../../../../../../../../../../../../../../../../../../..][../../../../../BB/../../../../../../../../../../../../../../../../../../../../../../../../../../../../../../../../../../../../../../../../../../../../../../../../../../../../../../../../../.]
[rondeau:3960863] MCW rank 74 bound to socket 1[core 74[hwt 0-1]]: [../../../../../../../../../../../../../../../../../../../../../../../../../../../../../../../../../../../../../../../../../../../../../../../../../../../../../../../../../../../../../../../..][../../../../../../../../../../BB/../../../../../../../../../../../../../../../../../../../../../../../../../../../../../../../../../../../../../../../../../../../../../../../../../../../../.]
[rondeau:3960863] MCW rank 75 bound to socket 1[core 75[hwt 0-1]]: [../../../../../../../../../../../../../../../../../../../../../../../../../../../../../../../../../../../../../../../../../../../../../../../../../../../../../../../../../../../../../../../..][../../../../../../../../../../../BB/../../../../../../../../../../../../../../../../../../../../../../../../../../../../../../../../../../../../../../../../../../../../../../../../../../../.]
[rondeau:3960863] MCW rank 72 bound to socket 1[core 72[hwt 0-1]]: [../../../../../../../../../../../../../../../../../../../../../../../../../../../../../../../../../../../../../../../../../../../../../../../../../../../../../../../../../../../../../../../..][../../../../../../../../BB/../../../../../../../../../../../../../../../../../../../../../../../../../../../../../../../../../../../../../../../../../../../../../../../../../../../../../../.]
[rondeau:3960863] MCW rank 73 bound to socket 1[core 73[hwt 0-1]]: [../../../../../../../../../../../../../../../../../../../../../../../../../../../../../../../../../../../../../../../../../../../../../../../../../../../../../../../../../../../../../../../..][../../../../../../../../../BB/../../../../../../../../../../../../../../../../../../../../../../../../../../../../../../../../../../../../../../../../../../../../../../../../../../../../../.]
[rondeau:3960863] MCW rank 78 bound to socket 1[core 78[hwt 0-1]]: [../../../../../../../../../../../../../../../../../../../../../../../../../../../../../../../../../../../../../../../../../../../../../../../../../../../../../../../../../../../../../../../..][../../../../../../../../../../../../../../BB/../../../../../../../../../../../../../../../../../../../../../../../../../../../../../../../../../../../../../../../../../../../../../../../../.]
[rondeau:3960863] MCW rank 79 bound to socket 1[core 79[hwt 0-1]]: [../../../../../../../../../../../../../../../../../../../../../../../../../../../../../../../../../../../../../../../../../../../../../../../../../../../../../../../../../../../../../../../..][../../../../../../../../../../../../../../../BB/../../../../../../../../../../../../../../../../../../../../../../../../../../../../../../../../../../../../../../../../../../../../../../../.]
[rondeau:3960863] MCW rank 76 bound to socket 1[core 76[hwt 0-1]]: [../../../../../../../../../../../../../../../../../../../../../../../../../../../../../../../../../../../../../../../../../../../../../../../../../../../../../../../../../../../../../../../..][../../../../../../../../../../../../BB/../../../../../../../../../../../../../../../../../../../../../../../../../../../../../../../../../../../../../../../../../../../../../../../../../../.]
[rondeau:3960863] MCW rank 77 bound to socket 1[core 77[hwt 0-1]]: [../../../../../../../../../../../../../../../../../../../../../../../../../../../../../../../../../../../../../../../../../../../../../../../../../../../../../../../../../../../../../../../..][../../../../../../../../../../../../../BB/../../../../../../../../../../../../../../../../../../../../../../../../../../../../../../../../../../../../../../../../../../../../../../../../../.]
[rondeau:3960863] MCW rank 82 bound to socket 1[core 82[hwt 0-1]]: [../../../../../../../../../../../../../../../../../../../../../../../../../../../../../../../../../../../../../../../../../../../../../../../../../../../../../../../../../../../../../../../..][../../../../../../../../../../../../../../../../../../BB/../../../../../../../../../../../../../../../../../../../../../../../../../../../../../../../../../../../../../../../../../../../../.]
[rondeau:3960863] MCW rank 83 bound to socket 1[core 83[hwt 0-1]]: [../../../../../../../../../../../../../../../../../../../../../../../../../../../../../../../../../../../../../../../../../../../../../../../../../../../../../../../../../../../../../../../..][../../../../../../../../../../../../../../../../../../../BB/../../../../../../../../../../../../../../../../../../../../../../../../../../../../../../../../../../../../../../../../../../../.]
[rondeau:3960863] MCW rank 80 bound to socket 1[core 80[hwt 0-1]]: [../../../../../../../../../../../../../../../../../../../../../../../../../../../../../../../../../../../../../../../../../../../../../../../../../../../../../../../../../../../../../../../..][../../../../../../../../../../../../../../../../BB/../../../../../../../../../../../../../../../../../../../../../../../../../../../../../../../../../../../../../../../../../../../../../../.]
[rondeau:3960863] MCW rank 81 bound to socket 1[core 81[hwt 0-1]]: [../../../../../../../../../../../../../../../../../../../../../../../../../../../../../../../../../../../../../../../../../../../../../../../../../../../../../../../../../../../../../../../..][../../../../../../../../../../../../../../../../../BB/../../../../../../../../../../../../../../../../../../../../../../../../../../../../../../../../../../../../../../../../../../../../../.]
[rondeau:3960863] MCW rank 86 bound to socket 1[core 86[hwt 0-1]]: [../../../../../../../../../../../../../../../../../../../../../../../../../../../../../../../../../../../../../../../../../../../../../../../../../../../../../../../../../../../../../../../..][../../../../../../../../../../../../../../../../../../../../../../BB/../../../../../../../../../../../../../../../../../../../../../../../../../../../../../../../../../../../../../../../../.]
[rondeau:3960863] MCW rank 87 bound to socket 1[core 87[hwt 0-1]]: [../../../../../../../../../../../../../../../../../../../../../../../../../../../../../../../../../../../../../../../../../../../../../../../../../../../../../../../../../../../../../../../..][../../../../../../../../../../../../../../../../../../../../../../../BB/../../../../../../../../../../../../../../../../../../../../../../../../../../../../../../../../../../../../../../../.]
[rondeau:3960863] MCW rank 84 bound to socket 1[core 84[hwt 0-1]]: [../../../../../../../../../../../../../../../../../../../../../../../../../../../../../../../../../../../../../../../../../../../../../../../../../../../../../../../../../../../../../../../..][../../../../../../../../../../../../../../../../../../../../BB/../../../../../../../../../../../../../../../../../../../../../../../../../../../../../../../../../../../../../../../../../../.]
[rondeau:3960863] MCW rank 85 bound to socket 1[core 85[hwt 0-1]]: [../../../../../../../../../../../../../../../../../../../../../../../../../../../../../../../../../../../../../../../../../../../../../../../../../../../../../../../../../../../../../../../..][../../../../../../../../../../../../../../../../../../../../../BB/../../../../../../../../../../../../../../../../../../../../../../../../../../../../../../../../../../../../../../../../../.]
[rondeau:3960863] MCW rank 90 bound to socket 1[core 90[hwt 0-1]]: [../../../../../../../../../../../../../../../../../../../../../../../../../../../../../../../../../../../../../../../../../../../../../../../../../../../../../../../../../../../../../../../..][../../../../../../../../../../../../../../../../../../../../../../../../../../BB/../../../../../../../../../../../../../../../../../../../../../../../../../../../../../../../../../../../../.]
[rondeau:3960863] MCW rank 91 bound to socket 1[core 91[hwt 0-1]]: [../../../../../../../../../../../../../../../../../../../../../../../../../../../../../../../../../../../../../../../../../../../../../../../../../../../../../../../../../../../../../../../..][../../../../../../../../../../../../../../../../../../../../../../../../../../../BB/../../../../../../../../../../../../../../../../../../../../../../../../../../../../../../../../../../../.]
[rondeau:3960863] MCW rank 88 bound to socket 1[core 88[hwt 0-1]]: [../../../../../../../../../../../../../../../../../../../../../../../../../../../../../../../../../../../../../../../../../../../../../../../../../../../../../../../../../../../../../../../..][../../../../../../../../../../../../../../../../../../../../../../../../BB/../../../../../../../../../../../../../../../../../../../../../../../../../../../../../../../../../../../../../../.]
[rondeau:3960863] MCW rank 89 bound to socket 1[core 89[hwt 0-1]]: [../../../../../../../../../../../../../../../../../../../../../../../../../../../../../../../../../../../../../../../../../../../../../../../../../../../../../../../../../../../../../../../..][../../../../../../../../../../../../../../../../../../../../../../../../../BB/../../../../../../../../../../../../../../../../../../../../../../../../../../../../../../../../../../../../../.]
[rondeau:3960863] MCW rank 94 bound to socket 1[core 94[hwt 0-1]]: [../../../../../../../../../../../../../../../../../../../../../../../../../../../../../../../../../../../../../../../../../../../../../../../../../../../../../../../../../../../../../../../..][../../../../../../../../../../../../../../../../../../../../../../../../../../../../../../BB/../../../../../../../../../../../../../../../../../../../../../../../../../../../../../../../../.]
[rondeau:3960863] MCW rank 95 bound to socket 1[core 95[hwt 0-1]]: [../../../../../../../../../../../../../../../../../../../../../../../../../../../../../../../../../../../../../../../../../../../../../../../../../../../../../../../../../../../../../../../..][../../../../../../../../../../../../../../../../../../../../../../../../../../../../../../../BB/../../../../../../../../../../../../../../../../../../../../../../../../../../../../../../../.]
[rondeau:3960863] MCW rank 92 bound to socket 1[core 92[hwt 0-1]]: [../../../../../../../../../../../../../../../../../../../../../../../../../../../../../../../../../../../../../../../../../../../../../../../../../../../../../../../../../../../../../../../..][../../../../../../../../../../../../../../../../../../../../../../../../../../../../BB/../../../../../../../../../../../../../../../../../../../../../../../../../../../../../../../../../../.]
[rondeau:3960863] MCW rank 93 bound to socket 1[core 93[hwt 0-1]]: [../../../../../../../../../../../../../../../../../../../../../../../../../../../../../../../../../../../../../../../../../../../../../../../../../../../../../../../../../../../../../../../..][../../../../../../../../../../../../../../../../../../../../../../../../../../../../../BB/../../../../../../../../../../../../../../../../../../../../../../../../../../../../../../../../../.]
[rondeau:3960863] MCW rank 98 bound to socket 1[core 98[hwt 0-1]]: [../../../../../../../../../../../../../../../../../../../../../../../../../../../../../../../../../../../../../../../../../../../../../../../../../../../../../../../../../../../../../../../..][../../../../../../../../../../../../../../../../../../../../../../../../../../../../../../../../../../BB/../../../../../../../../../../../../../../../../../../../../../../../../../../../../.]
[rondeau:3960863] MCW rank 99 bound to socket 1[core 99[hwt 0-1]]: [../../../../../../../../../../../../../../../../../../../../../../../../../../../../../../../../../../../../../../../../../../../../../../../../../../../../../../../../../../../../../../../..][../../../../../../../../../../../../../../../../../../../../../../../../../../../../../../../../../../../BB/../../../../../../../../../../../../../../../../../../../../../../../../../../../.]
[rondeau:3960863] MCW rank 96 bound to socket 1[core 96[hwt 0-1]]: [../../../../../../../../../../../../../../../../../../../../../../../../../../../../../../../../../../../../../../../../../../../../../../../../../../../../../../../../../../../../../../../..][../../../../../../../../../../../../../../../../../../../../../../../../../../../../../../../../BB/../../../../../../../../../../../../../../../../../../../../../../../../../../../../../../.]
[rondeau:3960863] MCW rank 97 bound to socket 1[core 97[hwt 0-1]]: [../../../../../../../../../../../../../../../../../../../../../../../../../../../../../../../../../../../../../../../../../../../../../../../../../../../../../../../../../../../../../../../..][../../../../../../../../../../../../../../../../../../../../../../../../../../../../../../../../../BB/../../../../../../../../../../../../../../../../../../../../../../../../../../../../../.]
[rondeau:3960863] MCW rank 102 bound to socket 1[core 102[hwt 0-1]]: [../../../../../../../../../../../../../../../../../../../../../../../../../../../../../../../../../../../../../../../../../../../../../../../../../../../../../../../../../../../../../../../..][../../../../../../../../../../../../../../../../../../../../../../../../../../../../../../../../../../../../../../BB/../../../../../../../../../../../../../../../../../../../../../../../../.]
[rondeau:3960863] MCW rank 103 bound to socket 1[core 103[hwt 0-1]]: [../../../../../../../../../../../../../../../../../../../../../../../../../../../../../../../../../../../../../../../../../../../../../../../../../../../../../../../../../../../../../../../..][../../../../../../../../../../../../../../../../../../../../../../../../../../../../../../../../../../../../../../../BB/../../../../../../../../../../../../../../../../../../../../../../../.]
[rondeau:3960863] MCW rank 100 bound to socket 1[core 100[hwt 0-1]]: [../../../../../../../../../../../../../../../../../../../../../../../../../../../../../../../../../../../../../../../../../../../../../../../../../../../../../../../../../../../../../../../..][../../../../../../../../../../../../../../../../../../../../../../../../../../../../../../../../../../../../BB/../../../../../../../../../../../../../../../../../../../../../../../../../../.]
[rondeau:3960863] MCW rank 101 bound to socket 1[core 101[hwt 0-1]]: [../../../../../../../../../../../../../../../../../../../../../../../../../../../../../../../../../../../../../../../../../../../../../../../../../../../../../../../../../../../../../../../..][../../../../../../../../../../../../../../../../../../../../../../../../../../../../../../../../../../../../../BB/../../../../../../../../../../../../../../../../../../../../../../../../../.]
[rondeau:3960863] MCW rank 106 bound to socket 1[core 106[hwt 0-1]]: [../../../../../../../../../../../../../../../../../../../../../../../../../../../../../../../../../../../../../../../../../../../../../../../../../../../../../../../../../../../../../../../..][../../../../../../../../../../../../../../../../../../../../../../../../../../../../../../../../../../../../../../../../../../BB/../../../../../../../../../../../../../../../../../../../../.]
[rondeau:3960863] MCW rank 107 bound to socket 1[core 107[hwt 0-1]]: [../../../../../../../../../../../../../../../../../../../../../../../../../../../../../../../../../../../../../../../../../../../../../../../../../../../../../../../../../../../../../../../..][../../../../../../../../../../../../../../../../../../../../../../../../../../../../../../../../../../../../../../../../../../../BB/../../../../../../../../../../../../../../../../../../../.]
[rondeau:3960863] MCW rank 104 bound to socket 1[core 104[hwt 0-1]]: [../../../../../../../../../../../../../../../../../../../../../../../../../../../../../../../../../../../../../../../../../../../../../../../../../../../../../../../../../../../../../../../..][../../../../../../../../../../../../../../../../../../../../../../../../../../../../../../../../../../../../../../../../BB/../../../../../../../../../../../../../../../../../../../../../../.]
[rondeau:3960863] MCW rank 105 bound to socket 1[core 105[hwt 0-1]]: [../../../../../../../../../../../../../../../../../../../../../../../../../../../../../../../../../../../../../../../../../../../../../../../../../../../../../../../../../../../../../../../..][../../../../../../../../../../../../../../../../../../../../../../../../../../../../../../../../../../../../../../../../../BB/../../../../../../../../../../../../../../../../../../../../../.]
[rondeau:3960863] MCW rank 110 bound to socket 1[core 110[hwt 0-1]]: [../../../../../../../../../../../../../../../../../../../../../../../../../../../../../../../../../../../../../../../../../../../../../../../../../../../../../../../../../../../../../../../..][../../../../../../../../../../../../../../../../../../../../../../../../../../../../../../../../../../../../../../../../../../../../../../BB/../../../../../../../../../../../../../../../../.]
[rondeau:3960863] MCW rank 111 bound to socket 1[core 111[hwt 0-1]]: [../../../../../../../../../../../../../../../../../../../../../../../../../../../../../../../../../../../../../../../../../../../../../../../../../../../../../../../../../../../../../../../..][../../../../../../../../../../../../../../../../../../../../../../../../../../../../../../../../../../../../../../../../../../../../../../../BB/../../../../../../../../../../../../../../../.]
[rondeau:3960863] MCW rank 108 bound to socket 1[core 108[hwt 0-1]]: [../../../../../../../../../../../../../../../../../../../../../../../../../../../../../../../../../../../../../../../../../../../../../../../../../../../../../../../../../../../../../../../..][../../../../../../../../../../../../../../../../../../../../../../../../../../../../../../../../../../../../../../../../../../../../BB/../../../../../../../../../../../../../../../../../../.]
[rondeau:3960863] MCW rank 109 bound to socket 1[core 109[hwt 0-1]]: [../../../../../../../../../../../../../../../../../../../../../../../../../../../../../../../../../../../../../../../../../../../../../../../../../../../../../../../../../../../../../../../..][../../../../../../../../../../../../../../../../../../../../../../../../../../../../../../../../../../../../../../../../../../../../../BB/../../../../../../../../../../../../../../../../../.]
[rondeau:3960863] MCW rank 114 bound to socket 1[core 114[hwt 0-1]]: [../../../../../../../../../../../../../../../../../../../../../../../../../../../../../../../../../../../../../../../../../../../../../../../../../../../../../../../../../../../../../../../..][../../../../../../../../../../../../../../../../../../../../../../../../../../../../../../../../../../../../../../../../../../../../../../../../../../BB/../../../../../../../../../../../../.]
[rondeau:3960863] MCW rank 115 bound to socket 1[core 115[hwt 0-1]]: [../../../../../../../../../../../../../../../../../../../../../../../../../../../../../../../../../../../../../../../../../../../../../../../../../../../../../../../../../../../../../../../..][../../../../../../../../../../../../../../../../../../../../../../../../../../../../../../../../../../../../../../../../../../../../../../../../../../../BB/../../../../../../../../../../../.]
[rondeau:3960863] MCW rank 112 bound to socket 1[core 112[hwt 0-1]]: [../../../../../../../../../../../../../../../../../../../../../../../../../../../../../../../../../../../../../../../../../../../../../../../../../../../../../../../../../../../../../../../..][../../../../../../../../../../../../../../../../../../../../../../../../../../../../../../../../../../../../../../../../../../../../../../../../BB/../../../../../../../../../../../../../../.]
[rondeau:3960863] MCW rank 113 bound to socket 1[core 113[hwt 0-1]]: [../../../../../../../../../../../../../../../../../../../../../../../../../../../../../../../../../../../../../../../../../../../../../../../../../../../../../../../../../../../../../../../..][../../../../../../../../../../../../../../../../../../../../../../../../../../../../../../../../../../../../../../../../../../../../../../../../../BB/../../../../../../../../../../../../../.]
[rondeau:3960863] MCW rank 118 bound to socket 1[core 118[hwt 0-1]]: [../../../../../../../../../../../../../../../../../../../../../../../../../../../../../../../../../../../../../../../../../../../../../../../../../../../../../../../../../../../../../../../..][../../../../../../../../../../../../../../../../../../../../../../../../../../../../../../../../../../../../../../../../../../../../../../../../../../../../../../BB/../../../../../../../../.]
[rondeau:3960863] MCW rank 119 bound to socket 1[core 119[hwt 0-1]]: [../../../../../../../../../../../../../../../../../../../../../../../../../../../../../../../../../../../../../../../../../../../../../../../../../../../../../../../../../../../../../../../..][../../../../../../../../../../../../../../../../../../../../../../../../../../../../../../../../../../../../../../../../../../../../../../../../../../../../../../../BB/../../../../../../../.]
[rondeau:3960863] MCW rank 116 bound to socket 1[core 116[hwt 0-1]]: [../../../../../../../../../../../../../../../../../../../../../../../../../../../../../../../../../../../../../../../../../../../../../../../../../../../../../../../../../../../../../../../..][../../../../../../../../../../../../../../../../../../../../../../../../../../../../../../../../../../../../../../../../../../../../../../../../../../../../BB/../../../../../../../../../../.]
[rondeau:3960863] MCW rank 117 bound to socket 1[core 117[hwt 0-1]]: [../../../../../../../../../../../../../../../../../../../../../../../../../../../../../../../../../../../../../../../../../../../../../../../../../../../../../../../../../../../../../../../..][../../../../../../../../../../../../../../../../../../../../../../../../../../../../../../../../../../../../../../../../../../../../../../../../../../../../../BB/../../../../../../../../../.]
[rondeau:3960863] MCW rank 123 bound to socket 1[core 123[hwt 0-1]]: [../../../../../../../../../../../../../../../../../../../../../../../../../../../../../../../../../../../../../../../../../../../../../../../../../../../../../../../../../../../../../../../..][../../../../../../../../../../../../../../../../../../../../../../../../../../../../../../../../../../../../../../../../../../../../../../../../../../../../../../../../../../../BB/../../../.]
[rondeau:3960863] MCW rank 120 bound to socket 1[core 120[hwt 0-1]]: [../../../../../../../../../../../../../../../../../../../../../../../../../../../../../../../../../../../../../../../../../../../../../../../../../../../../../../../../../../../../../../../..][../../../../../../../../../../../../../../../../../../../../../../../../../../../../../../../../../../../../../../../../../../../../../../../../../../../../../../../../BB/../../../../../../.]
[rondeau:3960863] MCW rank 122 bound to socket 1[core 122[hwt 0-1]]: [../../../../../../../../../../../../../../../../../../../../../../../../../../../../../../../../../../../../../../../../../../../../../../../../../../../../../../../../../../../../../../../..][../../../../../../../../../../../../../../../../../../../../../../../../../../../../../../../../../../../../../../../../../../../../../../../../../../../../../../../../../../BB/../../../../.]
[rondeau:3960863] MCW rank 121 bound to socket 1[core 121[hwt 0-1]]: [../../../../../../../../../../../../../../../../../../../../../../../../../../../../../../../../../../../../../../../../../../../../../../../../../../../../../../../../../../../../../../../..][../../../../../../../../../../../../../../../../../../../../../../../../../../../../../../../../../../../../../../../../../../../../../../../../../../../../../../../../../BB/../../../../../.]
[rondeau:3960863] MCW rank 127 bound to socket 1[core 127[hwt 0]]: [../../../../../../../../../../../../../../../../../../../../../../../../../../../../../../../../../../../../../../../../../../../../../../../../../../../../../../../../../../../../../../../..][../../../../../../../../../../../../../../../../../../../../../../../../../../../../../../../../../../../../../../../../../../../../../../../../../../../../../../../../../../../../../../../B]
[rondeau:3960863] MCW rank 124 bound to socket 1[core 124[hwt 0-1]]: [../../../../../../../../../../../../../../../../../../../../../../../../../../../../../../../../../../../../../../../../../../../../../../../../../../../../../../../../../../../../../../../..][../../../../../../../../../../../../../../../../../../../../../../../../../../../../../../../../../../../../../../../../../../../../../../../../../../../../../../../../../../../../BB/../../.]
[rondeau:3960863] MCW rank 126 bound to socket 1[core 126[hwt 0-1]]: [../../../../../../../../../../../../../../../../../../../../../../../../../../../../../../../../../../../../../../../../../../../../../../../../../../../../../../../../../../../../../../../..][../../../../../../../../../../../../../../../../../../../../../../../../../../../../../../../../../../../../../../../../../../../../../../../../../../../../../../../../../../../../../../BB/.]
[rondeau:3960863] MCW rank 125 bound to socket 1[core 125[hwt 0-1]]: [../../../../../../../../../../../../../../../../../../../../../../../../../../../../../../../../../../../../../../../../../../../../../../../../../../../../../../../../../../../../../../../..][../../../../../../../../../../../../../../../../../../../../../../../../../../../../../../../../../../../../../../../../../../../../../../../../../../../../../../../../../../../../../BB/../.]
Rank 72: CPU, Julia threads 1Rank 73: CPU, Julia threads 1Rank 74: CPU, Julia threads 1Rank 75: CPU, Julia threads 1Rank 76: CPU, Julia threads 1Rank 77: CPU, Julia threads 1Rank 78: CPU, Julia threads 1Rank 79: CPU, Julia threads 1Rank 120: CPU, Julia threads 1
Rank 121: CPU, Julia threads 1
Rank 122: CPU, Julia threads 1
Rank 123: CPU, Julia threads 1
Rank 124: CPU, Julia threads 1
Rank 125: CPU, Julia threads 1
Rank 126: CPU, Julia threads 1
Rank 127: CPU, Julia threads 1







Rank 80: CPU, Julia threads 1
Rank 81: CPU, Julia threads 1
Rank 82: CPU, Julia threads 1
Rank 83: CPU, Julia threads 1
Rank 84: CPU, Julia threads 1
Rank 85: CPU, Julia threads 1
Rank 86: CPU, Julia threads 1
Rank 87: CPU, Julia threads 1

Rank 71: CPU, Julia threads 1Rank 88: CPU, Julia threads 1Rank 89: CPU, Julia threads 1Rank 90: CPU, Julia threads 1Rank 91: CPU, Julia threads 1Rank 92: CPU, Julia threads 1Rank 93: CPU, Julia threads 1Rank 94: CPU, Julia threads 1Rank 95: CPU, Julia threads 1Rank 96: CPU, Julia threads 1Rank 97: CPU, Julia threads 1Rank 98: CPU, Julia threads 1Rank 99: CPU, Julia threads 1Rank 100: CPU, Julia threads 1Rank 101: CPU, Julia threads 1Rank 102: CPU, Julia threads 1Rank 103: CPU, Julia threads 1Rank 104: CPU, Julia threads 1Rank 105: CPU, Julia threads 1Rank 106: CPU, Julia threads 1
Rank 107: CPU, Julia threads 1Rank 108: CPU, Julia threads 1Rank 109: CPU, Julia threads 1Rank 110: CPU, Julia threads 1
Rank 111: CPU, Julia threads 1Rank 112: CPU, Julia threads 1Rank 113: CPU, Julia threads 1Rank 114: CPU, Julia threads 1Rank 115: CPU, Julia threads 1Rank 116: CPU, Julia threads 1Rank 117: CPU, Julia threads 1Rank 118: CPU, Julia threads 1Rank 119: CPU, Julia threads 1Rank 1: CPU, Julia threads 1Rank 2: CPU, Julia threads 1Rank 3: CPU, Julia threads 1Rank 4: CPU, Julia threads 1Rank 6: CPU, Julia threads 1Rank 7: CPU, Julia threads 1Rank 64: CPU, Julia threads 1Rank 65: CPU, Julia threads 1Rank 66: CPU, Julia threads 1Rank 67: CPU, Julia threads 1Rank 68: CPU, Julia threads 1Rank 69: CPU, Julia threads 1Rank 70: CPU, Julia threads 1











































Rank 60: CPU, Julia threads 1Rank 61: CPU, Julia threads 1Rank 62: CPU, Julia threads 1Rank 63: CPU, Julia threads 1Rank 8: CPU, Julia threads 1
Rank 9: CPU, Julia threads 1
Rank 10: CPU, Julia threads 1
Rank 11: CPU, Julia threads 1
Rank 12: CPU, Julia threads 1
Rank 13: CPU, Julia threads 1
Rank 14: CPU, Julia threads 1
Rank 15: CPU, Julia threads 1
Rank 16: CPU, Julia threads 1
Rank 17: CPU, Julia threads 1
Rank 18: CPU, Julia threads 1
Rank 19: CPU, Julia threads 1
Rank 20: CPU, Julia threads 1
Rank 21: CPU, Julia threads 1
Rank 22: CPU, Julia threads 1
Rank 23: CPU, Julia threads 1
Rank 24: CPU, Julia threads 1Rank 25: CPU, Julia threads 1Rank 26: CPU, Julia threads 1Rank 27: CPU, Julia threads 1Rank 28: CPU, Julia threads 1Rank 29: CPU, Julia threads 1Rank 30: CPU, Julia threads 1Rank 31: CPU, Julia threads 1Rank 32: CPU, Julia threads 1Rank 33: CPU, Julia threads 1Rank 34: CPU, Julia threads 1Rank 35: CPU, Julia threads 1Rank 36: CPU, Julia threads 1Rank 37: CPU, Julia threads 1Rank 38: CPU, Julia threads 1Rank 39: CPU, Julia threads 1Rank 48: CPU, Julia threads 1Rank 49: CPU, Julia threads 1Rank 51: CPU, Julia threads 1Rank 52: CPU, Julia threads 1Rank 53: CPU, Julia threads 1Rank 54: CPU, Julia threads 1
Rank 55: CPU, Julia threads 1Rank 56: CPU, Julia threads 1Rank 57: CPU, Julia threads 1Rank 58: CPU, Julia threads 1Rank 59: CPU, Julia threads 1




















Rank 40: CPU, Julia threads 1
Rank 41: CPU, Julia threads 1
Rank 42: CPU, Julia threads 1
Rank 43: CPU, Julia threads 1
Rank 44: CPU, Julia threads 1
Rank 45: CPU, Julia threads 1
Rank 46: CPU, Julia threads 1
Rank 47: CPU, Julia threads 1


Rank 50: CPU, Julia threads 1







Rank 5: CPU, Julia threads 1
MPIPreferences:
  binary:  system
  abi:     OpenMPI
  libmpi:  /opt/uw/openmpi/4.1.7-with-cuda/lib/libmpi.so
  mpiexec: /opt/uw/openmpi/4.1.7-with-cuda/bin/mpiexec

Package versions
  MPI.jl:             0.20.27
  MPIPreferences.jl:  0.1.12

Library information:
  libmpi:  /opt/uw/openmpi/4.1.7-with-cuda/lib/libmpi.so
  libmpi dlpath:  /opt/uw/openmpi/4.1.7-with-cuda/lib/libmpi.so
  MPI version:  3.1.0
  Library version:  
    Open MPI v4.1.7, package: Open MPI dsteinmo@mf003507-apc.math.uwaterloo.ca Distribution, ident: 4.1.7, repo rev: v4.1.7, Oct 31, 2024 
  MPI launcher: /opt/uw/openmpi/4.1.7-with-cuda/bin/mpiexec
  MPI launcher path: /opt/uw/openmpi/4.1.7-with-cuda/bin/mpiexec
Rank 0: CPU, Julia threads 1
MPI check passed for CPU on 128 ranks.
mpiexec -n 128 --map-by core --bind-to core --report-bindings julia --threads=1 --project=benchmarking benchmarking/run_benchmarks.jl --float_type=Float64 --momentum_advection=WENOVectorInvariantDefault --tracer_advection=WENO7 --closure=CATKE --timestepper=SplitRungeKutta3 --tracers=T\,S --dt=60 --warmup_steps=2 --time_steps=10 --samples=5 --device=CPU --size=720x360x50 --grid_type=tripolar --distributed --partition=16x8x1 --output=/local_scratch/ajtse/rondeau-extensions/2026-09-27T200418Z_cpu_scaling_3939819/cpu_scaling/128_cores/results.json 
[rondeau:3962671] MCW rank 0 bound to socket 0[core 0[hwt 0-1]]: [BB/../../../../../../../../../../../../../../../../../../../../../../../../../../../../../../../../../../../../../../../../../../../../../../../../../../../../../../../../../../../../../../..][../../../../../../../../../../../../../../../../../../../../../../../../../../../../../../../../../../../../../../../../../../../../../../../../../../../../../../../../../../../../../../../.]
[rondeau:3962671] MCW rank 1 bound to socket 0[core 1[hwt 0-1]]: [../BB/../../../../../../../../../../../../../../../../../../../../../../../../../../../../../../../../../../../../../../../../../../../../../../../../../../../../../../../../../../../../../..][../../../../../../../../../../../../../../../../../../../../../../../../../../../../../../../../../../../../../../../../../../../../../../../../../../../../../../../../../../../../../../../.]
[rondeau:3962671] MCW rank 2 bound to socket 0[core 2[hwt 0-1]]: [../../BB/../../../../../../../../../../../../../../../../../../../../../../../../../../../../../../../../../../../../../../../../../../../../../../../../../../../../../../../../../../../../..][../../../../../../../../../../../../../../../../../../../../../../../../../../../../../../../../../../../../../../../../../../../../../../../../../../../../../../../../../../../../../../../.]
[rondeau:3962671] MCW rank 3 bound to socket 0[core 3[hwt 0-1]]: [../../../BB/../../../../../../../../../../../../../../../../../../../../../../../../../../../../../../../../../../../../../../../../../../../../../../../../../../../../../../../../../../../..][../../../../../../../../../../../../../../../../../../../../../../../../../../../../../../../../../../../../../../../../../../../../../../../../../../../../../../../../../../../../../../../.]
[rondeau:3962671] MCW rank 4 bound to socket 0[core 4[hwt 0-1]]: [../../../../BB/../../../../../../../../../../../../../../../../../../../../../../../../../../../../../../../../../../../../../../../../../../../../../../../../../../../../../../../../../../..][../../../../../../../../../../../../../../../../../../../../../../../../../../../../../../../../../../../../../../../../../../../../../../../../../../../../../../../../../../../../../../../.]
[rondeau:3962671] MCW rank 5 bound to socket 0[core 5[hwt 0-1]]: [../../../../../BB/../../../../../../../../../../../../../../../../../../../../../../../../../../../../../../../../../../../../../../../../../../../../../../../../../../../../../../../../../..][../../../../../../../../../../../../../../../../../../../../../../../../../../../../../../../../../../../../../../../../../../../../../../../../../../../../../../../../../../../../../../../.]
[rondeau:3962671] MCW rank 6 bound to socket 0[core 6[hwt 0-1]]: [../../../../../../BB/../../../../../../../../../../../../../../../../../../../../../../../../../../../../../../../../../../../../../../../../../../../../../../../../../../../../../../../../..][../../../../../../../../../../../../../../../../../../../../../../../../../../../../../../../../../../../../../../../../../../../../../../../../../../../../../../../../../../../../../../../.]
[rondeau:3962671] MCW rank 7 bound to socket 0[core 7[hwt 0-1]]: [../../../../../../../BB/../../../../../../../../../../../../../../../../../../../../../../../../../../../../../../../../../../../../../../../../../../../../../../../../../../../../../../../..][../../../../../../../../../../../../../../../../../../../../../../../../../../../../../../../../../../../../../../../../../../../../../../../../../../../../../../../../../../../../../../../.]
[rondeau:3962671] MCW rank 8 bound to socket 0[core 8[hwt 0-1]]: [../../../../../../../../BB/../../../../../../../../../../../../../../../../../../../../../../../../../../../../../../../../../../../../../../../../../../../../../../../../../../../../../../..][../../../../../../../../../../../../../../../../../../../../../../../../../../../../../../../../../../../../../../../../../../../../../../../../../../../../../../../../../../../../../../../.]
[rondeau:3962671] MCW rank 9 bound to socket 0[core 9[hwt 0-1]]: [../../../../../../../../../BB/../../../../../../../../../../../../../../../../../../../../../../../../../../../../../../../../../../../../../../../../../../../../../../../../../../../../../..][../../../../../../../../../../../../../../../../../../../../../../../../../../../../../../../../../../../../../../../../../../../../../../../../../../../../../../../../../../../../../../../.]
[rondeau:3962671] MCW rank 10 bound to socket 0[core 10[hwt 0-1]]: [../../../../../../../../../../BB/../../../../../../../../../../../../../../../../../../../../../../../../../../../../../../../../../../../../../../../../../../../../../../../../../../../../..][../../../../../../../../../../../../../../../../../../../../../../../../../../../../../../../../../../../../../../../../../../../../../../../../../../../../../../../../../../../../../../../.]
[rondeau:3962671] MCW rank 11 bound to socket 0[core 11[hwt 0-1]]: [../../../../../../../../../../../BB/../../../../../../../../../../../../../../../../../../../../../../../../../../../../../../../../../../../../../../../../../../../../../../../../../../../..][../../../../../../../../../../../../../../../../../../../../../../../../../../../../../../../../../../../../../../../../../../../../../../../../../../../../../../../../../../../../../../../.]
[rondeau:3962671] MCW rank 12 bound to socket 0[core 12[hwt 0-1]]: [../../../../../../../../../../../../BB/../../../../../../../../../../../../../../../../../../../../../../../../../../../../../../../../../../../../../../../../../../../../../../../../../../..][../../../../../../../../../../../../../../../../../../../../../../../../../../../../../../../../../../../../../../../../../../../../../../../../../../../../../../../../../../../../../../../.]
[rondeau:3962671] MCW rank 13 bound to socket 0[core 13[hwt 0-1]]: [../../../../../../../../../../../../../BB/../../../../../../../../../../../../../../../../../../../../../../../../../../../../../../../../../../../../../../../../../../../../../../../../../..][../../../../../../../../../../../../../../../../../../../../../../../../../../../../../../../../../../../../../../../../../../../../../../../../../../../../../../../../../../../../../../../.]
[rondeau:3962671] MCW rank 14 bound to socket 0[core 14[hwt 0-1]]: [../../../../../../../../../../../../../../BB/../../../../../../../../../../../../../../../../../../../../../../../../../../../../../../../../../../../../../../../../../../../../../../../../..][../../../../../../../../../../../../../../../../../../../../../../../../../../../../../../../../../../../../../../../../../../../../../../../../../../../../../../../../../../../../../../../.]
[rondeau:3962671] MCW rank 15 bound to socket 0[core 15[hwt 0-1]]: [../../../../../../../../../../../../../../../BB/../../../../../../../../../../../../../../../../../../../../../../../../../../../../../../../../../../../../../../../../../../../../../../../..][../../../../../../../../../../../../../../../../../../../../../../../../../../../../../../../../../../../../../../../../../../../../../../../../../../../../../../../../../../../../../../../.]
[rondeau:3962671] MCW rank 16 bound to socket 0[core 16[hwt 0-1]]: [../../../../../../../../../../../../../../../../BB/../../../../../../../../../../../../../../../../../../../../../../../../../../../../../../../../../../../../../../../../../../../../../../..][../../../../../../../../../../../../../../../../../../../../../../../../../../../../../../../../../../../../../../../../../../../../../../../../../../../../../../../../../../../../../../../.]
[rondeau:3962671] MCW rank 17 bound to socket 0[core 17[hwt 0-1]]: [../../../../../../../../../../../../../../../../../BB/../../../../../../../../../../../../../../../../../../../../../../../../../../../../../../../../../../../../../../../../../../../../../..][../../../../../../../../../../../../../../../../../../../../../../../../../../../../../../../../../../../../../../../../../../../../../../../../../../../../../../../../../../../../../../../.]
[rondeau:3962671] MCW rank 18 bound to socket 0[core 18[hwt 0-1]]: [../../../../../../../../../../../../../../../../../../BB/../../../../../../../../../../../../../../../../../../../../../../../../../../../../../../../../../../../../../../../../../../../../..][../../../../../../../../../../../../../../../../../../../../../../../../../../../../../../../../../../../../../../../../../../../../../../../../../../../../../../../../../../../../../../../.]
[rondeau:3962671] MCW rank 19 bound to socket 0[core 19[hwt 0-1]]: [../../../../../../../../../../../../../../../../../../../BB/../../../../../../../../../../../../../../../../../../../../../../../../../../../../../../../../../../../../../../../../../../../..][../../../../../../../../../../../../../../../../../../../../../../../../../../../../../../../../../../../../../../../../../../../../../../../../../../../../../../../../../../../../../../../.]
[rondeau:3962671] MCW rank 20 bound to socket 0[core 20[hwt 0-1]]: [../../../../../../../../../../../../../../../../../../../../BB/../../../../../../../../../../../../../../../../../../../../../../../../../../../../../../../../../../../../../../../../../../..][../../../../../../../../../../../../../../../../../../../../../../../../../../../../../../../../../../../../../../../../../../../../../../../../../../../../../../../../../../../../../../../.]
[rondeau:3962671] MCW rank 21 bound to socket 0[core 21[hwt 0-1]]: [../../../../../../../../../../../../../../../../../../../../../BB/../../../../../../../../../../../../../../../../../../../../../../../../../../../../../../../../../../../../../../../../../..][../../../../../../../../../../../../../../../../../../../../../../../../../../../../../../../../../../../../../../../../../../../../../../../../../../../../../../../../../../../../../../../.]
[rondeau:3962671] MCW rank 22 bound to socket 0[core 22[hwt 0-1]]: [../../../../../../../../../../../../../../../../../../../../../../BB/../../../../../../../../../../../../../../../../../../../../../../../../../../../../../../../../../../../../../../../../..][../../../../../../../../../../../../../../../../../../../../../../../../../../../../../../../../../../../../../../../../../../../../../../../../../../../../../../../../../../../../../../../.]
[rondeau:3962671] MCW rank 23 bound to socket 0[core 23[hwt 0-1]]: [../../../../../../../../../../../../../../../../../../../../../../../BB/../../../../../../../../../../../../../../../../../../../../../../../../../../../../../../../../../../../../../../../..][../../../../../../../../../../../../../../../../../../../../../../../../../../../../../../../../../../../../../../../../../../../../../../../../../../../../../../../../../../../../../../../.]
[rondeau:3962671] MCW rank 24 bound to socket 0[core 24[hwt 0-1]]: [../../../../../../../../../../../../../../../../../../../../../../../../BB/../../../../../../../../../../../../../../../../../../../../../../../../../../../../../../../../../../../../../../..][../../../../../../../../../../../../../../../../../../../../../../../../../../../../../../../../../../../../../../../../../../../../../../../../../../../../../../../../../../../../../../../.]
[rondeau:3962671] MCW rank 25 bound to socket 0[core 25[hwt 0-1]]: [../../../../../../../../../../../../../../../../../../../../../../../../../BB/../../../../../../../../../../../../../../../../../../../../../../../../../../../../../../../../../../../../../..][../../../../../../../../../../../../../../../../../../../../../../../../../../../../../../../../../../../../../../../../../../../../../../../../../../../../../../../../../../../../../../../.]
[rondeau:3962671] MCW rank 26 bound to socket 0[core 26[hwt 0-1]]: [../../../../../../../../../../../../../../../../../../../../../../../../../../BB/../../../../../../../../../../../../../../../../../../../../../../../../../../../../../../../../../../../../..][../../../../../../../../../../../../../../../../../../../../../../../../../../../../../../../../../../../../../../../../../../../../../../../../../../../../../../../../../../../../../../../.]
[rondeau:3962671] MCW rank 27 bound to socket 0[core 27[hwt 0-1]]: [../../../../../../../../../../../../../../../../../../../../../../../../../../../BB/../../../../../../../../../../../../../../../../../../../../../../../../../../../../../../../../../../../..][../../../../../../../../../../../../../../../../../../../../../../../../../../../../../../../../../../../../../../../../../../../../../../../../../../../../../../../../../../../../../../../.]
[rondeau:3962671] MCW rank 29 bound to socket 0[core 29[hwt 0-1]]: [../../../../../../../../../../../../../../../../../../../../../../../../../../../../../BB/../../../../../../../../../../../../../../../../../../../../../../../../../../../../../../../../../..][../../../../../../../../../../../../../../../../../../../../../../../../../../../../../../../../../../../../../../../../../../../../../../../../../../../../../../../../../../../../../../../.]
[rondeau:3962671] MCW rank 30 bound to socket 0[core 30[hwt 0-1]]: [../../../../../../../../../../../../../../../../../../../../../../../../../../../../../../BB/../../../../../../../../../../../../../../../../../../../../../../../../../../../../../../../../..][../../../../../../../../../../../../../../../../../../../../../../../../../../../../../../../../../../../../../../../../../../../../../../../../../../../../../../../../../../../../../../../.]
[rondeau:3962671] MCW rank 31 bound to socket 0[core 31[hwt 0-1]]: [../../../../../../../../../../../../../../../../../../../../../../../../../../../../../../../BB/../../../../../../../../../../../../../../../../../../../../../../../../../../../../../../../..][../../../../../../../../../../../../../../../../../../../../../../../../../../../../../../../../../../../../../../../../../../../../../../../../../../../../../../../../../../../../../../../.]
[rondeau:3962671] MCW rank 33 bound to socket 0[core 33[hwt 0-1]]: [../../../../../../../../../../../../../../../../../../../../../../../../../../../../../../../../../BB/../../../../../../../../../../../../../../../../../../../../../../../../../../../../../..][../../../../../../../../../../../../../../../../../../../../../../../../../../../../../../../../../../../../../../../../../../../../../../../../../../../../../../../../../../../../../../../.]
[rondeau:3962671] MCW rank 34 bound to socket 0[core 34[hwt 0-1]]: [../../../../../../../../../../../../../../../../../../../../../../../../../../../../../../../../../../BB/../../../../../../../../../../../../../../../../../../../../../../../../../../../../..][../../../../../../../../../../../../../../../../../../../../../../../../../../../../../../../../../../../../../../../../../../../../../../../../../../../../../../../../../../../../../../../.]
[rondeau:3962671] MCW rank 35 bound to socket 0[core 35[hwt 0-1]]: [../../../../../../../../../../../../../../../../../../../../../../../../../../../../../../../../../../../BB/../../../../../../../../../../../../../../../../../../../../../../../../../../../..][../../../../../../../../../../../../../../../../../../../../../../../../../../../../../../../../../../../../../../../../../../../../../../../../../../../../../../../../../../../../../../../.]
[rondeau:3962671] MCW rank 37 bound to socket 0[core 37[hwt 0-1]]: [../../../../../../../../../../../../../../../../../../../../../../../../../../../../../../../../../../../../../BB/../../../../../../../../../../../../../../../../../../../../../../../../../..][../../../../../../../../../../../../../../../../../../../../../../../../../../../../../../../../../../../../../../../../../../../../../../../../../../../../../../../../../../../../../../../.]
[rondeau:3962671] MCW rank 38 bound to socket 0[core 38[hwt 0-1]]: [../../../../../../../../../../../../../../../../../../../../../../../../../../../../../../../../../../../../../../BB/../../../../../../../../../../../../../../../../../../../../../../../../..][../../../../../../../../../../../../../../../../../../../../../../../../../../../../../../../../../../../../../../../../../../../../../../../../../../../../../../../../../../../../../../../.]
[rondeau:3962671] MCW rank 39 bound to socket 0[core 39[hwt 0-1]]: [../../../../../../../../../../../../../../../../../../../../../../../../../../../../../../../../../../../../../../../BB/../../../../../../../../../../../../../../../../../../../../../../../..][../../../../../../../../../../../../../../../../../../../../../../../../../../../../../../../../../../../../../../../../../../../../../../../../../../../../../../../../../../../../../../../.]
[rondeau:3962671] MCW rank 41 bound to socket 0[core 41[hwt 0-1]]: [../../../../../../../../../../../../../../../../../../../../../../../../../../../../../../../../../../../../../../../../../BB/../../../../../../../../../../../../../../../../../../../../../..][../../../../../../../../../../../../../../../../../../../../../../../../../../../../../../../../../../../../../../../../../../../../../../../../../../../../../../../../../../../../../../../.]
[rondeau:3962671] MCW rank 42 bound to socket 0[core 42[hwt 0-1]]: [../../../../../../../../../../../../../../../../../../../../../../../../../../../../../../../../../../../../../../../../../../BB/../../../../../../../../../../../../../../../../../../../../..][../../../../../../../../../../../../../../../../../../../../../../../../../../../../../../../../../../../../../../../../../../../../../../../../../../../../../../../../../../../../../../../.]
[rondeau:3962671] MCW rank 43 bound to socket 0[core 43[hwt 0-1]]: [../../../../../../../../../../../../../../../../../../../../../../../../../../../../../../../../../../../../../../../../../../../BB/../../../../../../../../../../../../../../../../../../../..][../../../../../../../../../../../../../../../../../../../../../../../../../../../../../../../../../../../../../../../../../../../../../../../../../../../../../../../../../../../../../../../.]
[rondeau:3962671] MCW rank 46 bound to socket 0[core 46[hwt 0-1]]: [../../../../../../../../../../../../../../../../../../../../../../../../../../../../../../../../../../../../../../../../../../../../../../BB/../../../../../../../../../../../../../../../../..][../../../../../../../../../../../../../../../../../../../../../../../../../../../../../../../../../../../../../../../../../../../../../../../../../../../../../../../../../../../../../../../.]
[rondeau:3962671] MCW rank 47 bound to socket 0[core 47[hwt 0-1]]: [../../../../../../../../../../../../../../../../../../../../../../../../../../../../../../../../../../../../../../../../../../../../../../../BB/../../../../../../../../../../../../../../../..][../../../../../../../../../../../../../../../../../../../../../../../../../../../../../../../../../../../../../../../../../../../../../../../../../../../../../../../../../../../../../../../.]
[rondeau:3962671] MCW rank 45 bound to socket 0[core 45[hwt 0-1]]: [../../../../../../../../../../../../../../../../../../../../../../../../../../../../../../../../../../../../../../../../../../../../../BB/../../../../../../../../../../../../../../../../../..][../../../../../../../../../../../../../../../../../../../../../../../../../../../../../../../../../../../../../../../../../../../../../../../../../../../../../../../../../../../../../../../.]
[rondeau:3962671] MCW rank 50 bound to socket 0[core 50[hwt 0-1]]: [../../../../../../../../../../../../../../../../../../../../../../../../../../../../../../../../../../../../../../../../../../../../../../../../../../BB/../../../../../../../../../../../../..][../../../../../../../../../../../../../../../../../../../../../../../../../../../../../../../../../../../../../../../../../../../../../../../../../../../../../../../../../../../../../../../.]
[rondeau:3962671] MCW rank 28 bound to socket 0[core 28[hwt 0-1]]: [../../../../../../../../../../../../../../../../../../../../../../../../../../../../BB/../../../../../../../../../../../../../../../../../../../../../../../../../../../../../../../../../../..][../../../../../../../../../../../../../../../../../../../../../../../../../../../../../../../../../../../../../../../../../../../../../../../../../../../../../../../../../../../../../../../.]
[rondeau:3962671] MCW rank 51 bound to socket 0[core 51[hwt 0-1]]: [../../../../../../../../../../../../../../../../../../../../../../../../../../../../../../../../../../../../../../../../../../../../../../../../../../../BB/../../../../../../../../../../../..][../../../../../../../../../../../../../../../../../../../../../../../../../../../../../../../../../../../../../../../../../../../../../../../../../../../../../../../../../../../../../../../.]
[rondeau:3962671] MCW rank 49 bound to socket 0[core 49[hwt 0-1]]: [../../../../../../../../../../../../../../../../../../../../../../../../../../../../../../../../../../../../../../../../../../../../../../../../../BB/../../../../../../../../../../../../../..][../../../../../../../../../../../../../../../../../../../../../../../../../../../../../../../../../../../../../../../../../../../../../../../../../../../../../../../../../../../../../../../.]
[rondeau:3962671] MCW rank 54 bound to socket 0[core 54[hwt 0-1]]: [../../../../../../../../../../../../../../../../../../../../../../../../../../../../../../../../../../../../../../../../../../../../../../../../../../../../../../BB/../../../../../../../../..][../../../../../../../../../../../../../../../../../../../../../../../../../../../../../../../../../../../../../../../../../../../../../../../../../../../../../../../../../../../../../../../.]
[rondeau:3962671] MCW rank 55 bound to socket 0[core 55[hwt 0-1]]: [../../../../../../../../../../../../../../../../../../../../../../../../../../../../../../../../../../../../../../../../../../../../../../../../../../../../../../../BB/../../../../../../../..][../../../../../../../../../../../../../../../../../../../../../../../../../../../../../../../../../../../../../../../../../../../../../../../../../../../../../../../../../../../../../../../.]
[rondeau:3962671] MCW rank 53 bound to socket 0[core 53[hwt 0-1]]: [../../../../../../../../../../../../../../../../../../../../../../../../../../../../../../../../../../../../../../../../../../../../../../../../../../../../../BB/../../../../../../../../../..][../../../../../../../../../../../../../../../../../../../../../../../../../../../../../../../../../../../../../../../../../../../../../../../../../../../../../../../../../../../../../../../.]
[rondeau:3962671] MCW rank 32 bound to socket 0[core 32[hwt 0-1]]: [../../../../../../../../../../../../../../../../../../../../../../../../../../../../../../../../BB/../../../../../../../../../../../../../../../../../../../../../../../../../../../../../../..][../../../../../../../../../../../../../../../../../../../../../../../../../../../../../../../../../../../../../../../../../../../../../../../../../../../../../../../../../../../../../../../.]
[rondeau:3962671] MCW rank 58 bound to socket 0[core 58[hwt 0-1]]: [../../../../../../../../../../../../../../../../../../../../../../../../../../../../../../../../../../../../../../../../../../../../../../../../../../../../../../../../../../BB/../../../../..][../../../../../../../../../../../../../../../../../../../../../../../../../../../../../../../../../../../../../../../../../../../../../../../../../../../../../../../../../../../../../../../.]
[rondeau:3962671] MCW rank 59 bound to socket 0[core 59[hwt 0-1]]: [../../../../../../../../../../../../../../../../../../../../../../../../../../../../../../../../../../../../../../../../../../../../../../../../../../../../../../../../../../../BB/../../../..][../../../../../../../../../../../../../../../../../../../../../../../../../../../../../../../../../../../../../../../../../../../../../../../../../../../../../../../../../../../../../../../.]
[rondeau:3962671] MCW rank 57 bound to socket 0[core 57[hwt 0-1]]: [../../../../../../../../../../../../../../../../../../../../../../../../../../../../../../../../../../../../../../../../../../../../../../../../../../../../../../../../../BB/../../../../../..][../../../../../../../../../../../../../../../../../../../../../../../../../../../../../../../../../../../../../../../../../../../../../../../../../../../../../../../../../../../../../../../.]
[rondeau:3962671] MCW rank 36 bound to socket 0[core 36[hwt 0-1]]: [../../../../../../../../../../../../../../../../../../../../../../../../../../../../../../../../../../../../BB/../../../../../../../../../../../../../../../../../../../../../../../../../../..][../../../../../../../../../../../../../../../../../../../../../../../../../../../../../../../../../../../../../../../../../../../../../../../../../../../../../../../../../../../../../../../.]
[rondeau:3962671] MCW rank 62 bound to socket 0[core 62[hwt 0-1]]: [../../../../../../../../../../../../../../../../../../../../../../../../../../../../../../../../../../../../../../../../../../../../../../../../../../../../../../../../../../../../../../BB/..][../../../../../../../../../../../../../../../../../../../../../../../../../../../../../../../../../../../../../../../../../../../../../../../../../../../../../../../../../../../../../../../.]
[rondeau:3962671] MCW rank 63 bound to socket 0[core 63[hwt 0-1]]: [../../../../../../../../../../../../../../../../../../../../../../../../../../../../../../../../../../../../../../../../../../../../../../../../../../../../../../../../../../../../../../../BB][../../../../../../../../../../../../../../../../../../../../../../../../../../../../../../../../../../../../../../../../../../../../../../../../../../../../../../../../../../../../../../../.]
[rondeau:3962671] MCW rank 61 bound to socket 0[core 61[hwt 0-1]]: [../../../../../../../../../../../../../../../../../../../../../../../../../../../../../../../../../../../../../../../../../../../../../../../../../../../../../../../../../../../../../BB/../..][../../../../../../../../../../../../../../../../../../../../../../../../../../../../../../../../../../../../../../../../../../../../../../../../../../../../../../../../../../../../../../../.]
[rondeau:3962671] MCW rank 40 bound to socket 0[core 40[hwt 0-1]]: [../../../../../../../../../../../../../../../../../../../../../../../../../../../../../../../../../../../../../../../../BB/../../../../../../../../../../../../../../../../../../../../../../..][../../../../../../../../../../../../../../../../../../../../../../../../../../../../../../../../../../../../../../../../../../../../../../../../../../../../../../../../../../../../../../../.]
[rondeau:3962671] MCW rank 66 bound to socket 1[core 66[hwt 0-1]]: [../../../../../../../../../../../../../../../../../../../../../../../../../../../../../../../../../../../../../../../../../../../../../../../../../../../../../../../../../../../../../../../..][../../BB/../../../../../../../../../../../../../../../../../../../../../../../../../../../../../../../../../../../../../../../../../../../../../../../../../../../../../../../../../../../../.]
[rondeau:3962671] MCW rank 67 bound to socket 1[core 67[hwt 0-1]]: [../../../../../../../../../../../../../../../../../../../../../../../../../../../../../../../../../../../../../../../../../../../../../../../../../../../../../../../../../../../../../../../..][../../../BB/../../../../../../../../../../../../../../../../../../../../../../../../../../../../../../../../../../../../../../../../../../../../../../../../../../../../../../../../../../../.]
[rondeau:3962671] MCW rank 65 bound to socket 1[core 65[hwt 0-1]]: [../../../../../../../../../../../../../../../../../../../../../../../../../../../../../../../../../../../../../../../../../../../../../../../../../../../../../../../../../../../../../../../..][../BB/../../../../../../../../../../../../../../../../../../../../../../../../../../../../../../../../../../../../../../../../../../../../../../../../../../../../../../../../../../../../../.]
[rondeau:3962671] MCW rank 70 bound to socket 1[core 70[hwt 0-1]]: [../../../../../../../../../../../../../../../../../../../../../../../../../../../../../../../../../../../../../../../../../../../../../../../../../../../../../../../../../../../../../../../..][../../../../../../BB/../../../../../../../../../../../../../../../../../../../../../../../../../../../../../../../../../../../../../../../../../../../../../../../../../../../../../../../../.]
[rondeau:3962671] MCW rank 71 bound to socket 1[core 71[hwt 0-1]]: [../../../../../../../../../../../../../../../../../../../../../../../../../../../../../../../../../../../../../../../../../../../../../../../../../../../../../../../../../../../../../../../..][../../../../../../../BB/../../../../../../../../../../../../../../../../../../../../../../../../../../../../../../../../../../../../../../../../../../../../../../../../../../../../../../../.]
[rondeau:3962671] MCW rank 69 bound to socket 1[core 69[hwt 0-1]]: [../../../../../../../../../../../../../../../../../../../../../../../../../../../../../../../../../../../../../../../../../../../../../../../../../../../../../../../../../../../../../../../..][../../../../../BB/../../../../../../../../../../../../../../../../../../../../../../../../../../../../../../../../../../../../../../../../../../../../../../../../../../../../../../../../../.]
[rondeau:3962671] MCW rank 44 bound to socket 0[core 44[hwt 0-1]]: [../../../../../../../../../../../../../../../../../../../../../../../../../../../../../../../../../../../../../../../../../../../../BB/../../../../../../../../../../../../../../../../../../..][../../../../../../../../../../../../../../../../../../../../../../../../../../../../../../../../../../../../../../../../../../../../../../../../../../../../../../../../../../../../../../../.]
[rondeau:3962671] MCW rank 74 bound to socket 1[core 74[hwt 0-1]]: [../../../../../../../../../../../../../../../../../../../../../../../../../../../../../../../../../../../../../../../../../../../../../../../../../../../../../../../../../../../../../../../..][../../../../../../../../../../BB/../../../../../../../../../../../../../../../../../../../../../../../../../../../../../../../../../../../../../../../../../../../../../../../../../../../../.]
[rondeau:3962671] MCW rank 75 bound to socket 1[core 75[hwt 0-1]]: [../../../../../../../../../../../../../../../../../../../../../../../../../../../../../../../../../../../../../../../../../../../../../../../../../../../../../../../../../../../../../../../..][../../../../../../../../../../../BB/../../../../../../../../../../../../../../../../../../../../../../../../../../../../../../../../../../../../../../../../../../../../../../../../../../../.]
[rondeau:3962671] MCW rank 73 bound to socket 1[core 73[hwt 0-1]]: [../../../../../../../../../../../../../../../../../../../../../../../../../../../../../../../../../../../../../../../../../../../../../../../../../../../../../../../../../../../../../../../..][../../../../../../../../../BB/../../../../../../../../../../../../../../../../../../../../../../../../../../../../../../../../../../../../../../../../../../../../../../../../../../../../../.]
[rondeau:3962671] MCW rank 78 bound to socket 1[core 78[hwt 0-1]]: [../../../../../../../../../../../../../../../../../../../../../../../../../../../../../../../../../../../../../../../../../../../../../../../../../../../../../../../../../../../../../../../..][../../../../../../../../../../../../../../BB/../../../../../../../../../../../../../../../../../../../../../../../../../../../../../../../../../../../../../../../../../../../../../../../../.]
[rondeau:3962671] MCW rank 79 bound to socket 1[core 79[hwt 0-1]]: [../../../../../../../../../../../../../../../../../../../../../../../../../../../../../../../../../../../../../../../../../../../../../../../../../../../../../../../../../../../../../../../..][../../../../../../../../../../../../../../../BB/../../../../../../../../../../../../../../../../../../../../../../../../../../../../../../../../../../../../../../../../../../../../../../../.]
[rondeau:3962671] MCW rank 77 bound to socket 1[core 77[hwt 0-1]]: [../../../../../../../../../../../../../../../../../../../../../../../../../../../../../../../../../../../../../../../../../../../../../../../../../../../../../../../../../../../../../../../..][../../../../../../../../../../../../../BB/../../../../../../../../../../../../../../../../../../../../../../../../../../../../../../../../../../../../../../../../../../../../../../../../../.]
[rondeau:3962671] MCW rank 48 bound to socket 0[core 48[hwt 0-1]]: [../../../../../../../../../../../../../../../../../../../../../../../../../../../../../../../../../../../../../../../../../../../../../../../../BB/../../../../../../../../../../../../../../..][../../../../../../../../../../../../../../../../../../../../../../../../../../../../../../../../../../../../../../../../../../../../../../../../../../../../../../../../../../../../../../../.]
[rondeau:3962671] MCW rank 82 bound to socket 1[core 82[hwt 0-1]]: [../../../../../../../../../../../../../../../../../../../../../../../../../../../../../../../../../../../../../../../../../../../../../../../../../../../../../../../../../../../../../../../..][../../../../../../../../../../../../../../../../../../BB/../../../../../../../../../../../../../../../../../../../../../../../../../../../../../../../../../../../../../../../../../../../../.]
[rondeau:3962671] MCW rank 83 bound to socket 1[core 83[hwt 0-1]]: [../../../../../../../../../../../../../../../../../../../../../../../../../../../../../../../../../../../../../../../../../../../../../../../../../../../../../../../../../../../../../../../..][../../../../../../../../../../../../../../../../../../../BB/../../../../../../../../../../../../../../../../../../../../../../../../../../../../../../../../../../../../../../../../../../../.]
[rondeau:3962671] MCW rank 81 bound to socket 1[core 81[hwt 0-1]]: [../../../../../../../../../../../../../../../../../../../../../../../../../../../../../../../../../../../../../../../../../../../../../../../../../../../../../../../../../../../../../../../..][../../../../../../../../../../../../../../../../../BB/../../../../../../../../../../../../../../../../../../../../../../../../../../../../../../../../../../../../../../../../../../../../../.]
[rondeau:3962671] MCW rank 86 bound to socket 1[core 86[hwt 0-1]]: [../../../../../../../../../../../../../../../../../../../../../../../../../../../../../../../../../../../../../../../../../../../../../../../../../../../../../../../../../../../../../../../..][../../../../../../../../../../../../../../../../../../../../../../BB/../../../../../../../../../../../../../../../../../../../../../../../../../../../../../../../../../../../../../../../../.]
[rondeau:3962671] MCW rank 87 bound to socket 1[core 87[hwt 0-1]]: [../../../../../../../../../../../../../../../../../../../../../../../../../../../../../../../../../../../../../../../../../../../../../../../../../../../../../../../../../../../../../../../..][../../../../../../../../../../../../../../../../../../../../../../../BB/../../../../../../../../../../../../../../../../../../../../../../../../../../../../../../../../../../../../../../../.]
[rondeau:3962671] MCW rank 85 bound to socket 1[core 85[hwt 0-1]]: [../../../../../../../../../../../../../../../../../../../../../../../../../../../../../../../../../../../../../../../../../../../../../../../../../../../../../../../../../../../../../../../..][../../../../../../../../../../../../../../../../../../../../../BB/../../../../../../../../../../../../../../../../../../../../../../../../../../../../../../../../../../../../../../../../../.]
[rondeau:3962671] MCW rank 90 bound to socket 1[core 90[hwt 0-1]]: [../../../../../../../../../../../../../../../../../../../../../../../../../../../../../../../../../../../../../../../../../../../../../../../../../../../../../../../../../../../../../../../..][../../../../../../../../../../../../../../../../../../../../../../../../../../BB/../../../../../../../../../../../../../../../../../../../../../../../../../../../../../../../../../../../../.]
[rondeau:3962671] MCW rank 52 bound to socket 0[core 52[hwt 0-1]]: [../../../../../../../../../../../../../../../../../../../../../../../../../../../../../../../../../../../../../../../../../../../../../../../../../../../../BB/../../../../../../../../../../..][../../../../../../../../../../../../../../../../../../../../../../../../../../../../../../../../../../../../../../../../../../../../../../../../../../../../../../../../../../../../../../../.]
[rondeau:3962671] MCW rank 91 bound to socket 1[core 91[hwt 0-1]]: [../../../../../../../../../../../../../../../../../../../../../../../../../../../../../../../../../../../../../../../../../../../../../../../../../../../../../../../../../../../../../../../..][../../../../../../../../../../../../../../../../../../../../../../../../../../../BB/../../../../../../../../../../../../../../../../../../../../../../../../../../../../../../../../../../../.]
[rondeau:3962671] MCW rank 89 bound to socket 1[core 89[hwt 0-1]]: [../../../../../../../../../../../../../../../../../../../../../../../../../../../../../../../../../../../../../../../../../../../../../../../../../../../../../../../../../../../../../../../..][../../../../../../../../../../../../../../../../../../../../../../../../../BB/../../../../../../../../../../../../../../../../../../../../../../../../../../../../../../../../../../../../../.]
[rondeau:3962671] MCW rank 94 bound to socket 1[core 94[hwt 0-1]]: [../../../../../../../../../../../../../../../../../../../../../../../../../../../../../../../../../../../../../../../../../../../../../../../../../../../../../../../../../../../../../../../..][../../../../../../../../../../../../../../../../../../../../../../../../../../../../../../BB/../../../../../../../../../../../../../../../../../../../../../../../../../../../../../../../../.]
[rondeau:3962671] MCW rank 93 bound to socket 1[core 93[hwt 0-1]]: [../../../../../../../../../../../../../../../../../../../../../../../../../../../../../../../../../../../../../../../../../../../../../../../../../../../../../../../../../../../../../../../..][../../../../../../../../../../../../../../../../../../../../../../../../../../../../../BB/../../../../../../../../../../../../../../../../../../../../../../../../../../../../../../../../../.]
[rondeau:3962671] MCW rank 95 bound to socket 1[core 95[hwt 0-1]]: [../../../../../../../../../../../../../../../../../../../../../../../../../../../../../../../../../../../../../../../../../../../../../../../../../../../../../../../../../../../../../../../..][../../../../../../../../../../../../../../../../../../../../../../../../../../../../../../../BB/../../../../../../../../../../../../../../../../../../../../../../../../../../../../../../../.]
[rondeau:3962671] MCW rank 98 bound to socket 1[core 98[hwt 0-1]]: [../../../../../../../../../../../../../../../../../../../../../../../../../../../../../../../../../../../../../../../../../../../../../../../../../../../../../../../../../../../../../../../..][../../../../../../../../../../../../../../../../../../../../../../../../../../../../../../../../../../BB/../../../../../../../../../../../../../../../../../../../../../../../../../../../../.]
[rondeau:3962671] MCW rank 99 bound to socket 1[core 99[hwt 0-1]]: [../../../../../../../../../../../../../../../../../../../../../../../../../../../../../../../../../../../../../../../../../../../../../../../../../../../../../../../../../../../../../../../..][../../../../../../../../../../../../../../../../../../../../../../../../../../../../../../../../../../../BB/../../../../../../../../../../../../../../../../../../../../../../../../../../../.]
[rondeau:3962671] MCW rank 56 bound to socket 0[core 56[hwt 0-1]]: [../../../../../../../../../../../../../../../../../../../../../../../../../../../../../../../../../../../../../../../../../../../../../../../../../../../../../../../../BB/../../../../../../..][../../../../../../../../../../../../../../../../../../../../../../../../../../../../../../../../../../../../../../../../../../../../../../../../../../../../../../../../../../../../../../../.]
[rondeau:3962671] MCW rank 97 bound to socket 1[core 97[hwt 0-1]]: [../../../../../../../../../../../../../../../../../../../../../../../../../../../../../../../../../../../../../../../../../../../../../../../../../../../../../../../../../../../../../../../..][../../../../../../../../../../../../../../../../../../../../../../../../../../../../../../../../../BB/../../../../../../../../../../../../../../../../../../../../../../../../../../../../../.]
[rondeau:3962671] MCW rank 102 bound to socket 1[core 102[hwt 0-1]]: [../../../../../../../../../../../../../../../../../../../../../../../../../../../../../../../../../../../../../../../../../../../../../../../../../../../../../../../../../../../../../../../..][../../../../../../../../../../../../../../../../../../../../../../../../../../../../../../../../../../../../../../BB/../../../../../../../../../../../../../../../../../../../../../../../../.]
[rondeau:3962671] MCW rank 103 bound to socket 1[core 103[hwt 0-1]]: [../../../../../../../../../../../../../../../../../../../../../../../../../../../../../../../../../../../../../../../../../../../../../../../../../../../../../../../../../../../../../../../..][../../../../../../../../../../../../../../../../../../../../../../../../../../../../../../../../../../../../../../../BB/../../../../../../../../../../../../../../../../../../../../../../../.]
[rondeau:3962671] MCW rank 101 bound to socket 1[core 101[hwt 0-1]]: [../../../../../../../../../../../../../../../../../../../../../../../../../../../../../../../../../../../../../../../../../../../../../../../../../../../../../../../../../../../../../../../..][../../../../../../../../../../../../../../../../../../../../../../../../../../../../../../../../../../../../../BB/../../../../../../../../../../../../../../../../../../../../../../../../../.]
[rondeau:3962671] MCW rank 107 bound to socket 1[core 107[hwt 0-1]]: [../../../../../../../../../../../../../../../../../../../../../../../../../../../../../../../../../../../../../../../../../../../../../../../../../../../../../../../../../../../../../../../..][../../../../../../../../../../../../../../../../../../../../../../../../../../../../../../../../../../../../../../../../../../../BB/../../../../../../../../../../../../../../../../../../../.]
[rondeau:3962671] MCW rank 105 bound to socket 1[core 105[hwt 0-1]]: [../../../../../../../../../../../../../../../../../../../../../../../../../../../../../../../../../../../../../../../../../../../../../../../../../../../../../../../../../../../../../../../..][../../../../../../../../../../../../../../../../../../../../../../../../../../../../../../../../../../../../../../../../../BB/../../../../../../../../../../../../../../../../../../../../../.]
[rondeau:3962671] MCW rank 106 bound to socket 1[core 106[hwt 0-1]]: [../../../../../../../../../../../../../../../../../../../../../../../../../../../../../../../../../../../../../../../../../../../../../../../../../../../../../../../../../../../../../../../..][../../../../../../../../../../../../../../../../../../../../../../../../../../../../../../../../../../../../../../../../../../BB/../../../../../../../../../../../../../../../../../../../../.]
[rondeau:3962671] MCW rank 111 bound to socket 1[core 111[hwt 0-1]]: [../../../../../../../../../../../../../../../../../../../../../../../../../../../../../../../../../../../../../../../../../../../../../../../../../../../../../../../../../../../../../../../..][../../../../../../../../../../../../../../../../../../../../../../../../../../../../../../../../../../../../../../../../../../../../../../../BB/../../../../../../../../../../../../../../../.]
[rondeau:3962671] MCW rank 109 bound to socket 1[core 109[hwt 0-1]]: [../../../../../../../../../../../../../../../../../../../../../../../../../../../../../../../../../../../../../../../../../../../../../../../../../../../../../../../../../../../../../../../..][../../../../../../../../../../../../../../../../../../../../../../../../../../../../../../../../../../../../../../../../../../../../../BB/../../../../../../../../../../../../../../../../../.]
[rondeau:3962671] MCW rank 110 bound to socket 1[core 110[hwt 0-1]]: [../../../../../../../../../../../../../../../../../../../../../../../../../../../../../../../../../../../../../../../../../../../../../../../../../../../../../../../../../../../../../../../..][../../../../../../../../../../../../../../../../../../../../../../../../../../../../../../../../../../../../../../../../../../../../../../BB/../../../../../../../../../../../../../../../../.]
[rondeau:3962671] MCW rank 60 bound to socket 0[core 60[hwt 0-1]]: [../../../../../../../../../../../../../../../../../../../../../../../../../../../../../../../../../../../../../../../../../../../../../../../../../../../../../../../../../../../../BB/../../..][../../../../../../../../../../../../../../../../../../../../../../../../../../../../../../../../../../../../../../../../../../../../../../../../../../../../../../../../../../../../../../../.]
[rondeau:3962671] MCW rank 113 bound to socket 1[core 113[hwt 0-1]]: [../../../../../../../../../../../../../../../../../../../../../../../../../../../../../../../../../../../../../../../../../../../../../../../../../../../../../../../../../../../../../../../..][../../../../../../../../../../../../../../../../../../../../../../../../../../../../../../../../../../../../../../../../../../../../../../../../../BB/../../../../../../../../../../../../../.]
[rondeau:3962671] MCW rank 114 bound to socket 1[core 114[hwt 0-1]]: [../../../../../../../../../../../../../../../../../../../../../../../../../../../../../../../../../../../../../../../../../../../../../../../../../../../../../../../../../../../../../../../..][../../../../../../../../../../../../../../../../../../../../../../../../../../../../../../../../../../../../../../../../../../../../../../../../../../BB/../../../../../../../../../../../../.]
[rondeau:3962671] MCW rank 115 bound to socket 1[core 115[hwt 0-1]]: [../../../../../../../../../../../../../../../../../../../../../../../../../../../../../../../../../../../../../../../../../../../../../../../../../../../../../../../../../../../../../../../..][../../../../../../../../../../../../../../../../../../../../../../../../../../../../../../../../../../../../../../../../../../../../../../../../../../../BB/../../../../../../../../../../../.]
[rondeau:3962671] MCW rank 119 bound to socket 1[core 119[hwt 0-1]]: [../../../../../../../../../../../../../../../../../../../../../../../../../../../../../../../../../../../../../../../../../../../../../../../../../../../../../../../../../../../../../../../..][../../../../../../../../../../../../../../../../../../../../../../../../../../../../../../../../../../../../../../../../../../../../../../../../../../../../../../../BB/../../../../../../../.]
[rondeau:3962671] MCW rank 64 bound to socket 1[core 64[hwt 0-1]]: [../../../../../../../../../../../../../../../../../../../../../../../../../../../../../../../../../../../../../../../../../../../../../../../../../../../../../../../../../../../../../../../..][BB/../../../../../../../../../../../../../../../../../../../../../../../../../../../../../../../../../../../../../../../../../../../../../../../../../../../../../../../../../../../../../../.]
[rondeau:3962671] MCW rank 118 bound to socket 1[core 118[hwt 0-1]]: [../../../../../../../../../../../../../../../../../../../../../../../../../../../../../../../../../../../../../../../../../../../../../../../../../../../../../../../../../../../../../../../..][../../../../../../../../../../../../../../../../../../../../../../../../../../../../../../../../../../../../../../../../../../../../../../../../../../../../../../BB/../../../../../../../../.]
[rondeau:3962671] MCW rank 123 bound to socket 1[core 123[hwt 0-1]]: [../../../../../../../../../../../../../../../../../../../../../../../../../../../../../../../../../../../../../../../../../../../../../../../../../../../../../../../../../../../../../../../..][../../../../../../../../../../../../../../../../../../../../../../../../../../../../../../../../../../../../../../../../../../../../../../../../../../../../../../../../../../../BB/../../../.]
[rondeau:3962671] MCW rank 117 bound to socket 1[core 117[hwt 0-1]]: [../../../../../../../../../../../../../../../../../../../../../../../../../../../../../../../../../../../../../../../../../../../../../../../../../../../../../../../../../../../../../../../..][../../../../../../../../../../../../../../../../../../../../../../../../../../../../../../../../../../../../../../../../../../../../../../../../../../../../../BB/../../../../../../../../../.]
[rondeau:3962671] MCW rank 68 bound to socket 1[core 68[hwt 0-1]]: [../../../../../../../../../../../../../../../../../../../../../../../../../../../../../../../../../../../../../../../../../../../../../../../../../../../../../../../../../../../../../../../..][../../../../BB/../../../../../../../../../../../../../../../../../../../../../../../../../../../../../../../../../../../../../../../../../../../../../../../../../../../../../../../../../../.]
[rondeau:3962671] MCW rank 127 bound to socket 1[core 127[hwt 0]]: [../../../../../../../../../../../../../../../../../../../../../../../../../../../../../../../../../../../../../../../../../../../../../../../../../../../../../../../../../../../../../../../..][../../../../../../../../../../../../../../../../../../../../../../../../../../../../../../../../../../../../../../../../../../../../../../../../../../../../../../../../../../../../../../../B]
[rondeau:3962671] MCW rank 122 bound to socket 1[core 122[hwt 0-1]]: [../../../../../../../../../../../../../../../../../../../../../../../../../../../../../../../../../../../../../../../../../../../../../../../../../../../../../../../../../../../../../../../..][../../../../../../../../../../../../../../../../../../../../../../../../../../../../../../../../../../../../../../../../../../../../../../../../../../../../../../../../../../BB/../../../../.]
[rondeau:3962671] MCW rank 121 bound to socket 1[core 121[hwt 0-1]]: [../../../../../../../../../../../../../../../../../../../../../../../../../../../../../../../../../../../../../../../../../../../../../../../../../../../../../../../../../../../../../../../..][../../../../../../../../../../../../../../../../../../../../../../../../../../../../../../../../../../../../../../../../../../../../../../../../../../../../../../../../../BB/../../../../../.]
[rondeau:3962671] MCW rank 72 bound to socket 1[core 72[hwt 0-1]]: [../../../../../../../../../../../../../../../../../../../../../../../../../../../../../../../../../../../../../../../../../../../../../../../../../../../../../../../../../../../../../../../..][../../../../../../../../BB/../../../../../../../../../../../../../../../../../../../../../../../../../../../../../../../../../../../../../../../../../../../../../../../../../../../../../../.]
[rondeau:3962671] MCW rank 126 bound to socket 1[core 126[hwt 0-1]]: [../../../../../../../../../../../../../../../../../../../../../../../../../../../../../../../../../../../../../../../../../../../../../../../../../../../../../../../../../../../../../../../..][../../../../../../../../../../../../../../../../../../../../../../../../../../../../../../../../../../../../../../../../../../../../../../../../../../../../../../../../../../../../../../BB/.]
[rondeau:3962671] MCW rank 125 bound to socket 1[core 125[hwt 0-1]]: [../../../../../../../../../../../../../../../../../../../../../../../../../../../../../../../../../../../../../../../../../../../../../../../../../../../../../../../../../../../../../../../..][../../../../../../../../../../../../../../../../../../../../../../../../../../../../../../../../../../../../../../../../../../../../../../../../../../../../../../../../../../../../../BB/../.]
[rondeau:3962671] MCW rank 76 bound to socket 1[core 76[hwt 0-1]]: [../../../../../../../../../../../../../../../../../../../../../../../../../../../../../../../../../../../../../../../../../../../../../../../../../../../../../../../../../../../../../../../..][../../../../../../../../../../../../BB/../../../../../../../../../../../../../../../../../../../../../../../../../../../../../../../../../../../../../../../../../../../../../../../../../../.]
[rondeau:3962671] MCW rank 80 bound to socket 1[core 80[hwt 0-1]]: [../../../../../../../../../../../../../../../../../../../../../../../../../../../../../../../../../../../../../../../../../../../../../../../../../../../../../../../../../../../../../../../..][../../../../../../../../../../../../../../../../BB/../../../../../../../../../../../../../../../../../../../../../../../../../../../../../../../../../../../../../../../../../../../../../../.]
[rondeau:3962671] MCW rank 84 bound to socket 1[core 84[hwt 0-1]]: [../../../../../../../../../../../../../../../../../../../../../../../../../../../../../../../../../../../../../../../../../../../../../../../../../../../../../../../../../../../../../../../..][../../../../../../../../../../../../../../../../../../../../BB/../../../../../../../../../../../../../../../../../../../../../../../../../../../../../../../../../../../../../../../../../../.]
[rondeau:3962671] MCW rank 88 bound to socket 1[core 88[hwt 0-1]]: [../../../../../../../../../../../../../../../../../../../../../../../../../../../../../../../../../../../../../../../../../../../../../../../../../../../../../../../../../../../../../../../..][../../../../../../../../../../../../../../../../../../../../../../../../BB/../../../../../../../../../../../../../../../../../../../../../../../../../../../../../../../../../../../../../../.]
[rondeau:3962671] MCW rank 92 bound to socket 1[core 92[hwt 0-1]]: [../../../../../../../../../../../../../../../../../../../../../../../../../../../../../../../../../../../../../../../../../../../../../../../../../../../../../../../../../../../../../../../..][../../../../../../../../../../../../../../../../../../../../../../../../../../../../BB/../../../../../../../../../../../../../../../../../../../../../../../../../../../../../../../../../../.]
[rondeau:3962671] MCW rank 96 bound to socket 1[core 96[hwt 0-1]]: [../../../../../../../../../../../../../../../../../../../../../../../../../../../../../../../../../../../../../../../../../../../../../../../../../../../../../../../../../../../../../../../..][../../../../../../../../../../../../../../../../../../../../../../../../../../../../../../../../BB/../../../../../../../../../../../../../../../../../../../../../../../../../../../../../../.]
[rondeau:3962671] MCW rank 100 bound to socket 1[core 100[hwt 0-1]]: [../../../../../../../../../../../../../../../../../../../../../../../../../../../../../../../../../../../../../../../../../../../../../../../../../../../../../../../../../../../../../../../..][../../../../../../../../../../../../../../../../../../../../../../../../../../../../../../../../../../../../BB/../../../../../../../../../../../../../../../../../../../../../../../../../../.]
[rondeau:3962671] MCW rank 104 bound to socket 1[core 104[hwt 0-1]]: [../../../../../../../../../../../../../../../../../../../../../../../../../../../../../../../../../../../../../../../../../../../../../../../../../../../../../../../../../../../../../../../..][../../../../../../../../../../../../../../../../../../../../../../../../../../../../../../../../../../../../../../../../BB/../../../../../../../../../../../../../../../../../../../../../../.]
[rondeau:3962671] MCW rank 108 bound to socket 1[core 108[hwt 0-1]]: [../../../../../../../../../../../../../../../../../../../../../../../../../../../../../../../../../../../../../../../../../../../../../../../../../../../../../../../../../../../../../../../..][../../../../../../../../../../../../../../../../../../../../../../../../../../../../../../../../../../../../../../../../../../../../BB/../../../../../../../../../../../../../../../../../../.]
[rondeau:3962671] MCW rank 112 bound to socket 1[core 112[hwt 0-1]]: [../../../../../../../../../../../../../../../../../../../../../../../../../../../../../../../../../../../../../../../../../../../../../../../../../../../../../../../../../../../../../../../..][../../../../../../../../../../../../../../../../../../../../../../../../../../../../../../../../../../../../../../../../../../../../../../../../BB/../../../../../../../../../../../../../../.]
[rondeau:3962671] MCW rank 116 bound to socket 1[core 116[hwt 0-1]]: [../../../../../../../../../../../../../../../../../../../../../../../../../../../../../../../../../../../../../../../../../../../../../../../../../../../../../../../../../../../../../../../..][../../../../../../../../../../../../../../../../../../../../../../../../../../../../../../../../../../../../../../../../../../../../../../../../../../../../BB/../../../../../../../../../../.]
[rondeau:3962671] MCW rank 120 bound to socket 1[core 120[hwt 0-1]]: [../../../../../../../../../../../../../../../../../../../../../../../../../../../../../../../../../../../../../../../../../../../../../../../../../../../../../../../../../../../../../../../..][../../../../../../../../../../../../../../../../../../../../../../../../../../../../../../../../../../../../../../../../../../../../../../../../../../../../../../../../BB/../../../../../../.]
[rondeau:3962671] MCW rank 124 bound to socket 1[core 124[hwt 0-1]]: [../../../../../../../../../../../../../../../../../../../../../../../../../../../../../../../../../../../../../../../../../../../../../../../../../../../../../../../../../../../../../../../..][../../../../../../../../../../../../../../../../../../../../../../../../../../../../../../../../../../../../../../../../../../../../../../../../../../../../../../../../../../../../BB/../../.]
[ Info: MPI has not been initialized, so we are calling MPI.Init().
[ Info: MPI has not been initialized, so we are calling MPI.Init().
[ Info: MPI has not been initialized, so we are calling MPI.Init().
[ Info: MPI has not been initialized, so we are calling MPI.Init().
[ Info: MPI has not been initialized, so we are calling MPI.Init().
[ Info: MPI has not been initialized, so we are calling MPI.Init().
[ Info: MPI has not been initialized, so we are calling MPI.Init().
[ Info: MPI has not been initialized, so we are calling MPI.Init().
[ Info: MPI has not been initialized, so we are calling MPI.Init().
[ Info: MPI has not been initialized, so we are calling MPI.Init().
[ Info: MPI has not been initialized, so we are calling MPI.Init().
[ Info: MPI has not been initialized, so we are calling MPI.Init().
[ Info: MPI has not been initialized, so we are calling MPI.Init().
[ Info: MPI has not been initialized, so we are calling MPI.Init().
[ Info: MPI has not been initialized, so we are calling MPI.Init().
[ Info: MPI has not been initialized, so we are calling MPI.Init().
[ Info: MPI has not been initialized, so we are calling MPI.Init().
[ Info: MPI has not been initialized, so we are calling MPI.Init().
[ Info: MPI has not been initialized, so we are calling MPI.Init().
[ Info: MPI has not been initialized, so we are calling MPI.Init().
[ Info: MPI has not been initialized, so we are calling MPI.Init().
[ Info: MPI has not been initialized, so we are calling MPI.Init().
[ Info: MPI has not been initialized, so we are calling MPI.Init().
[ Info: MPI has not been initialized, so we are calling MPI.Init().
[ Info: MPI has not been initialized, so we are calling MPI.Init().
[ Info: MPI has not been initialized, so we are calling MPI.Init().
[ Info: MPI has not been initialized, so we are calling MPI.Init().
[ Info: MPI has not been initialized, so we are calling MPI.Init().
[ Info: MPI has not been initialized, so we are calling MPI.Init().
[ Info: MPI has not been initialized, so we are calling MPI.Init().
[ Info: MPI has not been initialized, so we are calling MPI.Init().
[ Info: MPI has not been initialized, so we are calling MPI.Init().
[ Info: MPI has not been initialized, so we are calling MPI.Init().
[ Info: MPI has not been initialized, so we are calling MPI.Init().
[ Info: MPI has not been initialized, so we are calling MPI.Init().
[ Info: MPI has not been initialized, so we are calling MPI.Init().
[ Info: MPI has not been initialized, so we are calling MPI.Init().
[ Info: MPI has not been initialized, so we are calling MPI.Init().
[ Info: MPI has not been initialized, so we are calling MPI.Init().
[ Info: MPI has not been initialized, so we are calling MPI.Init().
[ Info: MPI has not been initialized, so we are calling MPI.Init().
[ Info: MPI has not been initialized, so we are calling MPI.Init().
[ Info: MPI has not been initialized, so we are calling MPI.Init().
[ Info: MPI has not been initialized, so we are calling MPI.Init().
[ Info: MPI has not been initialized, so we are calling MPI.Init().
[ Info: MPI has not been initialized, so we are calling MPI.Init().
[ Info: MPI has not been initialized, so we are calling MPI.Init().
[ Info: MPI has not been initialized, so we are calling MPI.Init().
[ Info: MPI has not been initialized, so we are calling MPI.Init().
[ Info: MPI has not been initialized, so we are calling MPI.Init().
[ Info: MPI has not been initialized, so we are calling MPI.Init().
[ Info: MPI has not been initialized, so we are calling MPI.Init().
[ Info: MPI has not been initialized, so we are calling MPI.Init().
[ Info: MPI has not been initialized, so we are calling MPI.Init().
[ Info: MPI has not been initialized, so we are calling MPI.Init().
[ Info: MPI has not been initialized, so we are calling MPI.Init().
[ Info: MPI has not been initialized, so we are calling MPI.Init().
[ Info: MPI has not been initialized, so we are calling MPI.Init().
[ Info: MPI has not been initialized, so we are calling MPI.Init().
[ Info: MPI has not been initialized, so we are calling MPI.Init().
[ Info: MPI has not been initialized, so we are calling MPI.Init().
[ Info: MPI has not been initialized, so we are calling MPI.Init().
[ Info: MPI has not been initialized, so we are calling MPI.Init().
[ Info: MPI has not been initialized, so we are calling MPI.Init().
[ Info: MPI has not been initialized, so we are calling MPI.Init().
[ Info: MPI has not been initialized, so we are calling MPI.Init().
[ Info: MPI has not been initialized, so we are calling MPI.Init().
[ Info: MPI has not been initialized, so we are calling MPI.Init().
[ Info: MPI has not been initialized, so we are calling MPI.Init().
[ Info: MPI has not been initialized, so we are calling MPI.Init().
[ Info: MPI has not been initialized, so we are calling MPI.Init().
[ Info: MPI has not been initialized, so we are calling MPI.Init().
[ Info: MPI has not been initialized, so we are calling MPI.Init().
[ Info: MPI has not been initialized, so we are calling MPI.Init().
[ Info: MPI has not been initialized, so we are calling MPI.Init().
[ Info: MPI has not been initialized, so we are calling MPI.Init().
[ Info: MPI has not been initialized, so we are calling MPI.Init().
[ Info: MPI has not been initialized, so we are calling MPI.Init().
[ Info: MPI has not been initialized, so we are calling MPI.Init().
[ Info: MPI has not been initialized, so we are calling MPI.Init().
[ Info: MPI has not been initialized, so we are calling MPI.Init().
[ Info: MPI has not been initialized, so we are calling MPI.Init().
[ Info: MPI has not been initialized, so we are calling MPI.Init().
[ Info: MPI has not been initialized, so we are calling MPI.Init().
[ Info: MPI has not been initialized, so we are calling MPI.Init().
[ Info: MPI has not been initialized, so we are calling MPI.Init().
[ Info: MPI has not been initialized, so we are calling MPI.Init().
[ Info: MPI has not been initialized, so we are calling MPI.Init().
[ Info: MPI has not been initialized, so we are calling MPI.Init().
[ Info: MPI has not been initialized, so we are calling MPI.Init().
[ Info: MPI has not been initialized, so we are calling MPI.Init().
[ Info: MPI has not been initialized, so we are calling MPI.Init().
[ Info: MPI has not been initialized, so we are calling MPI.Init().
[ Info: MPI has not been initialized, so we are calling MPI.Init().
[ Info: MPI has not been initialized, so we are calling MPI.Init().
[ Info: MPI has not been initialized, so we are calling MPI.Init().
[ Info: MPI has not been initialized, so we are calling MPI.Init().
[ Info: MPI has not been initialized, so we are calling MPI.Init().
[ Info: MPI has not been initialized, so we are calling MPI.Init().
[ Info: MPI has not been initialized, so we are calling MPI.Init().
[ Info: MPI has not been initialized, so we are calling MPI.Init().
[ Info: MPI has not been initialized, so we are calling MPI.Init().
[ Info: MPI has not been initialized, so we are calling MPI.Init().
[ Info: MPI has not been initialized, so we are calling MPI.Init().
[ Info: MPI has not been initialized, so we are calling MPI.Init().
[ Info: MPI has not been initialized, so we are calling MPI.Init().
[ Info: MPI has not been initialized, so we are calling MPI.Init().
[ Info: MPI has not been initialized, so we are calling MPI.Init().
[ Info: MPI has not been initialized, so we are calling MPI.Init().
[ Info: MPI has not been initialized, so we are calling MPI.Init().
[ Info: MPI has not been initialized, so we are calling MPI.Init().
[ Info: MPI has not been initialized, so we are calling MPI.Init().
[ Info: MPI has not been initialized, so we are calling MPI.Init().
[ Info: MPI has not been initialized, so we are calling MPI.Init().
[ Info: MPI has not been initialized, so we are calling MPI.Init().
[ Info: MPI has not been initialized, so we are calling MPI.Init().
[ Info: MPI has not been initialized, so we are calling MPI.Init().
[ Info: MPI has not been initialized, so we are calling MPI.Init().
[ Info: MPI has not been initialized, so we are calling MPI.Init().
[ Info: MPI has not been initialized, so we are calling MPI.Init().
[ Info: MPI has not been initialized, so we are calling MPI.Init().
[ Info: MPI has not been initialized, so we are calling MPI.Init().
[ Info: MPI has not been initialized, so we are calling MPI.Init().
[ Info: MPI has not been initialized, so we are calling MPI.Init().
[ Info: MPI has not been initialized, so we are calling MPI.Init().
[ Info: MPI has not been initialized, so we are calling MPI.Init().
[ Info: MPI has not been initialized, so we are calling MPI.Init().
[ Info: MPI has not been initialized, so we are calling MPI.Init().
[ Info: Distributed run: 128 ranks (x=16, y=8, z=1)
===============================================================================================
Oceananigans Benchmark Suite
===============================================================================================
Date: 2026-09-27T20:56:47.108
Mode: benchmark
Case: earth_ocean
Grid types: SubString{String}["tripolar"]
Architecture: Distributed{CPU} on 16×8×1 across 128 = 16×8×1 ranks:
├── local_rank: 0 of 0-127
├── local_index: [1, 1, 1]
└── connectivity: east=8 west=120 north=1 south=7 southwest=127 southeast=15 northwest=121 northeast=9
Distributed: true
Partition: (16, 8, 1) (128 ranks)
Sizes: [(720, 360, 50)]
Float types: DataType[Float64]
Momentum advection: SubString{String}["WENOVectorInvariantDefault"]
Tracer advection: SubString{String}["WENO7"]
Closures: SubString{String}["CATKE"]
Tracers: (:T, :S)
Timestepper: SplitRungeKutta3
Time steps: 10 × 5 windows (warmup: 2)
Δt: 60.0 s
===============================================================================================


----------------------------------------------------------------------
Running: EarthOcean_tripolar_720x360x50_F64_WENOVectorInvariantDefault_WENO7_CATKE_2tr
----------------------------------------------------------------------
┌ Warning: Resizing the bottom height to match the grid's halos
└ @ Oceananigans.DistributedComputations ~/Oceananigans.jl/src/DistributedComputations/distributed_immersed_boundaries.jl:117
┌ Warning: Resizing the bottom height to match the grid's halos
└ @ Oceananigans.DistributedComputations ~/Oceananigans.jl/src/DistributedComputations/distributed_immersed_boundaries.jl:117
┌ Warning: Resizing the bottom height to match the grid's halos
└ @ Oceananigans.DistributedComputations ~/Oceananigans.jl/src/DistributedComputations/distributed_immersed_boundaries.jl:117
┌ Warning: Resizing the bottom height to match the grid's halos
└ @ Oceananigans.DistributedComputations ~/Oceananigans.jl/src/DistributedComputations/distributed_immersed_boundaries.jl:117
┌ Warning: Resizing the bottom height to match the grid's halos
└ @ Oceananigans.DistributedComputations ~/Oceananigans.jl/src/DistributedComputations/distributed_immersed_boundaries.jl:117
┌ Warning: Resizing the bottom height to match the grid's halos
└ @ Oceananigans.DistributedComputations ~/Oceananigans.jl/src/DistributedComputations/distributed_immersed_boundaries.jl:117
┌ Warning: Resizing the bottom height to match the grid's halos
└ @ Oceananigans.DistributedComputations ~/Oceananigans.jl/src/DistributedComputations/distributed_immersed_boundaries.jl:117
┌ Warning: Resizing the bottom height to match the grid's halos
└ @ Oceananigans.DistributedComputations ~/Oceananigans.jl/src/DistributedComputations/distributed_immersed_boundaries.jl:117
┌ Warning: Resizing the bottom height to match the grid's halos
└ @ Oceananigans.DistributedComputations ~/Oceananigans.jl/src/DistributedComputations/distributed_immersed_boundaries.jl:117
┌ Warning: Resizing the bottom height to match the grid's halos
└ @ Oceananigans.DistributedComputations ~/Oceananigans.jl/src/DistributedComputations/distributed_immersed_boundaries.jl:117
┌ Warning: Resizing the bottom height to match the grid's halos
└ @ Oceananigans.DistributedComputations ~/Oceananigans.jl/src/DistributedComputations/distributed_immersed_boundaries.jl:117
┌ Warning: Resizing the bottom height to match the grid's halos
└ @ Oceananigans.DistributedComputations ~/Oceananigans.jl/src/DistributedComputations/distributed_immersed_boundaries.jl:117
┌ Warning: Resizing the bottom height to match the grid's halos
└ @ Oceananigans.DistributedComputations ~/Oceananigans.jl/src/DistributedComputations/distributed_immersed_boundaries.jl:117
┌ Warning: Resizing the bottom height to match the grid's halos
└ @ Oceananigans.DistributedComputations ~/Oceananigans.jl/src/DistributedComputations/distributed_immersed_boundaries.jl:117
┌ Warning: Resizing the bottom height to match the grid's halos
└ @ Oceananigans.DistributedComputations ~/Oceananigans.jl/src/DistributedComputations/distributed_immersed_boundaries.jl:117
┌ Warning: Resizing the bottom height to match the grid's halos
└ @ Oceananigans.DistributedComputations ~/Oceananigans.jl/src/DistributedComputations/distributed_immersed_boundaries.jl:117
┌ Warning: Resizing the bottom height to match the grid's halos
└ @ Oceananigans.DistributedComputations ~/Oceananigans.jl/src/DistributedComputations/distributed_immersed_boundaries.jl:117
┌ Warning: Resizing the bottom height to match the grid's halos
└ @ Oceananigans.DistributedComputations ~/Oceananigans.jl/src/DistributedComputations/distributed_immersed_boundaries.jl:117
┌ Warning: Resizing the bottom height to match the grid's halos
└ @ Oceananigans.DistributedComputations ~/Oceananigans.jl/src/DistributedComputations/distributed_immersed_boundaries.jl:117
┌ Warning: Resizing the bottom height to match the grid's halos
└ @ Oceananigans.DistributedComputations ~/Oceananigans.jl/src/DistributedComputations/distributed_immersed_boundaries.jl:117
┌ Warning: Resizing the bottom height to match the grid's halos
└ @ Oceananigans.DistributedComputations ~/Oceananigans.jl/src/DistributedComputations/distributed_immersed_boundaries.jl:117
┌ Warning: Resizing the bottom height to match the grid's halos
└ @ Oceananigans.DistributedComputations ~/Oceananigans.jl/src/DistributedComputations/distributed_immersed_boundaries.jl:117
┌ Warning: Resizing the bottom height to match the grid's halos
└ @ Oceananigans.DistributedComputations ~/Oceananigans.jl/src/DistributedComputations/distributed_immersed_boundaries.jl:117
┌ Warning: Resizing the bottom height to match the grid's halos
└ @ Oceananigans.DistributedComputations ~/Oceananigans.jl/src/DistributedComputations/distributed_immersed_boundaries.jl:117
┌ Warning: Resizing the bottom height to match the grid's halos
└ @ Oceananigans.DistributedComputations ~/Oceananigans.jl/src/DistributedComputations/distributed_immersed_boundaries.jl:117
┌ Warning: Resizing the bottom height to match the grid's halos
└ @ Oceananigans.DistributedComputations ~/Oceananigans.jl/src/DistributedComputations/distributed_immersed_boundaries.jl:117
┌ Warning: Resizing the bottom height to match the grid's halos
└ @ Oceananigans.DistributedComputations ~/Oceananigans.jl/src/DistributedComputations/distributed_immersed_boundaries.jl:117
┌ Warning: Resizing the bottom height to match the grid's halos
└ @ Oceananigans.DistributedComputations ~/Oceananigans.jl/src/DistributedComputations/distributed_immersed_boundaries.jl:117
┌ Warning: Resizing the bottom height to match the grid's halos
└ @ Oceananigans.DistributedComputations ~/Oceananigans.jl/src/DistributedComputations/distributed_immersed_boundaries.jl:117
┌ Warning: Resizing the bottom height to match the grid's halos
└ @ Oceananigans.DistributedComputations ~/Oceananigans.jl/src/DistributedComputations/distributed_immersed_boundaries.jl:117
┌ Warning: Resizing the bottom height to match the grid's halos
└ @ Oceananigans.DistributedComputations ~/Oceananigans.jl/src/DistributedComputations/distributed_immersed_boundaries.jl:117
┌ Warning: Resizing the bottom height to match the grid's halos
└ @ Oceananigans.DistributedComputations ~/Oceananigans.jl/src/DistributedComputations/distributed_immersed_boundaries.jl:117
┌ Warning: Resizing the bottom height to match the grid's halos
└ @ Oceananigans.DistributedComputations ~/Oceananigans.jl/src/DistributedComputations/distributed_immersed_boundaries.jl:117
┌ Warning: Resizing the bottom height to match the grid's halos
└ @ Oceananigans.DistributedComputations ~/Oceananigans.jl/src/DistributedComputations/distributed_immersed_boundaries.jl:117
┌ Warning: Resizing the bottom height to match the grid's halos
└ @ Oceananigans.DistributedComputations ~/Oceananigans.jl/src/DistributedComputations/distributed_immersed_boundaries.jl:117
┌ Warning: Resizing the bottom height to match the grid's halos
└ @ Oceananigans.DistributedComputations ~/Oceananigans.jl/src/DistributedComputations/distributed_immersed_boundaries.jl:117
┌ Warning: Resizing the bottom height to match the grid's halos
└ @ Oceananigans.DistributedComputations ~/Oceananigans.jl/src/DistributedComputations/distributed_immersed_boundaries.jl:117
┌ Warning: Resizing the bottom height to match the grid's halos
└ @ Oceananigans.DistributedComputations ~/Oceananigans.jl/src/DistributedComputations/distributed_immersed_boundaries.jl:117
┌ Warning: Resizing the bottom height to match the grid's halos
└ @ Oceananigans.DistributedComputations ~/Oceananigans.jl/src/DistributedComputations/distributed_immersed_boundaries.jl:117
┌ Warning: Resizing the bottom height to match the grid's halos
└ @ Oceananigans.DistributedComputations ~/Oceananigans.jl/src/DistributedComputations/distributed_immersed_boundaries.jl:117
┌ Warning: Resizing the bottom height to match the grid's halos
└ @ Oceananigans.DistributedComputations ~/Oceananigans.jl/src/DistributedComputations/distributed_immersed_boundaries.jl:117
┌ Warning: Resizing the bottom height to match the grid's halos
└ @ Oceananigans.DistributedComputations ~/Oceananigans.jl/src/DistributedComputations/distributed_immersed_boundaries.jl:117
┌ Warning: Resizing the bottom height to match the grid's halos
└ @ Oceananigans.DistributedComputations ~/Oceananigans.jl/src/DistributedComputations/distributed_immersed_boundaries.jl:117
┌ Warning: Resizing the bottom height to match the grid's halos
└ @ Oceananigans.DistributedComputations ~/Oceananigans.jl/src/DistributedComputations/distributed_immersed_boundaries.jl:117
┌ Warning: Resizing the bottom height to match the grid's halos
└ @ Oceananigans.DistributedComputations ~/Oceananigans.jl/src/DistributedComputations/distributed_immersed_boundaries.jl:117
┌ Warning: Resizing the bottom height to match the grid's halos
└ @ Oceananigans.DistributedComputations ~/Oceananigans.jl/src/DistributedComputations/distributed_immersed_boundaries.jl:117
┌ Warning: Resizing the bottom height to match the grid's halos
└ @ Oceananigans.DistributedComputations ~/Oceananigans.jl/src/DistributedComputations/distributed_immersed_boundaries.jl:117
┌ Warning: Resizing the bottom height to match the grid's halos
└ @ Oceananigans.DistributedComputations ~/Oceananigans.jl/src/DistributedComputations/distributed_immersed_boundaries.jl:117
┌ Warning: Resizing the bottom height to match the grid's halos
└ @ Oceananigans.DistributedComputations ~/Oceananigans.jl/src/DistributedComputations/distributed_immersed_boundaries.jl:117
┌ Warning: Resizing the bottom height to match the grid's halos
└ @ Oceananigans.DistributedComputations ~/Oceananigans.jl/src/DistributedComputations/distributed_immersed_boundaries.jl:117
┌ Warning: Resizing the bottom height to match the grid's halos
└ @ Oceananigans.DistributedComputations ~/Oceananigans.jl/src/DistributedComputations/distributed_immersed_boundaries.jl:117
┌ Warning: Resizing the bottom height to match the grid's halos
└ @ Oceananigans.DistributedComputations ~/Oceananigans.jl/src/DistributedComputations/distributed_immersed_boundaries.jl:117
┌ Warning: Resizing the bottom height to match the grid's halos
└ @ Oceananigans.DistributedComputations ~/Oceananigans.jl/src/DistributedComputations/distributed_immersed_boundaries.jl:117
┌ Warning: Resizing the bottom height to match the grid's halos
└ @ Oceananigans.DistributedComputations ~/Oceananigans.jl/src/DistributedComputations/distributed_immersed_boundaries.jl:117
┌ Warning: Resizing the bottom height to match the grid's halos
└ @ Oceananigans.DistributedComputations ~/Oceananigans.jl/src/DistributedComputations/distributed_immersed_boundaries.jl:117
┌ Warning: Resizing the bottom height to match the grid's halos
└ @ Oceananigans.DistributedComputations ~/Oceananigans.jl/src/DistributedComputations/distributed_immersed_boundaries.jl:117
┌ Warning: Resizing the bottom height to match the grid's halos
└ @ Oceananigans.DistributedComputations ~/Oceananigans.jl/src/DistributedComputations/distributed_immersed_boundaries.jl:117
┌ Warning: Resizing the bottom height to match the grid's halos
└ @ Oceananigans.DistributedComputations ~/Oceananigans.jl/src/DistributedComputations/distributed_immersed_boundaries.jl:117
┌ Warning: Resizing the bottom height to match the grid's halos
└ @ Oceananigans.DistributedComputations ~/Oceananigans.jl/src/DistributedComputations/distributed_immersed_boundaries.jl:117
┌ Warning: Resizing the bottom height to match the grid's halos
└ @ Oceananigans.DistributedComputations ~/Oceananigans.jl/src/DistributedComputations/distributed_immersed_boundaries.jl:117
┌ Warning: Resizing the bottom height to match the grid's halos
└ @ Oceananigans.DistributedComputations ~/Oceananigans.jl/src/DistributedComputations/distributed_immersed_boundaries.jl:117
┌ Warning: Resizing the bottom height to match the grid's halos
└ @ Oceananigans.DistributedComputations ~/Oceananigans.jl/src/DistributedComputations/distributed_immersed_boundaries.jl:117
┌ Warning: Resizing the bottom height to match the grid's halos
└ @ Oceananigans.DistributedComputations ~/Oceananigans.jl/src/DistributedComputations/distributed_immersed_boundaries.jl:117
┌ Warning: Resizing the bottom height to match the grid's halos
└ @ Oceananigans.DistributedComputations ~/Oceananigans.jl/src/DistributedComputations/distributed_immersed_boundaries.jl:117
┌ Warning: Resizing the bottom height to match the grid's halos
└ @ Oceananigans.DistributedComputations ~/Oceananigans.jl/src/DistributedComputations/distributed_immersed_boundaries.jl:117
┌ Warning: Resizing the bottom height to match the grid's halos
└ @ Oceananigans.DistributedComputations ~/Oceananigans.jl/src/DistributedComputations/distributed_immersed_boundaries.jl:117
┌ Warning: Resizing the bottom height to match the grid's halos
└ @ Oceananigans.DistributedComputations ~/Oceananigans.jl/src/DistributedComputations/distributed_immersed_boundaries.jl:117
┌ Warning: Resizing the bottom height to match the grid's halos
└ @ Oceananigans.DistributedComputations ~/Oceananigans.jl/src/DistributedComputations/distributed_immersed_boundaries.jl:117
┌ Warning: Resizing the bottom height to match the grid's halos
└ @ Oceananigans.DistributedComputations ~/Oceananigans.jl/src/DistributedComputations/distributed_immersed_boundaries.jl:117
┌ Warning: Resizing the bottom height to match the grid's halos
└ @ Oceananigans.DistributedComputations ~/Oceananigans.jl/src/DistributedComputations/distributed_immersed_boundaries.jl:117
┌ Warning: Resizing the bottom height to match the grid's halos
└ @ Oceananigans.DistributedComputations ~/Oceananigans.jl/src/DistributedComputations/distributed_immersed_boundaries.jl:117
┌ Warning: Resizing the bottom height to match the grid's halos
└ @ Oceananigans.DistributedComputations ~/Oceananigans.jl/src/DistributedComputations/distributed_immersed_boundaries.jl:117
┌ Warning: Resizing the bottom height to match the grid's halos
└ @ Oceananigans.DistributedComputations ~/Oceananigans.jl/src/DistributedComputations/distributed_immersed_boundaries.jl:117
┌ Warning: Resizing the bottom height to match the grid's halos
└ @ Oceananigans.DistributedComputations ~/Oceananigans.jl/src/DistributedComputations/distributed_immersed_boundaries.jl:117
┌ Warning: Resizing the bottom height to match the grid's halos
└ @ Oceananigans.DistributedComputations ~/Oceananigans.jl/src/DistributedComputations/distributed_immersed_boundaries.jl:117
┌ Warning: Resizing the bottom height to match the grid's halos
└ @ Oceananigans.DistributedComputations ~/Oceananigans.jl/src/DistributedComputations/distributed_immersed_boundaries.jl:117
┌ Warning: Resizing the bottom height to match the grid's halos
└ @ Oceananigans.DistributedComputations ~/Oceananigans.jl/src/DistributedComputations/distributed_immersed_boundaries.jl:117
┌ Warning: Resizing the bottom height to match the grid's halos
└ @ Oceananigans.DistributedComputations ~/Oceananigans.jl/src/DistributedComputations/distributed_immersed_boundaries.jl:117
┌ Warning: Resizing the bottom height to match the grid's halos
└ @ Oceananigans.DistributedComputations ~/Oceananigans.jl/src/DistributedComputations/distributed_immersed_boundaries.jl:117
┌ Warning: Resizing the bottom height to match the grid's halos
└ @ Oceananigans.DistributedComputations ~/Oceananigans.jl/src/DistributedComputations/distributed_immersed_boundaries.jl:117
┌ Warning: Resizing the bottom height to match the grid's halos
└ @ Oceananigans.DistributedComputations ~/Oceananigans.jl/src/DistributedComputations/distributed_immersed_boundaries.jl:117
┌ Warning: Resizing the bottom height to match the grid's halos
└ @ Oceananigans.DistributedComputations ~/Oceananigans.jl/src/DistributedComputations/distributed_immersed_boundaries.jl:117
┌ Warning: Resizing the bottom height to match the grid's halos
└ @ Oceananigans.DistributedComputations ~/Oceananigans.jl/src/DistributedComputations/distributed_immersed_boundaries.jl:117
┌ Warning: Resizing the bottom height to match the grid's halos
└ @ Oceananigans.DistributedComputations ~/Oceananigans.jl/src/DistributedComputations/distributed_immersed_boundaries.jl:117
┌ Warning: Resizing the bottom height to match the grid's halos
└ @ Oceananigans.DistributedComputations ~/Oceananigans.jl/src/DistributedComputations/distributed_immersed_boundaries.jl:117
┌ Warning: Resizing the bottom height to match the grid's halos
└ @ Oceananigans.DistributedComputations ~/Oceananigans.jl/src/DistributedComputations/distributed_immersed_boundaries.jl:117
┌ Warning: Resizing the bottom height to match the grid's halos
└ @ Oceananigans.DistributedComputations ~/Oceananigans.jl/src/DistributedComputations/distributed_immersed_boundaries.jl:117
┌ Warning: Resizing the bottom height to match the grid's halos
└ @ Oceananigans.DistributedComputations ~/Oceananigans.jl/src/DistributedComputations/distributed_immersed_boundaries.jl:117
┌ Warning: Resizing the bottom height to match the grid's halos
└ @ Oceananigans.DistributedComputations ~/Oceananigans.jl/src/DistributedComputations/distributed_immersed_boundaries.jl:117
┌ Warning: Resizing the bottom height to match the grid's halos
└ @ Oceananigans.DistributedComputations ~/Oceananigans.jl/src/DistributedComputations/distributed_immersed_boundaries.jl:117
┌ Warning: Resizing the bottom height to match the grid's halos
└ @ Oceananigans.DistributedComputations ~/Oceananigans.jl/src/DistributedComputations/distributed_immersed_boundaries.jl:117
┌ Warning: Resizing the bottom height to match the grid's halos
└ @ Oceananigans.DistributedComputations ~/Oceananigans.jl/src/DistributedComputations/distributed_immersed_boundaries.jl:117
┌ Warning: Resizing the bottom height to match the grid's halos
└ @ Oceananigans.DistributedComputations ~/Oceananigans.jl/src/DistributedComputations/distributed_immersed_boundaries.jl:117
┌ Warning: Resizing the bottom height to match the grid's halos
└ @ Oceananigans.DistributedComputations ~/Oceananigans.jl/src/DistributedComputations/distributed_immersed_boundaries.jl:117
┌ Warning: Resizing the bottom height to match the grid's halos
└ @ Oceananigans.DistributedComputations ~/Oceananigans.jl/src/DistributedComputations/distributed_immersed_boundaries.jl:117
┌ Warning: Resizing the bottom height to match the grid's halos
└ @ Oceananigans.DistributedComputations ~/Oceananigans.jl/src/DistributedComputations/distributed_immersed_boundaries.jl:117
┌ Warning: Resizing the bottom height to match the grid's halos
└ @ Oceananigans.DistributedComputations ~/Oceananigans.jl/src/DistributedComputations/distributed_immersed_boundaries.jl:117
┌ Warning: Resizing the bottom height to match the grid's halos
└ @ Oceananigans.DistributedComputations ~/Oceananigans.jl/src/DistributedComputations/distributed_immersed_boundaries.jl:117
┌ Warning: Resizing the bottom height to match the grid's halos
└ @ Oceananigans.DistributedComputations ~/Oceananigans.jl/src/DistributedComputations/distributed_immersed_boundaries.jl:117
┌ Warning: Resizing the bottom height to match the grid's halos
└ @ Oceananigans.DistributedComputations ~/Oceananigans.jl/src/DistributedComputations/distributed_immersed_boundaries.jl:117
┌ Warning: Resizing the bottom height to match the grid's halos
└ @ Oceananigans.DistributedComputations ~/Oceananigans.jl/src/DistributedComputations/distributed_immersed_boundaries.jl:117
┌ Warning: Resizing the bottom height to match the grid's halos
└ @ Oceananigans.DistributedComputations ~/Oceananigans.jl/src/DistributedComputations/distributed_immersed_boundaries.jl:117
┌ Warning: Resizing the bottom height to match the grid's halos
└ @ Oceananigans.DistributedComputations ~/Oceananigans.jl/src/DistributedComputations/distributed_immersed_boundaries.jl:117
┌ Warning: Resizing the bottom height to match the grid's halos
└ @ Oceananigans.DistributedComputations ~/Oceananigans.jl/src/DistributedComputations/distributed_immersed_boundaries.jl:117
┌ Warning: Resizing the bottom height to match the grid's halos
└ @ Oceananigans.DistributedComputations ~/Oceananigans.jl/src/DistributedComputations/distributed_immersed_boundaries.jl:117
┌ Warning: Resizing the bottom height to match the grid's halos
└ @ Oceananigans.DistributedComputations ~/Oceananigans.jl/src/DistributedComputations/distributed_immersed_boundaries.jl:117
┌ Warning: Resizing the bottom height to match the grid's halos
└ @ Oceananigans.DistributedComputations ~/Oceananigans.jl/src/DistributedComputations/distributed_immersed_boundaries.jl:117
┌ Warning: Resizing the bottom height to match the grid's halos
└ @ Oceananigans.DistributedComputations ~/Oceananigans.jl/src/DistributedComputations/distributed_immersed_boundaries.jl:117
┌ Warning: Resizing the bottom height to match the grid's halos
└ @ Oceananigans.DistributedComputations ~/Oceananigans.jl/src/DistributedComputations/distributed_immersed_boundaries.jl:117
┌ Warning: Resizing the bottom height to match the grid's halos
└ @ Oceananigans.DistributedComputations ~/Oceananigans.jl/src/DistributedComputations/distributed_immersed_boundaries.jl:117
┌ Warning: Resizing the bottom height to match the grid's halos
└ @ Oceananigans.DistributedComputations ~/Oceananigans.jl/src/DistributedComputations/distributed_immersed_boundaries.jl:117
┌ Warning: Resizing the bottom height to match the grid's halos
└ @ Oceananigans.DistributedComputations ~/Oceananigans.jl/src/DistributedComputations/distributed_immersed_boundaries.jl:117
┌ Warning: Resizing the bottom height to match the grid's halos
└ @ Oceananigans.DistributedComputations ~/Oceananigans.jl/src/DistributedComputations/distributed_immersed_boundaries.jl:117
┌ Warning: Resizing the bottom height to match the grid's halos
└ @ Oceananigans.DistributedComputations ~/Oceananigans.jl/src/DistributedComputations/distributed_immersed_boundaries.jl:117
┌ Warning: Resizing the bottom height to match the grid's halos
└ @ Oceananigans.DistributedComputations ~/Oceananigans.jl/src/DistributedComputations/distributed_immersed_boundaries.jl:117
┌ Warning: Resizing the bottom height to match the grid's halos
└ @ Oceananigans.DistributedComputations ~/Oceananigans.jl/src/DistributedComputations/distributed_immersed_boundaries.jl:117
┌ Warning: Resizing the bottom height to match the grid's halos
└ @ Oceananigans.DistributedComputations ~/Oceananigans.jl/src/DistributedComputations/distributed_immersed_boundaries.jl:117
┌ Warning: Resizing the bottom height to match the grid's halos
└ @ Oceananigans.DistributedComputations ~/Oceananigans.jl/src/DistributedComputations/distributed_immersed_boundaries.jl:117
┌ Warning: Resizing the bottom height to match the grid's halos
└ @ Oceananigans.DistributedComputations ~/Oceananigans.jl/src/DistributedComputations/distributed_immersed_boundaries.jl:117
┌ Warning: Resizing the bottom height to match the grid's halos
└ @ Oceananigans.DistributedComputations ~/Oceananigans.jl/src/DistributedComputations/distributed_immersed_boundaries.jl:117
┌ Warning: Resizing the bottom height to match the grid's halos
└ @ Oceananigans.DistributedComputations ~/Oceananigans.jl/src/DistributedComputations/distributed_immersed_boundaries.jl:117
┌ Warning: Resizing the bottom height to match the grid's halos
└ @ Oceananigans.DistributedComputations ~/Oceananigans.jl/src/DistributedComputations/distributed_immersed_boundaries.jl:117
┌ Warning: Resizing the bottom height to match the grid's halos
└ @ Oceananigans.DistributedComputations ~/Oceananigans.jl/src/DistributedComputations/distributed_immersed_boundaries.jl:117
┌ Warning: Resizing the bottom height to match the grid's halos
└ @ Oceananigans.DistributedComputations ~/Oceananigans.jl/src/DistributedComputations/distributed_immersed_boundaries.jl:117
┌ Warning: Resizing the bottom height to match the grid's halos
└ @ Oceananigans.DistributedComputations ~/Oceananigans.jl/src/DistributedComputations/distributed_immersed_boundaries.jl:117
┌ Warning: Resizing the bottom height to match the grid's halos
└ @ Oceananigans.DistributedComputations ~/Oceananigans.jl/src/DistributedComputations/distributed_immersed_boundaries.jl:117
┌ Warning: Resizing the bottom height to match the grid's halos
└ @ Oceananigans.DistributedComputations ~/Oceananigans.jl/src/DistributedComputations/distributed_immersed_boundaries.jl:117
┌ Warning: Resizing the bottom height to match the grid's halos
└ @ Oceananigans.DistributedComputations ~/Oceananigans.jl/src/DistributedComputations/distributed_immersed_boundaries.jl:117
[ Info: Benchmark: EarthOcean_tripolar_720x360x50_F64_WENOVectorInvariantDefault_WENO7_CATKE_2tr
┌ Info:   Architecture: Distributed{CPU} on 16×8×1 across 128 = 16×8×1 ranks:
│ ├── local_rank: 0 of 0-127
│ ├── local_index: [1, 1, 1]
└ └── connectivity: east=8 west=120 north=1 south=7 southwest=127 southeast=15 northwest=121 northeast=9
[ Info:   Float type: Float64
[ Info:   Grid size: 45 × 45 × 50 (101250 points)
[ Info:   Time step: 60.0 s
[ Info:   Warmup steps: 2
[ Info:   Benchmark steps: 10 × 5 windows
[ Info:   Running warmup...
[ Info:   Running benchmark...
[ Info:   Results:
[ Info:     Total time: 112.843 s
[ Info:     Time per step: 2.137076 s (min of 5 windows; median 2.269227 s, max 2.448779 s)
[ Info:     Grid points/s: 4.74e+04

=======================================================================================================================================
BENCHMARK SUMMARY
=======================================================================================================================================

Benchmark                                                  Float         Grid Time/unit (ms)    Units/s        Points/s       Size           Chunks
---------------------------------------------------------------------------------------------------------------------------------------
EarthOcean_tripolar_720x360x50_F64_WENOVectorInvariantDefault_WENO7_CATKE_2tr  Float64     45×45×50      2137.0763       0.47        4.74e+04          —                —
=======================================================================================================================================
Results saved to: /local_scratch/ajtse/rondeau-extensions/2026-09-27T200418Z_cpu_scaling_3939819/cpu_scaling/128_cores/results.json
Markdown report saved to: /local_scratch/ajtse/rondeau-extensions/2026-09-27T200418Z_cpu_scaling_3939819/cpu_scaling/128_cores/results.md
Benchmarks completed at 2026-09-27T21:26:36.764Z
Results: /local_scratch/ajtse/rondeau-extensions/2026-09-27T200418Z_cpu_scaling_3939819
