srun: Step created for StepId=22632338.1
Precompiling packages...
Precompiling packages...
Precompiling packages...
Precompiling packages...
Precompiling packages...
Precompiling packages...
Precompiling packages...
Precompiling packages...
    LLVMLoopInfo Being precompiled by another process (pid: 3601799, pidfile: /scratch/anditse/julia_depot/compiled/v1.12/LLVMLoopInfo/X7sqD_UKt66.ji.pidfile)
    LLVMLoopInfo Being precompiled by another process (pid: 3601799, pidfile: /scratch/anditse/julia_depot/compiled/v1.12/LLVMLoopInfo/X7sqD_UKt66.ji.pidfile)
    LLVMLoopInfo Being precompiled by another process (pid: 3601799, pidfile: /scratch/anditse/julia_depot/compiled/v1.12/LLVMLoopInfo/X7sqD_UKt66.ji.pidfile)
    LLVMLoopInfo Being precompiled by another machine (hostname: rg32201, pid: 3601799, pidfile: /scratch/anditse/julia_depot/compiled/v1.12/LLVMLoopInfo/X7sqD_UKt66.ji.pidfile)
    LLVMLoopInfo Being precompiled by another machine (hostname: rg32201, pid: 3601799, pidfile: /scratch/anditse/julia_depot/compiled/v1.12/LLVMLoopInfo/X7sqD_UKt66.ji.pidfile)
    LLVMLoopInfo Being precompiled by another machine (hostname: rg32201, pid: 3601799, pidfile: /scratch/anditse/julia_depot/compiled/v1.12/LLVMLoopInfo/X7sqD_UKt66.ji.pidfile)
    LLVMLoopInfo Being precompiled by another machine (hostname: rg32201, pid: 3601799, pidfile: /scratch/anditse/julia_depot/compiled/v1.12/LLVMLoopInfo/X7sqD_UKt66.ji.pidfile)
Precompiling packages...
Precompiling packages...
Precompiling packages...
Precompiling packages...
    ExpressionExplorer Being precompiled by another machine (hostname: rg32201, pid: 3601799, pidfile: /scratch/anditse/julia_depot/compiled/v1.12/ExpressionExplorer/O7efy_UKt66.ji.pidfile)
    ExpressionExplorer Being precompiled by another machine (hostname: rg32201, pid: 3601799, pidfile: /scratch/anditse/julia_depot/compiled/v1.12/ExpressionExplorer/O7efy_UKt66.ji.pidfile)
    ExpressionExplorer Being precompiled by another machine (hostname: rg32201, pid: 3601799, pidfile: /scratch/anditse/julia_depot/compiled/v1.12/ExpressionExplorer/O7efy_UKt66.ji.pidfile)
    ExpressionExplorer Being precompiled by another machine (hostname: rg32201, pid: 3601799, pidfile: /scratch/anditse/julia_depot/compiled/v1.12/ExpressionExplorer/O7efy_UKt66.ji.pidfile)
    ExpressionExplorer Being precompiled by another process (pid: 3601799, pidfile: /scratch/anditse/julia_depot/compiled/v1.12/ExpressionExplorer/O7efy_UKt66.ji.pidfile)
    ExpressionExplorer Being precompiled by another process (pid: 3601799, pidfile: /scratch/anditse/julia_depot/compiled/v1.12/ExpressionExplorer/O7efy_UKt66.ji.pidfile)
    ExpressionExplorer Being precompiled by another process (pid: 3601799, pidfile: /scratch/anditse/julia_depot/compiled/v1.12/ExpressionExplorer/O7efy_UKt66.ji.pidfile)
    AbstractFFTs Being precompiled by another machine (hostname: rg32201, pid: 3601799, pidfile: /scratch/anditse/julia_depot/compiled/v1.12/AbstractFFTs/Di3HZ_UKt66.ji.pidfile)
    AbstractFFTs Being precompiled by another process (pid: 3601799, pidfile: /scratch/anditse/julia_depot/compiled/v1.12/AbstractFFTs/Di3HZ_UKt66.ji.pidfile)
    AbstractFFTs Being precompiled by another machine (hostname: rg32201, pid: 3601799, pidfile: /scratch/anditse/julia_depot/compiled/v1.12/AbstractFFTs/Di3HZ_UKt66.ji.pidfile)
    AbstractFFTs Being precompiled by another machine (hostname: rg32201, pid: 3601799, pidfile: /scratch/anditse/julia_depot/compiled/v1.12/AbstractFFTs/Di3HZ_UKt66.ji.pidfile)
    AbstractFFTs Being precompiled by another process (pid: 3601799, pidfile: /scratch/anditse/julia_depot/compiled/v1.12/AbstractFFTs/Di3HZ_UKt66.ji.pidfile)
    AbstractFFTs Being precompiled by another process (pid: 3601799, pidfile: /scratch/anditse/julia_depot/compiled/v1.12/AbstractFFTs/Di3HZ_UKt66.ji.pidfile)
    AbstractFFTs Being precompiled by another machine (hostname: rg32201, pid: 3601799, pidfile: /scratch/anditse/julia_depot/compiled/v1.12/AbstractFFTs/Di3HZ_UKt66.ji.pidfile)
    LaTeXStrings Being precompiled by another process (pid: 3601799, pidfile: /scratch/anditse/julia_depot/compiled/v1.12/LaTeXStrings/H4HGh_UKt66.ji.pidfile)
    LaTeXStrings Being precompiled by another process (pid: 3601799, pidfile: /scratch/anditse/julia_depot/compiled/v1.12/LaTeXStrings/H4HGh_UKt66.ji.pidfile)
    LaTeXStrings Being precompiled by another process (pid: 3601799, pidfile: /scratch/anditse/julia_depot/compiled/v1.12/LaTeXStrings/H4HGh_UKt66.ji.pidfile)
    Glob Being precompiled by another process (pid: 3601799, pidfile: /scratch/anditse/julia_depot/compiled/v1.12/Glob/3FzEV_UKt66.ji.pidfile)
    Glob Being precompiled by another process (pid: 3601799, pidfile: /scratch/anditse/julia_depot/compiled/v1.12/Glob/3FzEV_UKt66.ji.pidfile)
    Glob Being precompiled by another process (pid: 3601799, pidfile: /scratch/anditse/julia_depot/compiled/v1.12/Glob/3FzEV_UKt66.ji.pidfile)
    ExprTools Being precompiled by another process (pid: 3601799, pidfile: /scratch/anditse/julia_depot/compiled/v1.12/ExprTools/eM8wu_UKt66.ji.pidfile)
    LaTeXStrings Being precompiled by another machine (hostname: rg32201, pid: 3601799, pidfile: /scratch/anditse/julia_depot/compiled/v1.12/LaTeXStrings/H4HGh_UKt66.ji.pidfile)
    ExprTools Being precompiled by another process (pid: 3601799, pidfile: /scratch/anditse/julia_depot/compiled/v1.12/ExprTools/eM8wu_UKt66.ji.pidfile)
    ExprTools Being precompiled by another process (pid: 3601799, pidfile: /scratch/anditse/julia_depot/compiled/v1.12/ExprTools/eM8wu_UKt66.ji.pidfile)
    LaTeXStrings Being precompiled by another machine (hostname: rg32201, pid: 3601799, pidfile: /scratch/anditse/julia_depot/compiled/v1.12/LaTeXStrings/H4HGh_UKt66.ji.pidfile)
    LaTeXStrings Being precompiled by another machine (hostname: rg32201, pid: 3601799, pidfile: /scratch/anditse/julia_depot/compiled/v1.12/LaTeXStrings/H4HGh_UKt66.ji.pidfile)
    LaTeXStrings Being precompiled by another machine (hostname: rg32201, pid: 3601799, pidfile: /scratch/anditse/julia_depot/compiled/v1.12/LaTeXStrings/H4HGh_UKt66.ji.pidfile)
    IteratorInterfaceExtensions Being precompiled by another process (pid: 3601799, pidfile: /scratch/anditse/julia_depot/compiled/v1.12/IteratorInterfaceExtensions/N0h8q_UKt66.ji.pidfile)
    IteratorInterfaceExtensions Being precompiled by another process (pid: 3601799, pidfile: /scratch/anditse/julia_depot/compiled/v1.12/IteratorInterfaceExtensions/N0h8q_UKt66.ji.pidfile)
    IteratorInterfaceExtensions Being precompiled by another process (pid: 3601799, pidfile: /scratch/anditse/julia_depot/compiled/v1.12/IteratorInterfaceExtensions/N0h8q_UKt66.ji.pidfile)
    UnsafeAtomics Being precompiled by another process (pid: 3601799, pidfile: /scratch/anditse/julia_depot/compiled/v1.12/UnsafeAtomics/OuhNJ_UKt66.ji.pidfile)
    UnsafeAtomics Being precompiled by another process (pid: 3601799, pidfile: /scratch/anditse/julia_depot/compiled/v1.12/UnsafeAtomics/OuhNJ_UKt66.ji.pidfile)
    UnsafeAtomics Being precompiled by another process (pid: 3601799, pidfile: /scratch/anditse/julia_depot/compiled/v1.12/UnsafeAtomics/OuhNJ_UKt66.ji.pidfile)
    Glob Being precompiled by another machine (hostname: rg32201, pid: 3601799, pidfile: /scratch/anditse/julia_depot/compiled/v1.12/Glob/3FzEV_UKt66.ji.pidfile)
    Glob Being precompiled by another machine (hostname: rg32201, pid: 3601799, pidfile: /scratch/anditse/julia_depot/compiled/v1.12/Glob/3FzEV_UKt66.ji.pidfile)
    StatsAPI Being precompiled by another process (pid: 3601799, pidfile: /scratch/anditse/julia_depot/compiled/v1.12/StatsAPI/Rf3YC_UKt66.ji.pidfile)
    StatsAPI Being precompiled by another process (pid: 3601799, pidfile: /scratch/anditse/julia_depot/compiled/v1.12/StatsAPI/Rf3YC_UKt66.ji.pidfile)
    StatsAPI Being precompiled by another process (pid: 3601799, pidfile: /scratch/anditse/julia_depot/compiled/v1.12/StatsAPI/Rf3YC_UKt66.ji.pidfile)
    Glob Being precompiled by another machine (hostname: rg32201, pid: 3601799, pidfile: /scratch/anditse/julia_depot/compiled/v1.12/Glob/3FzEV_UKt66.ji.pidfile)
    Glob Being precompiled by another machine (hostname: rg32201, pid: 3601799, pidfile: /scratch/anditse/julia_depot/compiled/v1.12/Glob/3FzEV_UKt66.ji.pidfile)
    ChunkCodecCore Being precompiled by another process (pid: 3601799, pidfile: /scratch/anditse/julia_depot/compiled/v1.12/ChunkCodecCore/54tFi_UKt66.ji.pidfile)
    ChunkCodecCore Being precompiled by another process (pid: 3601799, pidfile: /scratch/anditse/julia_depot/compiled/v1.12/ChunkCodecCore/54tFi_UKt66.ji.pidfile)
    ChunkCodecCore Being precompiled by another process (pid: 3601799, pidfile: /scratch/anditse/julia_depot/compiled/v1.12/ChunkCodecCore/54tFi_UKt66.ji.pidfile)
    OffsetArrays Being precompiled by another process (pid: 3601799, pidfile: /scratch/anditse/julia_depot/compiled/v1.12/OffsetArrays/UDEDl_UKt66.ji.pidfile)
    OffsetArrays Being precompiled by another process (pid: 3601799, pidfile: /scratch/anditse/julia_depot/compiled/v1.12/OffsetArrays/UDEDl_UKt66.ji.pidfile)
    OffsetArrays Being precompiled by another process (pid: 3601799, pidfile: /scratch/anditse/julia_depot/compiled/v1.12/OffsetArrays/UDEDl_UKt66.ji.pidfile)
    ExprTools Being precompiled by another machine (hostname: rg32201, pid: 3601799, pidfile: /scratch/anditse/julia_depot/compiled/v1.12/ExprTools/eM8wu_UKt66.ji.pidfile)
    ExprTools Being precompiled by another machine (hostname: rg32201, pid: 3601799, pidfile: /scratch/anditse/julia_depot/compiled/v1.12/ExprTools/eM8wu_UKt66.ji.pidfile)
    ExprTools Being precompiled by another machine (hostname: rg32201, pid: 3601799, pidfile: /scratch/anditse/julia_depot/compiled/v1.12/ExprTools/eM8wu_UKt66.ji.pidfile)
    ExprTools Being precompiled by another machine (hostname: rg32201, pid: 3601799, pidfile: /scratch/anditse/julia_depot/compiled/v1.12/ExprTools/eM8wu_UKt66.ji.pidfile)
    Statistics Being precompiled by another process (pid: 3601799, pidfile: /scratch/anditse/julia_depot/compiled/v1.12/Statistics/ERcPL_UKt66.ji.pidfile)
    Statistics Being precompiled by another process (pid: 3601799, pidfile: /scratch/anditse/julia_depot/compiled/v1.12/Statistics/ERcPL_UKt66.ji.pidfile)
    Statistics Being precompiled by another process (pid: 3601799, pidfile: /scratch/anditse/julia_depot/compiled/v1.12/Statistics/ERcPL_UKt66.ji.pidfile)
    MacroTools Being precompiled by another process (pid: 3601799, pidfile: /scratch/anditse/julia_depot/compiled/v1.12/MacroTools/38lnR_UKt66.ji.pidfile)
    MacroTools Being precompiled by another process (pid: 3601799, pidfile: /scratch/anditse/julia_depot/compiled/v1.12/MacroTools/38lnR_UKt66.ji.pidfile)
    MacroTools Being precompiled by another process (pid: 3601799, pidfile: /scratch/anditse/julia_depot/compiled/v1.12/MacroTools/38lnR_UKt66.ji.pidfile)
    IteratorInterfaceExtensions Being precompiled by another machine (hostname: rg32201, pid: 3601799, pidfile: /scratch/anditse/julia_depot/compiled/v1.12/IteratorInterfaceExtensions/N0h8q_UKt66.ji.pidfile)
    IteratorInterfaceExtensions Being precompiled by another machine (hostname: rg32201, pid: 3601799, pidfile: /scratch/anditse/julia_depot/compiled/v1.12/IteratorInterfaceExtensions/N0h8q_UKt66.ji.pidfile)
    IteratorInterfaceExtensions Being precompiled by another machine (hostname: rg32201, pid: 3601799, pidfile: /scratch/anditse/julia_depot/compiled/v1.12/IteratorInterfaceExtensions/N0h8q_UKt66.ji.pidfile)
    IteratorInterfaceExtensions Being precompiled by another machine (hostname: rg32201, pid: 3601799, pidfile: /scratch/anditse/julia_depot/compiled/v1.12/IteratorInterfaceExtensions/N0h8q_UKt66.ji.pidfile)
    OrderedCollections Being precompiled by another process (pid: 3601798, pidfile: /scratch/anditse/julia_depot/compiled/v1.12/OrderedCollections/LtT3J_UKt66.ji.pidfile)
    OrderedCollections Being precompiled by another process (pid: 3601798, pidfile: /scratch/anditse/julia_depot/compiled/v1.12/OrderedCollections/LtT3J_UKt66.ji.pidfile)
    UnsafeAtomics Being precompiled by another machine (hostname: rg32201, pid: 3601799, pidfile: /scratch/anditse/julia_depot/compiled/v1.12/UnsafeAtomics/OuhNJ_UKt66.ji.pidfile)
    UnsafeAtomics Being precompiled by another machine (hostname: rg32201, pid: 3601799, pidfile: /scratch/anditse/julia_depot/compiled/v1.12/UnsafeAtomics/OuhNJ_UKt66.ji.pidfile)
    UnsafeAtomics Being precompiled by another machine (hostname: rg32201, pid: 3601799, pidfile: /scratch/anditse/julia_depot/compiled/v1.12/UnsafeAtomics/OuhNJ_UKt66.ji.pidfile)
    UnsafeAtomics Being precompiled by another machine (hostname: rg32201, pid: 3601799, pidfile: /scratch/anditse/julia_depot/compiled/v1.12/UnsafeAtomics/OuhNJ_UKt66.ji.pidfile)
    Requires Being precompiled by another process (pid: 3601801, pidfile: /scratch/anditse/julia_depot/compiled/v1.12/Requires/IyxeS_UKt66.ji.pidfile)
    StatsAPI Being precompiled by another machine (hostname: rg32201, pid: 3601799, pidfile: /scratch/anditse/julia_depot/compiled/v1.12/StatsAPI/Rf3YC_UKt66.ji.pidfile)
    StatsAPI Being precompiled by another machine (hostname: rg32201, pid: 3601799, pidfile: /scratch/anditse/julia_depot/compiled/v1.12/StatsAPI/Rf3YC_UKt66.ji.pidfile)
    StatsAPI Being precompiled by another machine (hostname: rg32201, pid: 3601799, pidfile: /scratch/anditse/julia_depot/compiled/v1.12/StatsAPI/Rf3YC_UKt66.ji.pidfile)
    StatsAPI Being precompiled by another machine (hostname: rg32201, pid: 3601799, pidfile: /scratch/anditse/julia_depot/compiled/v1.12/StatsAPI/Rf3YC_UKt66.ji.pidfile)
    ChunkCodecCore Being precompiled by another machine (hostname: rg32201, pid: 3601799, pidfile: /scratch/anditse/julia_depot/compiled/v1.12/ChunkCodecCore/54tFi_UKt66.ji.pidfile)
    ChunkCodecCore Being precompiled by another machine (hostname: rg32201, pid: 3601799, pidfile: /scratch/anditse/julia_depot/compiled/v1.12/ChunkCodecCore/54tFi_UKt66.ji.pidfile)
    ChunkCodecCore Being precompiled by another machine (hostname: rg32201, pid: 3601799, pidfile: /scratch/anditse/julia_depot/compiled/v1.12/ChunkCodecCore/54tFi_UKt66.ji.pidfile)
    ChunkCodecCore Being precompiled by another machine (hostname: rg32201, pid: 3601799, pidfile: /scratch/anditse/julia_depot/compiled/v1.12/ChunkCodecCore/54tFi_UKt66.ji.pidfile)
    OffsetArrays Being precompiled by another machine (hostname: rg32201, pid: 3601799, pidfile: /scratch/anditse/julia_depot/compiled/v1.12/OffsetArrays/UDEDl_UKt66.ji.pidfile)
    OffsetArrays Being precompiled by another machine (hostname: rg32201, pid: 3601799, pidfile: /scratch/anditse/julia_depot/compiled/v1.12/OffsetArrays/UDEDl_UKt66.ji.pidfile)
    OffsetArrays Being precompiled by another machine (hostname: rg32201, pid: 3601799, pidfile: /scratch/anditse/julia_depot/compiled/v1.12/OffsetArrays/UDEDl_UKt66.ji.pidfile)
    OffsetArrays Being precompiled by another machine (hostname: rg32201, pid: 3601799, pidfile: /scratch/anditse/julia_depot/compiled/v1.12/OffsetArrays/UDEDl_UKt66.ji.pidfile)
    Statistics Being precompiled by another machine (hostname: rg32201, pid: 3601799, pidfile: /scratch/anditse/julia_depot/compiled/v1.12/Statistics/ERcPL_UKt66.ji.pidfile)
    Statistics Being precompiled by another machine (hostname: rg32201, pid: 3601799, pidfile: /scratch/anditse/julia_depot/compiled/v1.12/Statistics/ERcPL_UKt66.ji.pidfile)
    Statistics Being precompiled by another machine (hostname: rg32201, pid: 3601799, pidfile: /scratch/anditse/julia_depot/compiled/v1.12/Statistics/ERcPL_UKt66.ji.pidfile)
    Statistics Being precompiled by another machine (hostname: rg32201, pid: 3601799, pidfile: /scratch/anditse/julia_depot/compiled/v1.12/Statistics/ERcPL_UKt66.ji.pidfile)
    MacroTools Being precompiled by another machine (hostname: rg32201, pid: 3601799, pidfile: /scratch/anditse/julia_depot/compiled/v1.12/MacroTools/38lnR_UKt66.ji.pidfile)
    MacroTools Being precompiled by another machine (hostname: rg32201, pid: 3601799, pidfile: /scratch/anditse/julia_depot/compiled/v1.12/MacroTools/38lnR_UKt66.ji.pidfile)
    MacroTools Being precompiled by another machine (hostname: rg32201, pid: 3601799, pidfile: /scratch/anditse/julia_depot/compiled/v1.12/MacroTools/38lnR_UKt66.ji.pidfile)
    MacroTools Being precompiled by another machine (hostname: rg32201, pid: 3601799, pidfile: /scratch/anditse/julia_depot/compiled/v1.12/MacroTools/38lnR_UKt66.ji.pidfile)
    OrderedCollections Being precompiled by another machine (hostname: rg32201, pid: 3601798, pidfile: /scratch/anditse/julia_depot/compiled/v1.12/OrderedCollections/LtT3J_UKt66.ji.pidfile)
    OrderedCollections Being precompiled by another machine (hostname: rg32201, pid: 3601798, pidfile: /scratch/anditse/julia_depot/compiled/v1.12/OrderedCollections/LtT3J_UKt66.ji.pidfile)
    OrderedCollections Being precompiled by another machine (hostname: rg32201, pid: 3601798, pidfile: /scratch/anditse/julia_depot/compiled/v1.12/OrderedCollections/LtT3J_UKt66.ji.pidfile)
    OrderedCollections Being precompiled by another machine (hostname: rg32201, pid: 3601798, pidfile: /scratch/anditse/julia_depot/compiled/v1.12/OrderedCollections/LtT3J_UKt66.ji.pidfile)
    Requires Being precompiled by another machine (hostname: rg32201, pid: 3601801, pidfile: /scratch/anditse/julia_depot/compiled/v1.12/Requires/IyxeS_UKt66.ji.pidfile)
    Requires Being precompiled by another machine (hostname: rg32201, pid: 3601801, pidfile: /scratch/anditse/julia_depot/compiled/v1.12/Requires/IyxeS_UKt66.ji.pidfile)
    Requires Being precompiled by another machine (hostname: rg32201, pid: 3601801, pidfile: /scratch/anditse/julia_depot/compiled/v1.12/Requires/IyxeS_UKt66.ji.pidfile)
    Requires Being precompiled by another machine (hostname: rg32201, pid: 3601801, pidfile: /scratch/anditse/julia_depot/compiled/v1.12/Requires/IyxeS_UKt66.ji.pidfile)
    RealDot Being precompiled by another machine (hostname: rg32201, pid: 3601800, pidfile: /scratch/anditse/julia_depot/compiled/v1.12/RealDot/dCVlS_UKt66.ji.pidfile)
    RealDot Being precompiled by another machine (hostname: rg32201, pid: 3601800, pidfile: /scratch/anditse/julia_depot/compiled/v1.12/RealDot/dCVlS_UKt66.ji.pidfile)
    RealDot Being precompiled by another machine (hostname: rg32201, pid: 3601800, pidfile: /scratch/anditse/julia_depot/compiled/v1.12/RealDot/dCVlS_UKt66.ji.pidfile)
    RealDot Being precompiled by another machine (hostname: rg32201, pid: 3601800, pidfile: /scratch/anditse/julia_depot/compiled/v1.12/RealDot/dCVlS_UKt66.ji.pidfile)
    DocStringExtensions Being precompiled by another process (pid: 1785862, pidfile: /scratch/anditse/julia_depot/compiled/v1.12/DocStringExtensions/KRdZs_UKt66.ji.pidfile)
    DocStringExtensions Being precompiled by another process (pid: 1785862, pidfile: /scratch/anditse/julia_depot/compiled/v1.12/DocStringExtensions/KRdZs_UKt66.ji.pidfile)
    DocStringExtensions Being precompiled by another process (pid: 1785862, pidfile: /scratch/anditse/julia_depot/compiled/v1.12/DocStringExtensions/KRdZs_UKt66.ji.pidfile)
    CEnum Being precompiled by another machine (hostname: rg32201, pid: 3601799, pidfile: /scratch/anditse/julia_depot/compiled/v1.12/CEnum/0gyUJ_UKt66.ji.pidfile)
    CEnum Being precompiled by another machine (hostname: rg32201, pid: 3601799, pidfile: /scratch/anditse/julia_depot/compiled/v1.12/CEnum/0gyUJ_UKt66.ji.pidfile)
    CEnum Being precompiled by another machine (hostname: rg32201, pid: 3601799, pidfile: /scratch/anditse/julia_depot/compiled/v1.12/CEnum/0gyUJ_UKt66.ji.pidfile)
    SeawaterPolynomials Being precompiled by another machine (hostname: rg32201, pid: 3601799, pidfile: /scratch/anditse/julia_depot/compiled/v1.12/SeawaterPolynomials/WUxph_UKt66.ji.pidfile)
    SeawaterPolynomials Being precompiled by another machine (hostname: rg32201, pid: 3601799, pidfile: /scratch/anditse/julia_depot/compiled/v1.12/SeawaterPolynomials/WUxph_UKt66.ji.pidfile)
    SeawaterPolynomials Being precompiled by another machine (hostname: rg32201, pid: 3601799, pidfile: /scratch/anditse/julia_depot/compiled/v1.12/SeawaterPolynomials/WUxph_UKt66.ji.pidfile)
    ArgCheck Being precompiled by another machine (hostname: rg32201, pid: 3601799, pidfile: /scratch/anditse/julia_depot/compiled/v1.12/ArgCheck/P66Js_UKt66.ji.pidfile)
    ArgCheck Being precompiled by another machine (hostname: rg32201, pid: 3601799, pidfile: /scratch/anditse/julia_depot/compiled/v1.12/ArgCheck/P66Js_UKt66.ji.pidfile)
    ArgCheck Being precompiled by another machine (hostname: rg32201, pid: 3601799, pidfile: /scratch/anditse/julia_depot/compiled/v1.12/ArgCheck/P66Js_UKt66.ji.pidfile)
    RandomNumbers Being precompiled by another process (pid: 1785864, pidfile: /scratch/anditse/julia_depot/compiled/v1.12/RandomNumbers/pgCpR_UKt66.ji.pidfile)
    RandomNumbers Being precompiled by another process (pid: 1785864, pidfile: /scratch/anditse/julia_depot/compiled/v1.12/RandomNumbers/pgCpR_UKt66.ji.pidfile)
    Requires Being precompiled by another process (pid: 3601801, pidfile: /scratch/anditse/julia_depot/compiled/v1.12/Requires/IyxeS_UKt66.ji.pidfile)
    TextWrap Being precompiled by another machine (hostname: rg32201, pid: 3601798, pidfile: /scratch/anditse/julia_depot/compiled/v1.12/TextWrap/hiFMy_UKt66.ji.pidfile)
    TextWrap Being precompiled by another machine (hostname: rg32201, pid: 3601798, pidfile: /scratch/anditse/julia_depot/compiled/v1.12/TextWrap/hiFMy_UKt66.ji.pidfile)
    Reexport Being precompiled by another process (pid: 3601800, pidfile: /scratch/anditse/julia_depot/compiled/v1.12/Reexport/bTpYr_UKt66.ji.pidfile)
    DataValueInterfaces Being precompiled by another machine (hostname: rg32201, pid: 3601801, pidfile: /scratch/anditse/julia_depot/compiled/v1.12/DataValueInterfaces/9Lpkp_UKt66.ji.pidfile)
    DataValueInterfaces Being precompiled by another machine (hostname: rg32201, pid: 3601801, pidfile: /scratch/anditse/julia_depot/compiled/v1.12/DataValueInterfaces/9Lpkp_UKt66.ji.pidfile)
    Reexport Being precompiled by another machine (hostname: rg32201, pid: 3601800, pidfile: /scratch/anditse/julia_depot/compiled/v1.12/Reexport/bTpYr_UKt66.ji.pidfile)
    Reexport Being precompiled by another machine (hostname: rg32201, pid: 3601800, pidfile: /scratch/anditse/julia_depot/compiled/v1.12/Reexport/bTpYr_UKt66.ji.pidfile)
    RealDot Being precompiled by another process (pid: 3601800, pidfile: /scratch/anditse/julia_depot/compiled/v1.12/RealDot/dCVlS_UKt66.ji.pidfile)
    URIs Being precompiled by another machine (hostname: rg32201, pid: 3601798, pidfile: /scratch/anditse/julia_depot/compiled/v1.12/URIs/eec2u_UKt66.ji.pidfile)
    URIs Being precompiled by another process (pid: 3601798, pidfile: /scratch/anditse/julia_depot/compiled/v1.12/URIs/eec2u_UKt66.ji.pidfile)
    URIs Being precompiled by another machine (hostname: rg32201, pid: 3601798, pidfile: /scratch/anditse/julia_depot/compiled/v1.12/URIs/eec2u_UKt66.ji.pidfile)
    URIs Being precompiled by another machine (hostname: rg32201, pid: 3601798, pidfile: /scratch/anditse/julia_depot/compiled/v1.12/URIs/eec2u_UKt66.ji.pidfile)
    SeawaterPolynomials Being precompiled by another machine (hostname: rg32201, pid: 3601799, pidfile: /scratch/anditse/julia_depot/compiled/v1.12/SeawaterPolynomials/WUxph_UKt66.ji.pidfile)
    ArgCheck Being precompiled by another machine (hostname: rg32201, pid: 3601799, pidfile: /scratch/anditse/julia_depot/compiled/v1.12/ArgCheck/P66Js_UKt66.ji.pidfile)
    SimpleBufferStream Being precompiled by another process (pid: 1785865, pidfile: /scratch/anditse/julia_depot/compiled/v1.12/SimpleBufferStream/QbHsM_UKt66.ji.pidfile)
    LRUCache Being precompiled by another process (pid: 3601800, pidfile: /scratch/anditse/julia_depot/compiled/v1.12/LRUCache/TDw15_UKt66.ji.pidfile)
    SeawaterPolynomials Being precompiled by another process (pid: 3601799, pidfile: /scratch/anditse/julia_depot/compiled/v1.12/SeawaterPolynomials/WUxph_UKt66.ji.pidfile)
    ArgCheck Being precompiled by another process (pid: 3601799, pidfile: /scratch/anditse/julia_depot/compiled/v1.12/ArgCheck/P66Js_UKt66.ji.pidfile)
    RandomNumbers Being precompiled by another process (pid: 1785864, pidfile: /scratch/anditse/julia_depot/compiled/v1.12/RandomNumbers/pgCpR_UKt66.ji.pidfile)
    TextWrap Being precompiled by another machine (hostname: rg32201, pid: 3601798, pidfile: /scratch/anditse/julia_depot/compiled/v1.12/TextWrap/hiFMy_UKt66.ji.pidfile)
    DataValueInterfaces Being precompiled by another machine (hostname: rg32201, pid: 3601801, pidfile: /scratch/anditse/julia_depot/compiled/v1.12/DataValueInterfaces/9Lpkp_UKt66.ji.pidfile)
    Reexport Being precompiled by another machine (hostname: rg32201, pid: 3601800, pidfile: /scratch/anditse/julia_depot/compiled/v1.12/Reexport/bTpYr_UKt66.ji.pidfile)
    SimpleBufferStream Being precompiled by another process (pid: 1785865, pidfile: /scratch/anditse/julia_depot/compiled/v1.12/SimpleBufferStream/QbHsM_UKt66.ji.pidfile)
    CUDA_Runtime_Discovery Being precompiled by another process (pid: 1785863, pidfile: /scratch/anditse/julia_depot/compiled/v1.12/CUDA_Runtime_Discovery/T9PTO_UKt66.ji.pidfile)
    DocStringExtensions Being precompiled by another machine (hostname: rg32301, pid: 1785862, pidfile: /scratch/anditse/julia_depot/compiled/v1.12/DocStringExtensions/KRdZs_UKt66.ji.pidfile)
    SimpleBufferStream Being precompiled by another machine (hostname: rg32301, pid: 1785865, pidfile: /scratch/anditse/julia_depot/compiled/v1.12/SimpleBufferStream/QbHsM_UKt66.ji.pidfile)
    TranscodingStreams Being precompiled by another machine (hostname: rg32201, pid: 3601798, pidfile: /scratch/anditse/julia_depot/compiled/v1.12/TranscodingStreams/eJQ7D_UKt66.ji.pidfile)
    CUDA_Runtime_Discovery Being precompiled by another machine (hostname: rg32301, pid: 1785863, pidfile: /scratch/anditse/julia_depot/compiled/v1.12/CUDA_Runtime_Discovery/T9PTO_UKt66.ji.pidfile)
    DataValueInterfaces Being precompiled by another machine (hostname: rg32201, pid: 3601801, pidfile: /scratch/anditse/julia_depot/compiled/v1.12/DataValueInterfaces/9Lpkp_UKt66.ji.pidfile)
    SimpleBufferStream Being precompiled by another machine (hostname: rg32301, pid: 1785865, pidfile: /scratch/anditse/julia_depot/compiled/v1.12/SimpleBufferStream/QbHsM_UKt66.ji.pidfile)
    Reexport Being precompiled by another machine (hostname: rg32201, pid: 3601800, pidfile: /scratch/anditse/julia_depot/compiled/v1.12/Reexport/bTpYr_UKt66.ji.pidfile)
    URIs Being precompiled by another machine (hostname: rg32201, pid: 3601798, pidfile: /scratch/anditse/julia_depot/compiled/v1.12/URIs/eec2u_UKt66.ji.pidfile)
    CUDA_Runtime_Discovery Being precompiled by another machine (hostname: rg32301, pid: 1785863, pidfile: /scratch/anditse/julia_depot/compiled/v1.12/CUDA_Runtime_Discovery/T9PTO_UKt66.ji.pidfile)
    SimpleBufferStream Being precompiled by another process (pid: 1785865, pidfile: /scratch/anditse/julia_depot/compiled/v1.12/SimpleBufferStream/QbHsM_UKt66.ji.pidfile)
    CUDA_Runtime_Discovery Being precompiled by another process (pid: 1785863, pidfile: /scratch/anditse/julia_depot/compiled/v1.12/CUDA_Runtime_Discovery/T9PTO_UKt66.ji.pidfile)
    InputBuffers Being precompiled by another machine (hostname: rg32301, pid: 1785862, pidfile: /scratch/anditse/julia_depot/compiled/v1.12/InputBuffers/y8AI1_UKt66.ji.pidfile)
    InputBuffers Being precompiled by another machine (hostname: rg32301, pid: 1785862, pidfile: /scratch/anditse/julia_depot/compiled/v1.12/InputBuffers/y8AI1_UKt66.ji.pidfile)
    InputBuffers Being precompiled by another process (pid: 1785862, pidfile: /scratch/anditse/julia_depot/compiled/v1.12/InputBuffers/y8AI1_UKt66.ji.pidfile)
    TranscodingStreams Being precompiled by another process (pid: 3601798, pidfile: /scratch/anditse/julia_depot/compiled/v1.12/TranscodingStreams/eJQ7D_UKt66.ji.pidfile)
    TranscodingStreams Being precompiled by another process (pid: 3601798, pidfile: /scratch/anditse/julia_depot/compiled/v1.12/TranscodingStreams/eJQ7D_UKt66.ji.pidfile)
    HashArrayMappedTries Being precompiled by another process (pid: 3601801, pidfile: /scratch/anditse/julia_depot/compiled/v1.12/HashArrayMappedTries/HsHT3_UKt66.ji.pidfile)
    Reexport Being precompiled by another process (pid: 3601800, pidfile: /scratch/anditse/julia_depot/compiled/v1.12/Reexport/bTpYr_UKt66.ji.pidfile)
    URIs Being precompiled by another process (pid: 3601798, pidfile: /scratch/anditse/julia_depot/compiled/v1.12/URIs/eec2u_UKt66.ji.pidfile)
    LRUCache Being precompiled by another process (pid: 3601800, pidfile: /scratch/anditse/julia_depot/compiled/v1.12/LRUCache/TDw15_UKt66.ji.pidfile)
    HashArrayMappedTries Being precompiled by another machine (hostname: rg32201, pid: 3601801, pidfile: /scratch/anditse/julia_depot/compiled/v1.12/HashArrayMappedTries/HsHT3_UKt66.ji.pidfile)
    ConstructionBase Being precompiled by another machine (hostname: rg32301, pid: 1785862, pidfile: /scratch/anditse/julia_depot/compiled/v1.12/ConstructionBase/sBbW6_UKt66.ji.pidfile)
    ConstructionBase Being precompiled by another machine (hostname: rg32301, pid: 1785862, pidfile: /scratch/anditse/julia_depot/compiled/v1.12/ConstructionBase/sBbW6_UKt66.ji.pidfile)
    LRUCache Being precompiled by another machine (hostname: rg32201, pid: 3601800, pidfile: /scratch/anditse/julia_depot/compiled/v1.12/LRUCache/TDw15_UKt66.ji.pidfile)
    DateTimes64 Being precompiled by another process (pid: 1785862, pidfile: /scratch/anditse/julia_depot/compiled/v1.12/DateTimes64/4g1Dz_UKt66.ji.pidfile)
    ConstructionBase Being precompiled by another process (pid: 1785862, pidfile: /scratch/anditse/julia_depot/compiled/v1.12/ConstructionBase/sBbW6_UKt66.ji.pidfile)
    Adapt Being precompiled by another process (pid: 3601800, pidfile: /scratch/anditse/julia_depot/compiled/v1.12/Adapt/rUIgN_UKt66.ji.pidfile)
    Crayons Being precompiled by another process (pid: 1785862, pidfile: /scratch/anditse/julia_depot/compiled/v1.12/Crayons/TXPcU_UKt66.ji.pidfile)
    BitFlags Being precompiled by another process (pid: 1785864, pidfile: /scratch/anditse/julia_depot/compiled/v1.12/BitFlags/sbYUO_UKt66.ji.pidfile)
    Adapt Being precompiled by another machine (hostname: rg32201, pid: 3601800, pidfile: /scratch/anditse/julia_depot/compiled/v1.12/Adapt/rUIgN_UKt66.ji.pidfile)
    TranscodingStreams Being precompiled by another machine (hostname: rg32201, pid: 3601798, pidfile: /scratch/anditse/julia_depot/compiled/v1.12/TranscodingStreams/eJQ7D_UKt66.ji.pidfile)
    RandomNumbers Being precompiled by another machine (hostname: rg32301, pid: 1785864, pidfile: /scratch/anditse/julia_depot/compiled/v1.12/RandomNumbers/pgCpR_UKt66.ji.pidfile)
    RealDot Being precompiled by another process (pid: 3601800, pidfile: /scratch/anditse/julia_depot/compiled/v1.12/RealDot/dCVlS_UKt66.ji.pidfile)
    DocStringExtensions Being precompiled by another machine (hostname: rg32301, pid: 1785862, pidfile: /scratch/anditse/julia_depot/compiled/v1.12/DocStringExtensions/KRdZs_UKt66.ji.pidfile)
    DataAPI Being precompiled by another machine (hostname: rg32201, pid: 3601801, pidfile: /scratch/anditse/julia_depot/compiled/v1.12/DataAPI/3a8mN_UKt66.ji.pidfile)
    StaticArraysCore Being precompiled by another process (pid: 1785865, pidfile: /scratch/anditse/julia_depot/compiled/v1.12/StaticArraysCore/Tzw28_UKt66.ji.pidfile)
    SimpleBufferStream Being precompiled by another machine (hostname: rg32301, pid: 1785865, pidfile: /scratch/anditse/julia_depot/compiled/v1.12/SimpleBufferStream/QbHsM_UKt66.ji.pidfile)
    Crayons Being precompiled by another process (pid: 1785862, pidfile: /scratch/anditse/julia_depot/compiled/v1.12/Crayons/TXPcU_UKt66.ji.pidfile)
    TextWrap Being precompiled by another machine (hostname: rg32201, pid: 3601798, pidfile: /scratch/anditse/julia_depot/compiled/v1.12/TextWrap/hiFMy_UKt66.ji.pidfile)
    Crayons Being precompiled by another process (pid: 1785862, pidfile: /scratch/anditse/julia_depot/compiled/v1.12/Crayons/TXPcU_UKt66.ji.pidfile)
    StaticArraysCore Being precompiled by another process (pid: 1785865, pidfile: /scratch/anditse/julia_depot/compiled/v1.12/StaticArraysCore/Tzw28_UKt66.ji.pidfile)
    TranscodingStreams Being precompiled by another machine (hostname: rg32201, pid: 3601798, pidfile: /scratch/anditse/julia_depot/compiled/v1.12/TranscodingStreams/eJQ7D_UKt66.ji.pidfile)
    CUDA_Runtime_Discovery Being precompiled by another machine (hostname: rg32301, pid: 1785863, pidfile: /scratch/anditse/julia_depot/compiled/v1.12/CUDA_Runtime_Discovery/T9PTO_UKt66.ji.pidfile)
    InputBuffers Being precompiled by another machine (hostname: rg32301, pid: 1785862, pidfile: /scratch/anditse/julia_depot/compiled/v1.12/InputBuffers/y8AI1_UKt66.ji.pidfile)
    ConcurrentUtilities Being precompiled by another process (pid: 1785862, pidfile: /scratch/anditse/julia_depot/compiled/v1.12/ConcurrentUtilities/OtIZJ_UKt66.ji.pidfile)
    HashArrayMappedTries Being precompiled by another machine (hostname: rg32201, pid: 3601801, pidfile: /scratch/anditse/julia_depot/compiled/v1.12/HashArrayMappedTries/HsHT3_UKt66.ji.pidfile)
    DataValueInterfaces Being precompiled by another process (pid: 3601801, pidfile: /scratch/anditse/julia_depot/compiled/v1.12/DataValueInterfaces/9Lpkp_UKt66.ji.pidfile)
    LRUCache Being precompiled by another machine (hostname: rg32201, pid: 3601800, pidfile: /scratch/anditse/julia_depot/compiled/v1.12/LRUCache/TDw15_UKt66.ji.pidfile)
    HashArrayMappedTries Being precompiled by another process (pid: 3601801, pidfile: /scratch/anditse/julia_depot/compiled/v1.12/HashArrayMappedTries/HsHT3_UKt66.ji.pidfile)
    ConstructionBase Being precompiled by another process (pid: 1785862, pidfile: /scratch/anditse/julia_depot/compiled/v1.12/ConstructionBase/sBbW6_UKt66.ji.pidfile)
    Adapt Being precompiled by another machine (hostname: rg32201, pid: 3601800, pidfile: /scratch/anditse/julia_depot/compiled/v1.12/Adapt/rUIgN_UKt66.ji.pidfile)
    Krylov Being precompiled by another machine (hostname: rg32201, pid: 3601800, pidfile: /scratch/anditse/julia_depot/compiled/v1.12/Krylov/0fcC3_UKt66.ji.pidfile)
    CEnum Being precompiled by another process (pid: 3601799, pidfile: /scratch/anditse/julia_depot/compiled/v1.12/CEnum/0gyUJ_UKt66.ji.pidfile)
    DataAPI Being precompiled by another machine (hostname: rg32201, pid: 3601801, pidfile: /scratch/anditse/julia_depot/compiled/v1.12/DataAPI/3a8mN_UKt66.ji.pidfile)
    BitFlags Being precompiled by another process (pid: 1785864, pidfile: /scratch/anditse/julia_depot/compiled/v1.12/BitFlags/sbYUO_UKt66.ji.pidfile)
    StaticArraysCore Being precompiled by another process (pid: 1785865, pidfile: /scratch/anditse/julia_depot/compiled/v1.12/StaticArraysCore/Tzw28_UKt66.ji.pidfile)
    ConstructionBase Being precompiled by another machine (hostname: rg32301, pid: 1785862, pidfile: /scratch/anditse/julia_depot/compiled/v1.12/ConstructionBase/sBbW6_UKt66.ji.pidfile)
    ConcurrentUtilities Being precompiled by another process (pid: 1785862, pidfile: /scratch/anditse/julia_depot/compiled/v1.12/ConcurrentUtilities/OtIZJ_UKt66.ji.pidfile)
    ArgCheck Being precompiled by another process (pid: 3601799, pidfile: /scratch/anditse/julia_depot/compiled/v1.12/ArgCheck/P66Js_UKt66.ji.pidfile)
    Krylov Being precompiled by another machine (hostname: rg32201, pid: 3601800, pidfile: /scratch/anditse/julia_depot/compiled/v1.12/Krylov/0fcC3_UKt66.ji.pidfile)
    Adapt Being precompiled by another process (pid: 3601800, pidfile: /scratch/anditse/julia_depot/compiled/v1.12/Adapt/rUIgN_UKt66.ji.pidfile)
    BFloat16s Being precompiled by another machine (hostname: rg32201, pid: 3601801, pidfile: /scratch/anditse/julia_depot/compiled/v1.12/BFloat16s/iiZ8G_UKt66.ji.pidfile)
    BFloat16s Being precompiled by another machine (hostname: rg32201, pid: 3601801, pidfile: /scratch/anditse/julia_depot/compiled/v1.12/BFloat16s/iiZ8G_UKt66.ji.pidfile)
    DateTimes64 Being precompiled by another process (pid: 1785862, pidfile: /scratch/anditse/julia_depot/compiled/v1.12/DateTimes64/4g1Dz_UKt66.ji.pidfile)
    InputBuffers Being precompiled by another process (pid: 1785862, pidfile: /scratch/anditse/julia_depot/compiled/v1.12/InputBuffers/y8AI1_UKt66.ji.pidfile)
    DateTimes64 Being precompiled by another process (pid: 1785862, pidfile: /scratch/anditse/julia_depot/compiled/v1.12/DateTimes64/4g1Dz_UKt66.ji.pidfile)
    StructUtils Being precompiled by another process (pid: 1785863, pidfile: /scratch/anditse/julia_depot/compiled/v1.12/StructUtils/vyJDy_UKt66.ji.pidfile)
    DataAPI Being precompiled by another process (pid: 3601801, pidfile: /scratch/anditse/julia_depot/compiled/v1.12/DataAPI/3a8mN_UKt66.ji.pidfile)
    CFTime Being precompiled by another process (pid: 1785862, pidfile: /scratch/anditse/julia_depot/compiled/v1.12/CFTime/W6AQs_UKt66.ji.pidfile)
    HashArrayMappedTries Being precompiled by another machine (hostname: rg32201, pid: 3601801, pidfile: /scratch/anditse/julia_depot/compiled/v1.12/HashArrayMappedTries/HsHT3_UKt66.ji.pidfile)
    CFTime Being precompiled by another process (pid: 1785862, pidfile: /scratch/anditse/julia_depot/compiled/v1.12/CFTime/W6AQs_UKt66.ji.pidfile)
    Crayons Being precompiled by another machine (hostname: rg32301, pid: 1785862, pidfile: /scratch/anditse/julia_depot/compiled/v1.12/Crayons/TXPcU_UKt66.ji.pidfile)
    Crayons Being precompiled by another machine (hostname: rg32301, pid: 1785862, pidfile: /scratch/anditse/julia_depot/compiled/v1.12/Crayons/TXPcU_UKt66.ji.pidfile)
    Krylov Being precompiled by another machine (hostname: rg32201, pid: 3601800, pidfile: /scratch/anditse/julia_depot/compiled/v1.12/Krylov/0fcC3_UKt66.ji.pidfile)
    BFloat16s Being precompiled by another machine (hostname: rg32201, pid: 3601801, pidfile: /scratch/anditse/julia_depot/compiled/v1.12/BFloat16s/iiZ8G_UKt66.ji.pidfile)
    LoggingExtras Being precompiled by another process (pid: 1785863, pidfile: /scratch/anditse/julia_depot/compiled/v1.12/LoggingExtras/9fRHf_UKt66.ji.pidfile)
    DataAPI Being precompiled by another machine (hostname: rg32201, pid: 3601801, pidfile: /scratch/anditse/julia_depot/compiled/v1.12/DataAPI/3a8mN_UKt66.ji.pidfile)
    BitFlags Being precompiled by another machine (hostname: rg32301, pid: 1785864, pidfile: /scratch/anditse/julia_depot/compiled/v1.12/BitFlags/sbYUO_UKt66.ji.pidfile)
    StructUtils Being precompiled by another process (pid: 1785863, pidfile: /scratch/anditse/julia_depot/compiled/v1.12/StructUtils/vyJDy_UKt66.ji.pidfile)
    BitFlags Being precompiled by another machine (hostname: rg32301, pid: 1785864, pidfile: /scratch/anditse/julia_depot/compiled/v1.12/BitFlags/sbYUO_UKt66.ji.pidfile)
    CFTime Being precompiled by another process (pid: 1785862, pidfile: /scratch/anditse/julia_depot/compiled/v1.12/CFTime/W6AQs_UKt66.ji.pidfile)
    ConcurrentUtilities Being precompiled by another process (pid: 1785862, pidfile: /scratch/anditse/julia_depot/compiled/v1.12/ConcurrentUtilities/OtIZJ_UKt66.ji.pidfile)
    CEnum Being precompiled by another machine (hostname: rg32201, pid: 3601799, pidfile: /scratch/anditse/julia_depot/compiled/v1.12/CEnum/0gyUJ_UKt66.ji.pidfile)
    LoggingExtras Being precompiled by another process (pid: 1785863, pidfile: /scratch/anditse/julia_depot/compiled/v1.12/LoggingExtras/9fRHf_UKt66.ji.pidfile)
    BFloat16s Being precompiled by another machine (hostname: rg32201, pid: 3601801, pidfile: /scratch/anditse/julia_depot/compiled/v1.12/BFloat16s/iiZ8G_UKt66.ji.pidfile)
    StaticArraysCore Being precompiled by another machine (hostname: rg32301, pid: 1785865, pidfile: /scratch/anditse/julia_depot/compiled/v1.12/StaticArraysCore/Tzw28_UKt66.ji.pidfile)
    StaticArraysCore Being precompiled by another machine (hostname: rg32301, pid: 1785865, pidfile: /scratch/anditse/julia_depot/compiled/v1.12/StaticArraysCore/Tzw28_UKt66.ji.pidfile)
    BitFlags Being precompiled by another process (pid: 1785864, pidfile: /scratch/anditse/julia_depot/compiled/v1.12/BitFlags/sbYUO_UKt66.ji.pidfile)
    StructUtils Being precompiled by another process (pid: 1785863, pidfile: /scratch/anditse/julia_depot/compiled/v1.12/StructUtils/vyJDy_UKt66.ji.pidfile)
    Krylov Being precompiled by another machine (hostname: rg32201, pid: 3601800, pidfile: /scratch/anditse/julia_depot/compiled/v1.12/Krylov/0fcC3_UKt66.ji.pidfile)
    Scratch Being precompiled by another process (pid: 1785865, pidfile: /scratch/anditse/julia_depot/compiled/v1.12/Scratch/ICI1U_UKt66.ji.pidfile)
    TaylorSeries Being precompiled by another process (pid: 1785865, pidfile: /scratch/anditse/julia_depot/compiled/v1.12/TaylorSeries/VXblr_UKt66.ji.pidfile)
    LoggingExtras Being precompiled by another process (pid: 1785863, pidfile: /scratch/anditse/julia_depot/compiled/v1.12/LoggingExtras/9fRHf_UKt66.ji.pidfile)
    TaylorSeries Being precompiled by another process (pid: 1785865, pidfile: /scratch/anditse/julia_depot/compiled/v1.12/TaylorSeries/VXblr_UKt66.ji.pidfile)
    Adapt Being precompiled by another machine (hostname: rg32201, pid: 3601800, pidfile: /scratch/anditse/julia_depot/compiled/v1.12/Adapt/rUIgN_UKt66.ji.pidfile)
    Preferences Being precompiled by another process (pid: 1785864, pidfile: /scratch/anditse/julia_depot/compiled/v1.12/Preferences/pWSk8_UKt66.ji.pidfile)
    ExceptionUnwrapping Being precompiled by another process (pid: 1785863, pidfile: /scratch/anditse/julia_depot/compiled/v1.12/ExceptionUnwrapping/DKnWN_UKt66.ji.pidfile)
    CUDA_Runtime_Discovery Being precompiled by another process (pid: 1785863, pidfile: /scratch/anditse/julia_depot/compiled/v1.12/CUDA_Runtime_Discovery/T9PTO_UKt66.ji.pidfile)
    InputBuffers Being precompiled by another process (pid: 1785862, pidfile: /scratch/anditse/julia_depot/compiled/v1.12/InputBuffers/y8AI1_UKt66.ji.pidfile)
    TranscodingStreams Being precompiled by another machine (hostname: rg32201, pid: 3601798, pidfile: /scratch/anditse/julia_depot/compiled/v1.12/TranscodingStreams/eJQ7D_UKt66.ji.pidfile)
    ConstructionBase Being precompiled by another process (pid: 1785862, pidfile: /scratch/anditse/julia_depot/compiled/v1.12/ConstructionBase/sBbW6_UKt66.ji.pidfile)
    ExceptionUnwrapping Being precompiled by another process (pid: 1785863, pidfile: /scratch/anditse/julia_depot/compiled/v1.12/ExceptionUnwrapping/DKnWN_UKt66.ji.pidfile)
    Scratch Being precompiled by another process (pid: 1785865, pidfile: /scratch/anditse/julia_depot/compiled/v1.12/Scratch/ICI1U_UKt66.ji.pidfile)
    ExceptionUnwrapping Being precompiled by another process (pid: 1785863, pidfile: /scratch/anditse/julia_depot/compiled/v1.12/ExceptionUnwrapping/DKnWN_UKt66.ji.pidfile)
    LRUCache Being precompiled by another machine (hostname: rg32201, pid: 3601800, pidfile: /scratch/anditse/julia_depot/compiled/v1.12/LRUCache/TDw15_UKt66.ji.pidfile)
    ConcurrentUtilities Being precompiled by another machine (hostname: rg32301, pid: 1785862, pidfile: /scratch/anditse/julia_depot/compiled/v1.12/ConcurrentUtilities/OtIZJ_UKt66.ji.pidfile)
    ConcurrentUtilities Being precompiled by another machine (hostname: rg32301, pid: 1785862, pidfile: /scratch/anditse/julia_depot/compiled/v1.12/ConcurrentUtilities/OtIZJ_UKt66.ji.pidfile)
    RandomNumbers Being precompiled by another machine (hostname: rg32301, pid: 1785864, pidfile: /scratch/anditse/julia_depot/compiled/v1.12/RandomNumbers/pgCpR_UKt66.ji.pidfile)
    DataAPI Being precompiled by another process (pid: 3601801, pidfile: /scratch/anditse/julia_depot/compiled/v1.12/DataAPI/3a8mN_UKt66.ji.pidfile)
    BitFlags Being precompiled by another machine (hostname: rg32301, pid: 1785864, pidfile: /scratch/anditse/julia_depot/compiled/v1.12/BitFlags/sbYUO_UKt66.ji.pidfile)
    StaticArraysCore Being precompiled by another machine (hostname: rg32301, pid: 1785865, pidfile: /scratch/anditse/julia_depot/compiled/v1.12/StaticArraysCore/Tzw28_UKt66.ji.pidfile)
    PkgVersion Being precompiled by another process (pid: 1785864, pidfile: /scratch/anditse/julia_depot/compiled/v1.12/PkgVersion/dbDoq_UKt66.ji.pidfile)
    BFloat16s Being precompiled by another process (pid: 3601801, pidfile: /scratch/anditse/julia_depot/compiled/v1.12/BFloat16s/iiZ8G_UKt66.ji.pidfile)
    PkgVersion Being precompiled by another process (pid: 1785864, pidfile: /scratch/anditse/julia_depot/compiled/v1.12/PkgVersion/dbDoq_UKt66.ji.pidfile)
    Preferences Being precompiled by another process (pid: 1785864, pidfile: /scratch/anditse/julia_depot/compiled/v1.12/Preferences/pWSk8_UKt66.ji.pidfile)
    Krylov Being precompiled by another process (pid: 3601800, pidfile: /scratch/anditse/julia_depot/compiled/v1.12/Krylov/0fcC3_UKt66.ji.pidfile)
    BFloat16s Being precompiled by another process (pid: 3601801, pidfile: /scratch/anditse/julia_depot/compiled/v1.12/BFloat16s/iiZ8G_UKt66.ji.pidfile)
    LRUCache Being precompiled by another machine (hostname: rg32201, pid: 3601800, pidfile: /scratch/anditse/julia_depot/compiled/v1.12/LRUCache/TDw15_UKt66.ji.pidfile)
    DataAPI Being precompiled by another machine (hostname: rg32201, pid: 3601801, pidfile: /scratch/anditse/julia_depot/compiled/v1.12/DataAPI/3a8mN_UKt66.ji.pidfile)
    Adapt Being precompiled by another machine (hostname: rg32201, pid: 3601800, pidfile: /scratch/anditse/julia_depot/compiled/v1.12/Adapt/rUIgN_UKt66.ji.pidfile)
    HashArrayMappedTries Being precompiled by another machine (hostname: rg32201, pid: 3601801, pidfile: /scratch/anditse/julia_depot/compiled/v1.12/HashArrayMappedTries/HsHT3_UKt66.ji.pidfile)
    PkgVersion Being precompiled by another process (pid: 1785864, pidfile: /scratch/anditse/julia_depot/compiled/v1.12/PkgVersion/dbDoq_UKt66.ji.pidfile)
    DateTimes64 Being precompiled by another machine (hostname: rg32301, pid: 1785862, pidfile: /scratch/anditse/julia_depot/compiled/v1.12/DateTimes64/4g1Dz_UKt66.ji.pidfile)
    Preferences Being precompiled by another process (pid: 1785864, pidfile: /scratch/anditse/julia_depot/compiled/v1.12/Preferences/pWSk8_UKt66.ji.pidfile)
    Scratch Being precompiled by another process (pid: 1785865, pidfile: /scratch/anditse/julia_depot/compiled/v1.12/Scratch/ICI1U_UKt66.ji.pidfile)
    DateTimes64 Being precompiled by another machine (hostname: rg32301, pid: 1785862, pidfile: /scratch/anditse/julia_depot/compiled/v1.12/DateTimes64/4g1Dz_UKt66.ji.pidfile)
    StructUtils Being precompiled by another machine (hostname: rg32301, pid: 1785863, pidfile: /scratch/anditse/julia_depot/compiled/v1.12/StructUtils/vyJDy_UKt66.ji.pidfile)
    TaylorSeries Being precompiled by another process (pid: 1785865, pidfile: /scratch/anditse/julia_depot/compiled/v1.12/TaylorSeries/VXblr_UKt66.ji.pidfile)
    StructUtils Being precompiled by another machine (hostname: rg32301, pid: 1785863, pidfile: /scratch/anditse/julia_depot/compiled/v1.12/StructUtils/vyJDy_UKt66.ji.pidfile)
    ConcurrentUtilities Being precompiled by another machine (hostname: rg32301, pid: 1785862, pidfile: /scratch/anditse/julia_depot/compiled/v1.12/ConcurrentUtilities/OtIZJ_UKt66.ji.pidfile)
    Krylov Being precompiled by another process (pid: 3601800, pidfile: /scratch/anditse/julia_depot/compiled/v1.12/Krylov/0fcC3_UKt66.ji.pidfile)
    CFTime Being precompiled by another machine (hostname: rg32301, pid: 1785862, pidfile: /scratch/anditse/julia_depot/compiled/v1.12/CFTime/W6AQs_UKt66.ji.pidfile)
    Crayons Being precompiled by another machine (hostname: rg32301, pid: 1785862, pidfile: /scratch/anditse/julia_depot/compiled/v1.12/Crayons/TXPcU_UKt66.ji.pidfile)
    CFTime Being precompiled by another machine (hostname: rg32301, pid: 1785862, pidfile: /scratch/anditse/julia_depot/compiled/v1.12/CFTime/W6AQs_UKt66.ji.pidfile)
    DateTimes64 Being precompiled by another machine (hostname: rg32301, pid: 1785862, pidfile: /scratch/anditse/julia_depot/compiled/v1.12/DateTimes64/4g1Dz_UKt66.ji.pidfile)
    StructUtils Being precompiled by another machine (hostname: rg32301, pid: 1785863, pidfile: /scratch/anditse/julia_depot/compiled/v1.12/StructUtils/vyJDy_UKt66.ji.pidfile)
    CFTime Being precompiled by another machine (hostname: rg32301, pid: 1785862, pidfile: /scratch/anditse/julia_depot/compiled/v1.12/CFTime/W6AQs_UKt66.ji.pidfile)
    Scratch Being precompiled by another machine (hostname: rg32301, pid: 1785865, pidfile: /scratch/anditse/julia_depot/compiled/v1.12/Scratch/ICI1U_UKt66.ji.pidfile)
    Scratch Being precompiled by another machine (hostname: rg32301, pid: 1785865, pidfile: /scratch/anditse/julia_depot/compiled/v1.12/Scratch/ICI1U_UKt66.ji.pidfile)
    Scratch Being precompiled by another machine (hostname: rg32301, pid: 1785865, pidfile: /scratch/anditse/julia_depot/compiled/v1.12/Scratch/ICI1U_UKt66.ji.pidfile)
    LoggingExtras Being precompiled by another machine (hostname: rg32301, pid: 1785863, pidfile: /scratch/anditse/julia_depot/compiled/v1.12/LoggingExtras/9fRHf_UKt66.ji.pidfile)
    LoggingExtras Being precompiled by another machine (hostname: rg32301, pid: 1785863, pidfile: /scratch/anditse/julia_depot/compiled/v1.12/LoggingExtras/9fRHf_UKt66.ji.pidfile)
    TaylorSeries Being precompiled by another machine (hostname: rg32301, pid: 1785865, pidfile: /scratch/anditse/julia_depot/compiled/v1.12/TaylorSeries/VXblr_UKt66.ji.pidfile)
    TaylorSeries Being precompiled by another machine (hostname: rg32301, pid: 1785865, pidfile: /scratch/anditse/julia_depot/compiled/v1.12/TaylorSeries/VXblr_UKt66.ji.pidfile)
    TaylorSeries Being precompiled by another machine (hostname: rg32301, pid: 1785865, pidfile: /scratch/anditse/julia_depot/compiled/v1.12/TaylorSeries/VXblr_UKt66.ji.pidfile)
    Preferences Being precompiled by another machine (hostname: rg32301, pid: 1785864, pidfile: /scratch/anditse/julia_depot/compiled/v1.12/Preferences/pWSk8_UKt66.ji.pidfile)
    Preferences Being precompiled by another machine (hostname: rg32301, pid: 1785864, pidfile: /scratch/anditse/julia_depot/compiled/v1.12/Preferences/pWSk8_UKt66.ji.pidfile)
    ExceptionUnwrapping Being precompiled by another machine (hostname: rg32301, pid: 1785863, pidfile: /scratch/anditse/julia_depot/compiled/v1.12/ExceptionUnwrapping/DKnWN_UKt66.ji.pidfile)
    ExceptionUnwrapping Being precompiled by another machine (hostname: rg32301, pid: 1785863, pidfile: /scratch/anditse/julia_depot/compiled/v1.12/ExceptionUnwrapping/DKnWN_UKt66.ji.pidfile)
    ExceptionUnwrapping Being precompiled by another machine (hostname: rg32301, pid: 1785863, pidfile: /scratch/anditse/julia_depot/compiled/v1.12/ExceptionUnwrapping/DKnWN_UKt66.ji.pidfile)
    LoggingExtras Being precompiled by another machine (hostname: rg32301, pid: 1785863, pidfile: /scratch/anditse/julia_depot/compiled/v1.12/LoggingExtras/9fRHf_UKt66.ji.pidfile)
    PkgVersion Being precompiled by another machine (hostname: rg32301, pid: 1785864, pidfile: /scratch/anditse/julia_depot/compiled/v1.12/PkgVersion/dbDoq_UKt66.ji.pidfile)
    PkgVersion Being precompiled by another machine (hostname: rg32301, pid: 1785864, pidfile: /scratch/anditse/julia_depot/compiled/v1.12/PkgVersion/dbDoq_UKt66.ji.pidfile)
    TextWrap Being precompiled by another process (pid: 3601798, pidfile: /scratch/anditse/julia_depot/compiled/v1.12/TextWrap/hiFMy_UKt66.ji.pidfile)
    CEnum Being precompiled by another process (pid: 3601799, pidfile: /scratch/anditse/julia_depot/compiled/v1.12/CEnum/0gyUJ_UKt66.ji.pidfile)
    RandomNumbers Being precompiled by another machine (hostname: rg32301, pid: 1785864, pidfile: /scratch/anditse/julia_depot/compiled/v1.12/RandomNumbers/pgCpR_UKt66.ji.pidfile)
    SeawaterPolynomials Being precompiled by another process (pid: 3601799, pidfile: /scratch/anditse/julia_depot/compiled/v1.12/SeawaterPolynomials/WUxph_UKt66.ji.pidfile)
    DataValueInterfaces Being precompiled by another process (pid: 3601801, pidfile: /scratch/anditse/julia_depot/compiled/v1.12/DataValueInterfaces/9Lpkp_UKt66.ji.pidfile)
    TextWrap Being precompiled by another process (pid: 3601798, pidfile: /scratch/anditse/julia_depot/compiled/v1.12/TextWrap/hiFMy_UKt66.ji.pidfile)
    CEnum Being precompiled by another process (pid: 3601799, pidfile: /scratch/anditse/julia_depot/compiled/v1.12/CEnum/0gyUJ_UKt66.ji.pidfile)
    ArgCheck Being precompiled by another process (pid: 3601799, pidfile: /scratch/anditse/julia_depot/compiled/v1.12/ArgCheck/P66Js_UKt66.ji.pidfile)
    SeawaterPolynomials Being precompiled by another process (pid: 3601799, pidfile: /scratch/anditse/julia_depot/compiled/v1.12/SeawaterPolynomials/WUxph_UKt66.ji.pidfile)
    DocStringExtensions Being precompiled by another machine (hostname: rg32301, pid: 1785862, pidfile: /scratch/anditse/julia_depot/compiled/v1.12/DocStringExtensions/KRdZs_UKt66.ji.pidfile)
    PkgVersion Being precompiled by another machine (hostname: rg32301, pid: 1785864, pidfile: /scratch/anditse/julia_depot/compiled/v1.12/PkgVersion/dbDoq_UKt66.ji.pidfile)
    Preferences Being precompiled by another machine (hostname: rg32301, pid: 1785864, pidfile: /scratch/anditse/julia_depot/compiled/v1.12/Preferences/pWSk8_UKt66.ji.pidfile)
    LLVMLoopInfo Being precompiled by another machine (hostname: rg32201, pid: 3601799, pidfile: /scratch/anditse/julia_depot/compiled/v1.12/LLVMLoopInfo/X7sqD_UKt66.ji.pidfile)
    LLVMLoopInfo Being precompiled by another machine (hostname: rg32201, pid: 3601799, pidfile: /scratch/anditse/julia_depot/compiled/v1.12/LLVMLoopInfo/X7sqD_UKt66.ji.pidfile)
    LLVMLoopInfo Being precompiled by another machine (hostname: rg32201, pid: 3601799, pidfile: /scratch/anditse/julia_depot/compiled/v1.12/LLVMLoopInfo/X7sqD_UKt66.ji.pidfile)
    LLVMLoopInfo Being precompiled by another machine (hostname: rg32201, pid: 3601799, pidfile: /scratch/anditse/julia_depot/compiled/v1.12/LLVMLoopInfo/X7sqD_UKt66.ji.pidfile)
    ExpressionExplorer Being precompiled by another machine (hostname: rg32201, pid: 3601799, pidfile: /scratch/anditse/julia_depot/compiled/v1.12/ExpressionExplorer/O7efy_UKt66.ji.pidfile)
    ExpressionExplorer Being precompiled by another machine (hostname: rg32201, pid: 3601799, pidfile: /scratch/anditse/julia_depot/compiled/v1.12/ExpressionExplorer/O7efy_UKt66.ji.pidfile)
    ExpressionExplorer Being precompiled by another machine (hostname: rg32201, pid: 3601799, pidfile: /scratch/anditse/julia_depot/compiled/v1.12/ExpressionExplorer/O7efy_UKt66.ji.pidfile)
    ExpressionExplorer Being precompiled by another machine (hostname: rg32201, pid: 3601799, pidfile: /scratch/anditse/julia_depot/compiled/v1.12/ExpressionExplorer/O7efy_UKt66.ji.pidfile)
    AbstractFFTs Being precompiled by another machine (hostname: rg32201, pid: 3601799, pidfile: /scratch/anditse/julia_depot/compiled/v1.12/AbstractFFTs/Di3HZ_UKt66.ji.pidfile)
    AbstractFFTs Being precompiled by another machine (hostname: rg32201, pid: 3601799, pidfile: /scratch/anditse/julia_depot/compiled/v1.12/AbstractFFTs/Di3HZ_UKt66.ji.pidfile)
    AbstractFFTs Being precompiled by another machine (hostname: rg32201, pid: 3601799, pidfile: /scratch/anditse/julia_depot/compiled/v1.12/AbstractFFTs/Di3HZ_UKt66.ji.pidfile)
    AbstractFFTs Being precompiled by another machine (hostname: rg32201, pid: 3601799, pidfile: /scratch/anditse/julia_depot/compiled/v1.12/AbstractFFTs/Di3HZ_UKt66.ji.pidfile)
    LaTeXStrings Being precompiled by another machine (hostname: rg32201, pid: 3601799, pidfile: /scratch/anditse/julia_depot/compiled/v1.12/LaTeXStrings/H4HGh_UKt66.ji.pidfile)
    LaTeXStrings Being precompiled by another machine (hostname: rg32201, pid: 3601799, pidfile: /scratch/anditse/julia_depot/compiled/v1.12/LaTeXStrings/H4HGh_UKt66.ji.pidfile)
    LaTeXStrings Being precompiled by another machine (hostname: rg32201, pid: 3601799, pidfile: /scratch/anditse/julia_depot/compiled/v1.12/LaTeXStrings/H4HGh_UKt66.ji.pidfile)
    LaTeXStrings Being precompiled by another machine (hostname: rg32201, pid: 3601799, pidfile: /scratch/anditse/julia_depot/compiled/v1.12/LaTeXStrings/H4HGh_UKt66.ji.pidfile)
    Glob Being precompiled by another machine (hostname: rg32201, pid: 3601799, pidfile: /scratch/anditse/julia_depot/compiled/v1.12/Glob/3FzEV_UKt66.ji.pidfile)
    Glob Being precompiled by another machine (hostname: rg32201, pid: 3601799, pidfile: /scratch/anditse/julia_depot/compiled/v1.12/Glob/3FzEV_UKt66.ji.pidfile)
    Glob Being precompiled by another machine (hostname: rg32201, pid: 3601799, pidfile: /scratch/anditse/julia_depot/compiled/v1.12/Glob/3FzEV_UKt66.ji.pidfile)
    Glob Being precompiled by another machine (hostname: rg32201, pid: 3601799, pidfile: /scratch/anditse/julia_depot/compiled/v1.12/Glob/3FzEV_UKt66.ji.pidfile)
    ExprTools Being precompiled by another machine (hostname: rg32201, pid: 3601799, pidfile: /scratch/anditse/julia_depot/compiled/v1.12/ExprTools/eM8wu_UKt66.ji.pidfile)
    ExprTools Being precompiled by another machine (hostname: rg32201, pid: 3601799, pidfile: /scratch/anditse/julia_depot/compiled/v1.12/ExprTools/eM8wu_UKt66.ji.pidfile)
    ExprTools Being precompiled by another machine (hostname: rg32201, pid: 3601799, pidfile: /scratch/anditse/julia_depot/compiled/v1.12/ExprTools/eM8wu_UKt66.ji.pidfile)
    ExprTools Being precompiled by another machine (hostname: rg32201, pid: 3601799, pidfile: /scratch/anditse/julia_depot/compiled/v1.12/ExprTools/eM8wu_UKt66.ji.pidfile)
    IteratorInterfaceExtensions Being precompiled by another machine (hostname: rg32201, pid: 3601799, pidfile: /scratch/anditse/julia_depot/compiled/v1.12/IteratorInterfaceExtensions/N0h8q_UKt66.ji.pidfile)
    IteratorInterfaceExtensions Being precompiled by another machine (hostname: rg32201, pid: 3601799, pidfile: /scratch/anditse/julia_depot/compiled/v1.12/IteratorInterfaceExtensions/N0h8q_UKt66.ji.pidfile)
    IteratorInterfaceExtensions Being precompiled by another machine (hostname: rg32201, pid: 3601799, pidfile: /scratch/anditse/julia_depot/compiled/v1.12/IteratorInterfaceExtensions/N0h8q_UKt66.ji.pidfile)
    IteratorInterfaceExtensions Being precompiled by another machine (hostname: rg32201, pid: 3601799, pidfile: /scratch/anditse/julia_depot/compiled/v1.12/IteratorInterfaceExtensions/N0h8q_UKt66.ji.pidfile)
    UnsafeAtomics Being precompiled by another machine (hostname: rg32201, pid: 3601799, pidfile: /scratch/anditse/julia_depot/compiled/v1.12/UnsafeAtomics/OuhNJ_UKt66.ji.pidfile)
    UnsafeAtomics Being precompiled by another machine (hostname: rg32201, pid: 3601799, pidfile: /scratch/anditse/julia_depot/compiled/v1.12/UnsafeAtomics/OuhNJ_UKt66.ji.pidfile)
    UnsafeAtomics Being precompiled by another machine (hostname: rg32201, pid: 3601799, pidfile: /scratch/anditse/julia_depot/compiled/v1.12/UnsafeAtomics/OuhNJ_UKt66.ji.pidfile)
    UnsafeAtomics Being precompiled by another machine (hostname: rg32201, pid: 3601799, pidfile: /scratch/anditse/julia_depot/compiled/v1.12/UnsafeAtomics/OuhNJ_UKt66.ji.pidfile)
    StatsAPI Being precompiled by another machine (hostname: rg32201, pid: 3601799, pidfile: /scratch/anditse/julia_depot/compiled/v1.12/StatsAPI/Rf3YC_UKt66.ji.pidfile)
    StatsAPI Being precompiled by another machine (hostname: rg32201, pid: 3601799, pidfile: /scratch/anditse/julia_depot/compiled/v1.12/StatsAPI/Rf3YC_UKt66.ji.pidfile)
    StatsAPI Being precompiled by another machine (hostname: rg32201, pid: 3601799, pidfile: /scratch/anditse/julia_depot/compiled/v1.12/StatsAPI/Rf3YC_UKt66.ji.pidfile)
    StatsAPI Being precompiled by another machine (hostname: rg32201, pid: 3601799, pidfile: /scratch/anditse/julia_depot/compiled/v1.12/StatsAPI/Rf3YC_UKt66.ji.pidfile)
    ChunkCodecCore Being precompiled by another machine (hostname: rg32201, pid: 3601799, pidfile: /scratch/anditse/julia_depot/compiled/v1.12/ChunkCodecCore/54tFi_UKt66.ji.pidfile)
    ChunkCodecCore Being precompiled by another machine (hostname: rg32201, pid: 3601799, pidfile: /scratch/anditse/julia_depot/compiled/v1.12/ChunkCodecCore/54tFi_UKt66.ji.pidfile)
    ChunkCodecCore Being precompiled by another machine (hostname: rg32201, pid: 3601799, pidfile: /scratch/anditse/julia_depot/compiled/v1.12/ChunkCodecCore/54tFi_UKt66.ji.pidfile)
    ChunkCodecCore Being precompiled by another machine (hostname: rg32201, pid: 3601799, pidfile: /scratch/anditse/julia_depot/compiled/v1.12/ChunkCodecCore/54tFi_UKt66.ji.pidfile)
    OffsetArrays Being precompiled by another machine (hostname: rg32201, pid: 3601799, pidfile: /scratch/anditse/julia_depot/compiled/v1.12/OffsetArrays/UDEDl_UKt66.ji.pidfile)
    OffsetArrays Being precompiled by another machine (hostname: rg32201, pid: 3601799, pidfile: /scratch/anditse/julia_depot/compiled/v1.12/OffsetArrays/UDEDl_UKt66.ji.pidfile)
    OffsetArrays Being precompiled by another machine (hostname: rg32201, pid: 3601799, pidfile: /scratch/anditse/julia_depot/compiled/v1.12/OffsetArrays/UDEDl_UKt66.ji.pidfile)
    OffsetArrays Being precompiled by another machine (hostname: rg32201, pid: 3601799, pidfile: /scratch/anditse/julia_depot/compiled/v1.12/OffsetArrays/UDEDl_UKt66.ji.pidfile)
    Statistics Being precompiled by another machine (hostname: rg32201, pid: 3601799, pidfile: /scratch/anditse/julia_depot/compiled/v1.12/Statistics/ERcPL_UKt66.ji.pidfile)
    Statistics Being precompiled by another machine (hostname: rg32201, pid: 3601799, pidfile: /scratch/anditse/julia_depot/compiled/v1.12/Statistics/ERcPL_UKt66.ji.pidfile)
    Statistics Being precompiled by another machine (hostname: rg32201, pid: 3601799, pidfile: /scratch/anditse/julia_depot/compiled/v1.12/Statistics/ERcPL_UKt66.ji.pidfile)
    Statistics Being precompiled by another machine (hostname: rg32201, pid: 3601799, pidfile: /scratch/anditse/julia_depot/compiled/v1.12/Statistics/ERcPL_UKt66.ji.pidfile)
    MacroTools Being precompiled by another machine (hostname: rg32201, pid: 3601799, pidfile: /scratch/anditse/julia_depot/compiled/v1.12/MacroTools/38lnR_UKt66.ji.pidfile)
    MacroTools Being precompiled by another machine (hostname: rg32201, pid: 3601799, pidfile: /scratch/anditse/julia_depot/compiled/v1.12/MacroTools/38lnR_UKt66.ji.pidfile)
    MacroTools Being precompiled by another machine (hostname: rg32201, pid: 3601799, pidfile: /scratch/anditse/julia_depot/compiled/v1.12/MacroTools/38lnR_UKt66.ji.pidfile)
    MacroTools Being precompiled by another machine (hostname: rg32201, pid: 3601799, pidfile: /scratch/anditse/julia_depot/compiled/v1.12/MacroTools/38lnR_UKt66.ji.pidfile)
    OrderedCollections Being precompiled by another machine (hostname: rg32201, pid: 3601798, pidfile: /scratch/anditse/julia_depot/compiled/v1.12/OrderedCollections/LtT3J_UKt66.ji.pidfile)
    OrderedCollections Being precompiled by another machine (hostname: rg32201, pid: 3601798, pidfile: /scratch/anditse/julia_depot/compiled/v1.12/OrderedCollections/LtT3J_UKt66.ji.pidfile)
    OrderedCollections Being precompiled by another machine (hostname: rg32201, pid: 3601798, pidfile: /scratch/anditse/julia_depot/compiled/v1.12/OrderedCollections/LtT3J_UKt66.ji.pidfile)
    OrderedCollections Being precompiled by another machine (hostname: rg32201, pid: 3601798, pidfile: /scratch/anditse/julia_depot/compiled/v1.12/OrderedCollections/LtT3J_UKt66.ji.pidfile)
    Requires Being precompiled by another machine (hostname: rg32201, pid: 3601801, pidfile: /scratch/anditse/julia_depot/compiled/v1.12/Requires/IyxeS_UKt66.ji.pidfile)
    Requires Being precompiled by another machine (hostname: rg32201, pid: 3601801, pidfile: /scratch/anditse/julia_depot/compiled/v1.12/Requires/IyxeS_UKt66.ji.pidfile)
    Requires Being precompiled by another machine (hostname: rg32201, pid: 3601801, pidfile: /scratch/anditse/julia_depot/compiled/v1.12/Requires/IyxeS_UKt66.ji.pidfile)
    Requires Being precompiled by another machine (hostname: rg32201, pid: 3601801, pidfile: /scratch/anditse/julia_depot/compiled/v1.12/Requires/IyxeS_UKt66.ji.pidfile)
    RealDot Being precompiled by another machine (hostname: rg32201, pid: 3601800, pidfile: /scratch/anditse/julia_depot/compiled/v1.12/RealDot/dCVlS_UKt66.ji.pidfile)
    RealDot Being precompiled by another machine (hostname: rg32201, pid: 3601800, pidfile: /scratch/anditse/julia_depot/compiled/v1.12/RealDot/dCVlS_UKt66.ji.pidfile)
    RealDot Being precompiled by another machine (hostname: rg32201, pid: 3601800, pidfile: /scratch/anditse/julia_depot/compiled/v1.12/RealDot/dCVlS_UKt66.ji.pidfile)
    RealDot Being precompiled by another machine (hostname: rg32201, pid: 3601800, pidfile: /scratch/anditse/julia_depot/compiled/v1.12/RealDot/dCVlS_UKt66.ji.pidfile)
    DocStringExtensions Being precompiled by another machine (hostname: rg32301, pid: 1785862, pidfile: /scratch/anditse/julia_depot/compiled/v1.12/DocStringExtensions/KRdZs_UKt66.ji.pidfile)
    DocStringExtensions Being precompiled by another machine (hostname: rg32301, pid: 1785862, pidfile: /scratch/anditse/julia_depot/compiled/v1.12/DocStringExtensions/KRdZs_UKt66.ji.pidfile)
    DocStringExtensions Being precompiled by another machine (hostname: rg32301, pid: 1785862, pidfile: /scratch/anditse/julia_depot/compiled/v1.12/DocStringExtensions/KRdZs_UKt66.ji.pidfile)
    DocStringExtensions Being precompiled by another machine (hostname: rg32301, pid: 1785862, pidfile: /scratch/anditse/julia_depot/compiled/v1.12/DocStringExtensions/KRdZs_UKt66.ji.pidfile)
    CEnum Being precompiled by another machine (hostname: rg32201, pid: 3601799, pidfile: /scratch/anditse/julia_depot/compiled/v1.12/CEnum/0gyUJ_UKt66.ji.pidfile)
    CEnum Being precompiled by another machine (hostname: rg32201, pid: 3601799, pidfile: /scratch/anditse/julia_depot/compiled/v1.12/CEnum/0gyUJ_UKt66.ji.pidfile)
    CEnum Being precompiled by another machine (hostname: rg32201, pid: 3601799, pidfile: /scratch/anditse/julia_depot/compiled/v1.12/CEnum/0gyUJ_UKt66.ji.pidfile)
    CEnum Being precompiled by another machine (hostname: rg32201, pid: 3601799, pidfile: /scratch/anditse/julia_depot/compiled/v1.12/CEnum/0gyUJ_UKt66.ji.pidfile)
    SeawaterPolynomials Being precompiled by another machine (hostname: rg32201, pid: 3601799, pidfile: /scratch/anditse/julia_depot/compiled/v1.12/SeawaterPolynomials/WUxph_UKt66.ji.pidfile)
    SeawaterPolynomials Being precompiled by another machine (hostname: rg32201, pid: 3601799, pidfile: /scratch/anditse/julia_depot/compiled/v1.12/SeawaterPolynomials/WUxph_UKt66.ji.pidfile)
    SeawaterPolynomials Being precompiled by another machine (hostname: rg32201, pid: 3601799, pidfile: /scratch/anditse/julia_depot/compiled/v1.12/SeawaterPolynomials/WUxph_UKt66.ji.pidfile)
    SeawaterPolynomials Being precompiled by another machine (hostname: rg32201, pid: 3601799, pidfile: /scratch/anditse/julia_depot/compiled/v1.12/SeawaterPolynomials/WUxph_UKt66.ji.pidfile)
    ArgCheck Being precompiled by another machine (hostname: rg32201, pid: 3601799, pidfile: /scratch/anditse/julia_depot/compiled/v1.12/ArgCheck/P66Js_UKt66.ji.pidfile)
    ArgCheck Being precompiled by another machine (hostname: rg32201, pid: 3601799, pidfile: /scratch/anditse/julia_depot/compiled/v1.12/ArgCheck/P66Js_UKt66.ji.pidfile)
    ArgCheck Being precompiled by another machine (hostname: rg32201, pid: 3601799, pidfile: /scratch/anditse/julia_depot/compiled/v1.12/ArgCheck/P66Js_UKt66.ji.pidfile)
    ArgCheck Being precompiled by another machine (hostname: rg32201, pid: 3601799, pidfile: /scratch/anditse/julia_depot/compiled/v1.12/ArgCheck/P66Js_UKt66.ji.pidfile)
    RandomNumbers Being precompiled by another machine (hostname: rg32301, pid: 1785864, pidfile: /scratch/anditse/julia_depot/compiled/v1.12/RandomNumbers/pgCpR_UKt66.ji.pidfile)
    RandomNumbers Being precompiled by another machine (hostname: rg32301, pid: 1785864, pidfile: /scratch/anditse/julia_depot/compiled/v1.12/RandomNumbers/pgCpR_UKt66.ji.pidfile)
    RandomNumbers Being precompiled by another machine (hostname: rg32301, pid: 1785864, pidfile: /scratch/anditse/julia_depot/compiled/v1.12/RandomNumbers/pgCpR_UKt66.ji.pidfile)
    RandomNumbers Being precompiled by another machine (hostname: rg32301, pid: 1785864, pidfile: /scratch/anditse/julia_depot/compiled/v1.12/RandomNumbers/pgCpR_UKt66.ji.pidfile)
    TextWrap Being precompiled by another machine (hostname: rg32201, pid: 3601798, pidfile: /scratch/anditse/julia_depot/compiled/v1.12/TextWrap/hiFMy_UKt66.ji.pidfile)
    TextWrap Being precompiled by another machine (hostname: rg32201, pid: 3601798, pidfile: /scratch/anditse/julia_depot/compiled/v1.12/TextWrap/hiFMy_UKt66.ji.pidfile)
    TextWrap Being precompiled by another machine (hostname: rg32201, pid: 3601798, pidfile: /scratch/anditse/julia_depot/compiled/v1.12/TextWrap/hiFMy_UKt66.ji.pidfile)
    TextWrap Being precompiled by another machine (hostname: rg32201, pid: 3601798, pidfile: /scratch/anditse/julia_depot/compiled/v1.12/TextWrap/hiFMy_UKt66.ji.pidfile)
    DataValueInterfaces Being precompiled by another machine (hostname: rg32201, pid: 3601801, pidfile: /scratch/anditse/julia_depot/compiled/v1.12/DataValueInterfaces/9Lpkp_UKt66.ji.pidfile)
    DataValueInterfaces Being precompiled by another machine (hostname: rg32201, pid: 3601801, pidfile: /scratch/anditse/julia_depot/compiled/v1.12/DataValueInterfaces/9Lpkp_UKt66.ji.pidfile)
    DataValueInterfaces Being precompiled by another machine (hostname: rg32201, pid: 3601801, pidfile: /scratch/anditse/julia_depot/compiled/v1.12/DataValueInterfaces/9Lpkp_UKt66.ji.pidfile)
    DataValueInterfaces Being precompiled by another machine (hostname: rg32201, pid: 3601801, pidfile: /scratch/anditse/julia_depot/compiled/v1.12/DataValueInterfaces/9Lpkp_UKt66.ji.pidfile)
    Reexport Being precompiled by another machine (hostname: rg32201, pid: 3601800, pidfile: /scratch/anditse/julia_depot/compiled/v1.12/Reexport/bTpYr_UKt66.ji.pidfile)
    Reexport Being precompiled by another machine (hostname: rg32201, pid: 3601800, pidfile: /scratch/anditse/julia_depot/compiled/v1.12/Reexport/bTpYr_UKt66.ji.pidfile)
    Reexport Being precompiled by another machine (hostname: rg32201, pid: 3601800, pidfile: /scratch/anditse/julia_depot/compiled/v1.12/Reexport/bTpYr_UKt66.ji.pidfile)
    Reexport Being precompiled by another machine (hostname: rg32201, pid: 3601800, pidfile: /scratch/anditse/julia_depot/compiled/v1.12/Reexport/bTpYr_UKt66.ji.pidfile)
    URIs Being precompiled by another machine (hostname: rg32201, pid: 3601798, pidfile: /scratch/anditse/julia_depot/compiled/v1.12/URIs/eec2u_UKt66.ji.pidfile)
    URIs Being precompiled by another machine (hostname: rg32201, pid: 3601798, pidfile: /scratch/anditse/julia_depot/compiled/v1.12/URIs/eec2u_UKt66.ji.pidfile)
    URIs Being precompiled by another machine (hostname: rg32201, pid: 3601798, pidfile: /scratch/anditse/julia_depot/compiled/v1.12/URIs/eec2u_UKt66.ji.pidfile)
    URIs Being precompiled by another machine (hostname: rg32201, pid: 3601798, pidfile: /scratch/anditse/julia_depot/compiled/v1.12/URIs/eec2u_UKt66.ji.pidfile)
    SimpleBufferStream Being precompiled by another machine (hostname: rg32301, pid: 1785865, pidfile: /scratch/anditse/julia_depot/compiled/v1.12/SimpleBufferStream/QbHsM_UKt66.ji.pidfile)
    SimpleBufferStream Being precompiled by another machine (hostname: rg32301, pid: 1785865, pidfile: /scratch/anditse/julia_depot/compiled/v1.12/SimpleBufferStream/QbHsM_UKt66.ji.pidfile)
    SimpleBufferStream Being precompiled by another machine (hostname: rg32301, pid: 1785865, pidfile: /scratch/anditse/julia_depot/compiled/v1.12/SimpleBufferStream/QbHsM_UKt66.ji.pidfile)
    SimpleBufferStream Being precompiled by another machine (hostname: rg32301, pid: 1785865, pidfile: /scratch/anditse/julia_depot/compiled/v1.12/SimpleBufferStream/QbHsM_UKt66.ji.pidfile)
    CUDA_Runtime_Discovery Being precompiled by another machine (hostname: rg32301, pid: 1785863, pidfile: /scratch/anditse/julia_depot/compiled/v1.12/CUDA_Runtime_Discovery/T9PTO_UKt66.ji.pidfile)
    CUDA_Runtime_Discovery Being precompiled by another machine (hostname: rg32301, pid: 1785863, pidfile: /scratch/anditse/julia_depot/compiled/v1.12/CUDA_Runtime_Discovery/T9PTO_UKt66.ji.pidfile)
    CUDA_Runtime_Discovery Being precompiled by another machine (hostname: rg32301, pid: 1785863, pidfile: /scratch/anditse/julia_depot/compiled/v1.12/CUDA_Runtime_Discovery/T9PTO_UKt66.ji.pidfile)
    CUDA_Runtime_Discovery Being precompiled by another machine (hostname: rg32301, pid: 1785863, pidfile: /scratch/anditse/julia_depot/compiled/v1.12/CUDA_Runtime_Discovery/T9PTO_UKt66.ji.pidfile)
    InputBuffers Being precompiled by another machine (hostname: rg32301, pid: 1785862, pidfile: /scratch/anditse/julia_depot/compiled/v1.12/InputBuffers/y8AI1_UKt66.ji.pidfile)
    InputBuffers Being precompiled by another machine (hostname: rg32301, pid: 1785862, pidfile: /scratch/anditse/julia_depot/compiled/v1.12/InputBuffers/y8AI1_UKt66.ji.pidfile)
    InputBuffers Being precompiled by another machine (hostname: rg32301, pid: 1785862, pidfile: /scratch/anditse/julia_depot/compiled/v1.12/InputBuffers/y8AI1_UKt66.ji.pidfile)
    InputBuffers Being precompiled by another machine (hostname: rg32301, pid: 1785862, pidfile: /scratch/anditse/julia_depot/compiled/v1.12/InputBuffers/y8AI1_UKt66.ji.pidfile)
    TranscodingStreams Being precompiled by another machine (hostname: rg32201, pid: 3601798, pidfile: /scratch/anditse/julia_depot/compiled/v1.12/TranscodingStreams/eJQ7D_UKt66.ji.pidfile)
    TranscodingStreams Being precompiled by another machine (hostname: rg32201, pid: 3601798, pidfile: /scratch/anditse/julia_depot/compiled/v1.12/TranscodingStreams/eJQ7D_UKt66.ji.pidfile)
    TranscodingStreams Being precompiled by another machine (hostname: rg32201, pid: 3601798, pidfile: /scratch/anditse/julia_depot/compiled/v1.12/TranscodingStreams/eJQ7D_UKt66.ji.pidfile)
    TranscodingStreams Being precompiled by another machine (hostname: rg32201, pid: 3601798, pidfile: /scratch/anditse/julia_depot/compiled/v1.12/TranscodingStreams/eJQ7D_UKt66.ji.pidfile)
    HashArrayMappedTries Being precompiled by another machine (hostname: rg32201, pid: 3601801, pidfile: /scratch/anditse/julia_depot/compiled/v1.12/HashArrayMappedTries/HsHT3_UKt66.ji.pidfile)
    HashArrayMappedTries Being precompiled by another machine (hostname: rg32201, pid: 3601801, pidfile: /scratch/anditse/julia_depot/compiled/v1.12/HashArrayMappedTries/HsHT3_UKt66.ji.pidfile)
    HashArrayMappedTries Being precompiled by another machine (hostname: rg32201, pid: 3601801, pidfile: /scratch/anditse/julia_depot/compiled/v1.12/HashArrayMappedTries/HsHT3_UKt66.ji.pidfile)
    HashArrayMappedTries Being precompiled by another machine (hostname: rg32201, pid: 3601801, pidfile: /scratch/anditse/julia_depot/compiled/v1.12/HashArrayMappedTries/HsHT3_UKt66.ji.pidfile)
    LRUCache Being precompiled by another machine (hostname: rg32201, pid: 3601800, pidfile: /scratch/anditse/julia_depot/compiled/v1.12/LRUCache/TDw15_UKt66.ji.pidfile)
    LRUCache Being precompiled by another machine (hostname: rg32201, pid: 3601800, pidfile: /scratch/anditse/julia_depot/compiled/v1.12/LRUCache/TDw15_UKt66.ji.pidfile)
    LRUCache Being precompiled by another machine (hostname: rg32201, pid: 3601800, pidfile: /scratch/anditse/julia_depot/compiled/v1.12/LRUCache/TDw15_UKt66.ji.pidfile)
    LRUCache Being precompiled by another machine (hostname: rg32201, pid: 3601800, pidfile: /scratch/anditse/julia_depot/compiled/v1.12/LRUCache/TDw15_UKt66.ji.pidfile)
    473.9 ms  ✓ LaTeXStrings
    524.5 ms  ✓ LLVMLoopInfo
    464.9 ms  ✓ IteratorInterfaceExtensions
    ConstructionBase Being precompiled by another machine (hostname: rg32301, pid: 1785862, pidfile: /scratch/anditse/julia_depot/compiled/v1.12/ConstructionBase/sBbW6_UKt66.ji.pidfile)
    ConstructionBase Being precompiled by another machine (hostname: rg32301, pid: 1785862, pidfile: /scratch/anditse/julia_depot/compiled/v1.12/ConstructionBase/sBbW6_UKt66.ji.pidfile)
    ConstructionBase Being precompiled by another machine (hostname: rg32301, pid: 1785862, pidfile: /scratch/anditse/julia_depot/compiled/v1.12/ConstructionBase/sBbW6_UKt66.ji.pidfile)
    ConstructionBase Being precompiled by another machine (hostname: rg32301, pid: 1785862, pidfile: /scratch/anditse/julia_depot/compiled/v1.12/ConstructionBase/sBbW6_UKt66.ji.pidfile)
    476.0 ms  ✓ ExprTools
    464.1 ms  ✓ StatsAPI
    Adapt Being precompiled by another machine (hostname: rg32201, pid: 3601800, pidfile: /scratch/anditse/julia_depot/compiled/v1.12/Adapt/rUIgN_UKt66.ji.pidfile)
    Adapt Being precompiled by another machine (hostname: rg32201, pid: 3601800, pidfile: /scratch/anditse/julia_depot/compiled/v1.12/Adapt/rUIgN_UKt66.ji.pidfile)
    Adapt Being precompiled by another machine (hostname: rg32201, pid: 3601800, pidfile: /scratch/anditse/julia_depot/compiled/v1.12/Adapt/rUIgN_UKt66.ji.pidfile)
    Adapt Being precompiled by another machine (hostname: rg32201, pid: 3601800, pidfile: /scratch/anditse/julia_depot/compiled/v1.12/Adapt/rUIgN_UKt66.ji.pidfile)
    DataAPI Being precompiled by another machine (hostname: rg32201, pid: 3601801, pidfile: /scratch/anditse/julia_depot/compiled/v1.12/DataAPI/3a8mN_UKt66.ji.pidfile)
    DataAPI Being precompiled by another machine (hostname: rg32201, pid: 3601801, pidfile: /scratch/anditse/julia_depot/compiled/v1.12/DataAPI/3a8mN_UKt66.ji.pidfile)
    DataAPI Being precompiled by another machine (hostname: rg32201, pid: 3601801, pidfile: /scratch/anditse/julia_depot/compiled/v1.12/DataAPI/3a8mN_UKt66.ji.pidfile)
    DataAPI Being precompiled by another machine (hostname: rg32201, pid: 3601801, pidfile: /scratch/anditse/julia_depot/compiled/v1.12/DataAPI/3a8mN_UKt66.ji.pidfile)
    Crayons Being precompiled by another machine (hostname: rg32301, pid: 1785862, pidfile: /scratch/anditse/julia_depot/compiled/v1.12/Crayons/TXPcU_UKt66.ji.pidfile)
    Crayons Being precompiled by another machine (hostname: rg32301, pid: 1785862, pidfile: /scratch/anditse/julia_depot/compiled/v1.12/Crayons/TXPcU_UKt66.ji.pidfile)
    Crayons Being precompiled by another machine (hostname: rg32301, pid: 1785862, pidfile: /scratch/anditse/julia_depot/compiled/v1.12/Crayons/TXPcU_UKt66.ji.pidfile)
    Crayons Being precompiled by another machine (hostname: rg32301, pid: 1785862, pidfile: /scratch/anditse/julia_depot/compiled/v1.12/Crayons/TXPcU_UKt66.ji.pidfile)
    BitFlags Being precompiled by another machine (hostname: rg32301, pid: 1785864, pidfile: /scratch/anditse/julia_depot/compiled/v1.12/BitFlags/sbYUO_UKt66.ji.pidfile)
    BitFlags Being precompiled by another machine (hostname: rg32301, pid: 1785864, pidfile: /scratch/anditse/julia_depot/compiled/v1.12/BitFlags/sbYUO_UKt66.ji.pidfile)
    BitFlags Being precompiled by another machine (hostname: rg32301, pid: 1785864, pidfile: /scratch/anditse/julia_depot/compiled/v1.12/BitFlags/sbYUO_UKt66.ji.pidfile)
    BitFlags Being precompiled by another machine (hostname: rg32301, pid: 1785864, pidfile: /scratch/anditse/julia_depot/compiled/v1.12/BitFlags/sbYUO_UKt66.ji.pidfile)
    StaticArraysCore Being precompiled by another machine (hostname: rg32301, pid: 1785865, pidfile: /scratch/anditse/julia_depot/compiled/v1.12/StaticArraysCore/Tzw28_UKt66.ji.pidfile)
    StaticArraysCore Being precompiled by another machine (hostname: rg32301, pid: 1785865, pidfile: /scratch/anditse/julia_depot/compiled/v1.12/StaticArraysCore/Tzw28_UKt66.ji.pidfile)
    StaticArraysCore Being precompiled by another machine (hostname: rg32301, pid: 1785865, pidfile: /scratch/anditse/julia_depot/compiled/v1.12/StaticArraysCore/Tzw28_UKt66.ji.pidfile)
    StaticArraysCore Being precompiled by another machine (hostname: rg32301, pid: 1785865, pidfile: /scratch/anditse/julia_depot/compiled/v1.12/StaticArraysCore/Tzw28_UKt66.ji.pidfile)
    ConcurrentUtilities Being precompiled by another machine (hostname: rg32301, pid: 1785862, pidfile: /scratch/anditse/julia_depot/compiled/v1.12/ConcurrentUtilities/OtIZJ_UKt66.ji.pidfile)
    ConcurrentUtilities Being precompiled by another machine (hostname: rg32301, pid: 1785862, pidfile: /scratch/anditse/julia_depot/compiled/v1.12/ConcurrentUtilities/OtIZJ_UKt66.ji.pidfile)
    ConcurrentUtilities Being precompiled by another machine (hostname: rg32301, pid: 1785862, pidfile: /scratch/anditse/julia_depot/compiled/v1.12/ConcurrentUtilities/OtIZJ_UKt66.ji.pidfile)
    ConcurrentUtilities Being precompiled by another machine (hostname: rg32301, pid: 1785862, pidfile: /scratch/anditse/julia_depot/compiled/v1.12/ConcurrentUtilities/OtIZJ_UKt66.ji.pidfile)
    Krylov Being precompiled by another machine (hostname: rg32201, pid: 3601800, pidfile: /scratch/anditse/julia_depot/compiled/v1.12/Krylov/0fcC3_UKt66.ji.pidfile)
    Krylov Being precompiled by another machine (hostname: rg32201, pid: 3601800, pidfile: /scratch/anditse/julia_depot/compiled/v1.12/Krylov/0fcC3_UKt66.ji.pidfile)
    Krylov Being precompiled by another machine (hostname: rg32201, pid: 3601800, pidfile: /scratch/anditse/julia_depot/compiled/v1.12/Krylov/0fcC3_UKt66.ji.pidfile)
    Krylov Being precompiled by another machine (hostname: rg32201, pid: 3601800, pidfile: /scratch/anditse/julia_depot/compiled/v1.12/Krylov/0fcC3_UKt66.ji.pidfile)
    BFloat16s Being precompiled by another machine (hostname: rg32201, pid: 3601801, pidfile: /scratch/anditse/julia_depot/compiled/v1.12/BFloat16s/iiZ8G_UKt66.ji.pidfile)
    BFloat16s Being precompiled by another machine (hostname: rg32201, pid: 3601801, pidfile: /scratch/anditse/julia_depot/compiled/v1.12/BFloat16s/iiZ8G_UKt66.ji.pidfile)
    BFloat16s Being precompiled by another machine (hostname: rg32201, pid: 3601801, pidfile: /scratch/anditse/julia_depot/compiled/v1.12/BFloat16s/iiZ8G_UKt66.ji.pidfile)
    BFloat16s Being precompiled by another machine (hostname: rg32201, pid: 3601801, pidfile: /scratch/anditse/julia_depot/compiled/v1.12/BFloat16s/iiZ8G_UKt66.ji.pidfile)
    DateTimes64 Being precompiled by another machine (hostname: rg32301, pid: 1785862, pidfile: /scratch/anditse/julia_depot/compiled/v1.12/DateTimes64/4g1Dz_UKt66.ji.pidfile)
    DateTimes64 Being precompiled by another machine (hostname: rg32301, pid: 1785862, pidfile: /scratch/anditse/julia_depot/compiled/v1.12/DateTimes64/4g1Dz_UKt66.ji.pidfile)
    DateTimes64 Being precompiled by another machine (hostname: rg32301, pid: 1785862, pidfile: /scratch/anditse/julia_depot/compiled/v1.12/DateTimes64/4g1Dz_UKt66.ji.pidfile)
    DateTimes64 Being precompiled by another machine (hostname: rg32301, pid: 1785862, pidfile: /scratch/anditse/julia_depot/compiled/v1.12/DateTimes64/4g1Dz_UKt66.ji.pidfile)
    StructUtils Being precompiled by another machine (hostname: rg32301, pid: 1785863, pidfile: /scratch/anditse/julia_depot/compiled/v1.12/StructUtils/vyJDy_UKt66.ji.pidfile)
    StructUtils Being precompiled by another machine (hostname: rg32301, pid: 1785863, pidfile: /scratch/anditse/julia_depot/compiled/v1.12/StructUtils/vyJDy_UKt66.ji.pidfile)
    StructUtils Being precompiled by another machine (hostname: rg32301, pid: 1785863, pidfile: /scratch/anditse/julia_depot/compiled/v1.12/StructUtils/vyJDy_UKt66.ji.pidfile)
    StructUtils Being precompiled by another machine (hostname: rg32301, pid: 1785863, pidfile: /scratch/anditse/julia_depot/compiled/v1.12/StructUtils/vyJDy_UKt66.ji.pidfile)
    Scratch Being precompiled by another machine (hostname: rg32301, pid: 1785865, pidfile: /scratch/anditse/julia_depot/compiled/v1.12/Scratch/ICI1U_UKt66.ji.pidfile)
    359.2 ms  ✓ LaTeXStrings
    Scratch Being precompiled by another machine (hostname: rg32301, pid: 1785865, pidfile: /scratch/anditse/julia_depot/compiled/v1.12/Scratch/ICI1U_UKt66.ji.pidfile)
    Scratch Being precompiled by another machine (hostname: rg32301, pid: 1785865, pidfile: /scratch/anditse/julia_depot/compiled/v1.12/Scratch/ICI1U_UKt66.ji.pidfile)
    Scratch Being precompiled by another machine (hostname: rg32301, pid: 1785865, pidfile: /scratch/anditse/julia_depot/compiled/v1.12/Scratch/ICI1U_UKt66.ji.pidfile)
    359.4 ms  ✓ IteratorInterfaceExtensions
    TaylorSeries Being precompiled by another machine (hostname: rg32301, pid: 1785865, pidfile: /scratch/anditse/julia_depot/compiled/v1.12/TaylorSeries/VXblr_UKt66.ji.pidfile)
    TaylorSeries Being precompiled by another machine (hostname: rg32301, pid: 1785865, pidfile: /scratch/anditse/julia_depot/compiled/v1.12/TaylorSeries/VXblr_UKt66.ji.pidfile)
    TaylorSeries Being precompiled by another machine (hostname: rg32301, pid: 1785865, pidfile: /scratch/anditse/julia_depot/compiled/v1.12/TaylorSeries/VXblr_UKt66.ji.pidfile)
    TaylorSeries Being precompiled by another machine (hostname: rg32301, pid: 1785865, pidfile: /scratch/anditse/julia_depot/compiled/v1.12/TaylorSeries/VXblr_UKt66.ji.pidfile)
    ExceptionUnwrapping Being precompiled by another machine (hostname: rg32301, pid: 1785863, pidfile: /scratch/anditse/julia_depot/compiled/v1.12/ExceptionUnwrapping/DKnWN_UKt66.ji.pidfile)
    ExceptionUnwrapping Being precompiled by another machine (hostname: rg32301, pid: 1785863, pidfile: /scratch/anditse/julia_depot/compiled/v1.12/ExceptionUnwrapping/DKnWN_UKt66.ji.pidfile)
    ExceptionUnwrapping Being precompiled by another machine (hostname: rg32301, pid: 1785863, pidfile: /scratch/anditse/julia_depot/compiled/v1.12/ExceptionUnwrapping/DKnWN_UKt66.ji.pidfile)
    ExceptionUnwrapping Being precompiled by another machine (hostname: rg32301, pid: 1785863, pidfile: /scratch/anditse/julia_depot/compiled/v1.12/ExceptionUnwrapping/DKnWN_UKt66.ji.pidfile)
    363.2 ms  ✓ IteratorInterfaceExtensions
    359.8 ms  ✓ StatsAPI
    551.8 ms  ✓ LLVMLoopInfo
    542.6 ms  ✓ LLVMLoopInfo
    CFTime Being precompiled by another machine (hostname: rg32301, pid: 1785862, pidfile: /scratch/anditse/julia_depot/compiled/v1.12/CFTime/W6AQs_UKt66.ji.pidfile)
    CFTime Being precompiled by another machine (hostname: rg32301, pid: 1785862, pidfile: /scratch/anditse/julia_depot/compiled/v1.12/CFTime/W6AQs_UKt66.ji.pidfile)
    CFTime Being precompiled by another machine (hostname: rg32301, pid: 1785862, pidfile: /scratch/anditse/julia_depot/compiled/v1.12/CFTime/W6AQs_UKt66.ji.pidfile)
    CFTime Being precompiled by another machine (hostname: rg32301, pid: 1785862, pidfile: /scratch/anditse/julia_depot/compiled/v1.12/CFTime/W6AQs_UKt66.ji.pidfile)
    Preferences Being precompiled by another machine (hostname: rg32301, pid: 1785864, pidfile: /scratch/anditse/julia_depot/compiled/v1.12/Preferences/pWSk8_UKt66.ji.pidfile)
    Preferences Being precompiled by another machine (hostname: rg32301, pid: 1785864, pidfile: /scratch/anditse/julia_depot/compiled/v1.12/Preferences/pWSk8_UKt66.ji.pidfile)
    Preferences Being precompiled by another machine (hostname: rg32301, pid: 1785864, pidfile: /scratch/anditse/julia_depot/compiled/v1.12/Preferences/pWSk8_UKt66.ji.pidfile)
    Preferences Being precompiled by another machine (hostname: rg32301, pid: 1785864, pidfile: /scratch/anditse/julia_depot/compiled/v1.12/Preferences/pWSk8_UKt66.ji.pidfile)
    LoggingExtras Being precompiled by another machine (hostname: rg32301, pid: 1785863, pidfile: /scratch/anditse/julia_depot/compiled/v1.12/LoggingExtras/9fRHf_UKt66.ji.pidfile)
    LoggingExtras Being precompiled by another machine (hostname: rg32301, pid: 1785863, pidfile: /scratch/anditse/julia_depot/compiled/v1.12/LoggingExtras/9fRHf_UKt66.ji.pidfile)
    LoggingExtras Being precompiled by another machine (hostname: rg32301, pid: 1785863, pidfile: /scratch/anditse/julia_depot/compiled/v1.12/LoggingExtras/9fRHf_UKt66.ji.pidfile)
    LoggingExtras Being precompiled by another machine (hostname: rg32301, pid: 1785863, pidfile: /scratch/anditse/julia_depot/compiled/v1.12/LoggingExtras/9fRHf_UKt66.ji.pidfile)
    367.8 ms  ✓ StatsAPI
    366.5 ms  ✓ IteratorInterfaceExtensions
    362.4 ms  ✓ ExprTools
    368.0 ms  ✓ LaTeXStrings
    362.9 ms  ✓ StatsAPI
    363.8 ms  ✓ LaTeXStrings
    551.6 ms  ✓ LLVMLoopInfo
    367.7 ms  ✓ ExprTools
    PkgVersion Being precompiled by another machine (hostname: rg32301, pid: 1785864, pidfile: /scratch/anditse/julia_depot/compiled/v1.12/PkgVersion/dbDoq_UKt66.ji.pidfile)
    TableTraits Being precompiled by another process (pid: 3601798, pidfile: /scratch/anditse/julia_depot/compiled/v1.12/TableTraits/I6SaN_UKt66.ji.pidfile)
    PkgVersion Being precompiled by another machine (hostname: rg32301, pid: 1785864, pidfile: /scratch/anditse/julia_depot/compiled/v1.12/PkgVersion/dbDoq_UKt66.ji.pidfile)
    PkgVersion Being precompiled by another machine (hostname: rg32301, pid: 1785864, pidfile: /scratch/anditse/julia_depot/compiled/v1.12/PkgVersion/dbDoq_UKt66.ji.pidfile)
    PkgVersion Being precompiled by another machine (hostname: rg32301, pid: 1785864, pidfile: /scratch/anditse/julia_depot/compiled/v1.12/PkgVersion/dbDoq_UKt66.ji.pidfile)
    TableTraits Being precompiled by another process (pid: 3601798, pidfile: /scratch/anditse/julia_depot/compiled/v1.12/TableTraits/I6SaN_UKt66.ji.pidfile)
    374.0 ms  ✓ ExprTools
    445.6 ms  ✓ RealDot
    400.6 ms  ✓ Reexport
    402.8 ms  ✓ DataValueInterfaces
    395.5 ms  ✓ RealDot
    345.1 ms  ✓ RealDot
    Quaternions Being precompiled by another process (pid: 3601800, pidfile: /scratch/anditse/julia_depot/compiled/v1.12/Quaternions/hbPLI_UKt66.ji.pidfile)
    348.5 ms  ✓ DataValueInterfaces
    399.5 ms  ✓ Reexport
    358.2 ms  ✓ Reexport
    Quaternions Being precompiled by another process (pid: 3601800, pidfile: /scratch/anditse/julia_depot/compiled/v1.12/Quaternions/hbPLI_UKt66.ji.pidfile)
    306.3 ms  ✓ DataValueInterfaces
    458.3 ms  ✓ TextWrap
    462.7 ms  ✓ HashArrayMappedTries
    RandomNumbers Being precompiled by another machine (hostname: rg32301, pid: 1785864, pidfile: /scratch/anditse/julia_depot/compiled/v1.12/RandomNumbers/pgCpR_UKt66.ji.pidfile)
    356.9 ms  ✓ TextWrap
    414.7 ms  ✓ HashArrayMappedTries
    520.7 ms  ✓ Glob
    ArgParse Being precompiled by another process (pid: 3601798, pidfile: /scratch/anditse/julia_depot/compiled/v1.12/ArgParse/apuSZ_UKt66.ji.pidfile)
    406.0 ms  ✓ ArgCheck
    ScopedValues Being precompiled by another process (pid: 3601801, pidfile: /scratch/anditse/julia_depot/compiled/v1.12/ScopedValues/fN9Bp_UKt66.ji.pidfile)
    363.5 ms  ✓ TextWrap
    450.9 ms  ✓ ArgCheck
    410.0 ms  ✓ HashArrayMappedTries
    526.4 ms  ✓ Glob
    ScopedValues Being precompiled by another process (pid: 3601801, pidfile: /scratch/anditse/julia_depot/compiled/v1.12/ScopedValues/fN9Bp_UKt66.ji.pidfile)
    368.6 ms  ✓ ArgCheck
    422.0 ms  ✓ DataAPI
    407.0 ms  ✓ DataAPI
    418.9 ms  ✓ DataAPI
    448.3 ms  ✓ BitFlags
    477.3 ms  ✓ SimpleBufferStream
    496.0 ms  ✓ SimpleBufferStream
    453.4 ms  ✓ BitFlags
    OpenSSL Being precompiled by another process (pid: 1785864, pidfile: /scratch/anditse/julia_depot/compiled/v1.12/OpenSSL/B4VRP_UKt66.ji.pidfile)
    448.2 ms  ✓ BitFlags
    OpenSSL Being precompiled by another process (pid: 1785864, pidfile: /scratch/anditse/julia_depot/compiled/v1.12/OpenSSL/B4VRP_UKt66.ji.pidfile)
    466.3 ms  ✓ SimpleBufferStream
    469.8 ms  ✓ DateTimes64
    474.7 ms  ✓ InputBuffers
    450.3 ms  ✓ BitFlags
    448.2 ms  ✓ InputBuffers
    479.1 ms  ✓ SimpleBufferStream
    OpenSSL Being precompiled by another process (pid: 1785864, pidfile: /scratch/anditse/julia_depot/compiled/v1.12/OpenSSL/B4VRP_UKt66.ji.pidfile)
    459.5 ms  ✓ DateTimes64
    461.5 ms  ✓ InputBuffers
    474.4 ms  ✓ InputBuffers
    464.0 ms  ✓ DateTimes64
    471.4 ms  ✓ Scratch
    484.5 ms  ✓ DateTimes64
    481.4 ms  ✓ StaticArraysCore
    464.4 ms  ✓ Scratch
    478.0 ms  ✓ StaticArraysCore
    483.7 ms  ✓ StaticArraysCore
    473.4 ms  ✓ Scratch
    489.3 ms  ✓ StaticArraysCore
    643.6 ms  ✓ Glob
    471.7 ms  ✓ Scratch
    713.6 ms  ✓ ChunkCodecCore
    696.5 ms  ✓ SeawaterPolynomials
    740.5 ms  ✓ AbstractFFTs
    601.2 ms  ✓ ArgCheck
    693.4 ms  ✓ Statistics
    600.5 ms  ✓ ChunkCodecCore
    601.1 ms  ✓ DocStringExtensions
    604.1 ms  ✓ DocStringExtensions
    606.8 ms  ✓ DocStringExtensions
    608.9 ms  ✓ DocStringExtensions
    OrderedCollections Being precompiled by another process (pid: 3601798, pidfile: /scratch/anditse/julia_depot/compiled/v1.12/OrderedCollections/LtT3J_UKt66.ji.pidfile)
    523.6 ms  ✓ Glob
    785.5 ms  ✓ ExpressionExplorer
    640.3 ms  ✓ ChunkCodecCore
    Requires Being precompiled by another process (pid: 3601801, pidfile: /scratch/anditse/julia_depot/compiled/v1.12/Requires/IyxeS_UKt66.ji.pidfile)
    485.0 ms  ✓ SeawaterPolynomials
    646.0 ms  ✓ AbstractFFTs
    650.5 ms  ✓ ExpressionExplorer
    639.8 ms  ✓ Statistics
    ArgParse Being precompiled by another process (pid: 3601798, pidfile: /scratch/anditse/julia_depot/compiled/v1.12/ArgParse/apuSZ_UKt66.ji.pidfile)
    LRUCache Being precompiled by another process (pid: 3601800, pidfile: /scratch/anditse/julia_depot/compiled/v1.12/LRUCache/TDw15_UKt66.ji.pidfile)
    URIs Being precompiled by another process (pid: 3601798, pidfile: /scratch/anditse/julia_depot/compiled/v1.12/URIs/eec2u_UKt66.ji.pidfile)
    CUDA_Runtime_Discovery Being precompiled by another machine (hostname: rg32301, pid: 1785863, pidfile: /scratch/anditse/julia_depot/compiled/v1.12/CUDA_Runtime_Discovery/T9PTO_UKt66.ji.pidfile)
    TranscodingStreams Being precompiled by another process (pid: 3601798, pidfile: /scratch/anditse/julia_depot/compiled/v1.12/TranscodingStreams/eJQ7D_UKt66.ji.pidfile)
    Crayons Being precompiled by another machine (hostname: rg32301, pid: 1785862, pidfile: /scratch/anditse/julia_depot/compiled/v1.12/Crayons/TXPcU_UKt66.ji.pidfile)
    ConstructionBase Being precompiled by another machine (hostname: rg32301, pid: 1785862, pidfile: /scratch/anditse/julia_depot/compiled/v1.12/ConstructionBase/sBbW6_UKt66.ji.pidfile)
    Adapt Being precompiled by another process (pid: 3601800, pidfile: /scratch/anditse/julia_depot/compiled/v1.12/Adapt/rUIgN_UKt66.ji.pidfile)
    ConcurrentUtilities Being precompiled by another machine (hostname: rg32301, pid: 1785862, pidfile: /scratch/anditse/julia_depot/compiled/v1.12/ConcurrentUtilities/OtIZJ_UKt66.ji.pidfile)
    Krylov Being precompiled by another process (pid: 3601800, pidfile: /scratch/anditse/julia_depot/compiled/v1.12/Krylov/0fcC3_UKt66.ji.pidfile)
    BFloat16s Being precompiled by another process (pid: 3601801, pidfile: /scratch/anditse/julia_depot/compiled/v1.12/BFloat16s/iiZ8G_UKt66.ji.pidfile)
    551.6 ms  ✓ LoggingExtras
    557.8 ms  ✓ LoggingExtras
    678.5 ms  ✓ ChunkCodecCore
    523.1 ms  ✓ SeawaterPolynomials
    684.3 ms  ✓ AbstractFFTs
    678.1 ms  ✓ Statistics
    686.0 ms  ✓ ExpressionExplorer
    ChunkCodecLibZlib Being precompiled by another process (pid: 3601801, pidfile: /scratch/anditse/julia_depot/compiled/v1.12/ChunkCodecLibZlib/dbPpT_UKt66.ji.pidfile)
    AbstractFFTs → AbstractFFTsTestExt Being precompiled by another process (pid: 3601801, pidfile: /scratch/anditse/julia_depot/compiled/v1.12/AbstractFFTsTestExt/Pr5Et_UKt66.ji.pidfile)
    Distances Being precompiled by another process (pid: 3601801, pidfile: /scratch/anditse/julia_depot/compiled/v1.12/Distances/yuMjt_UKt66.ji.pidfile)
    Statistics → SparseArraysExt Being precompiled by another process (pid: 3601801, pidfile: /scratch/anditse/julia_depot/compiled/v1.12/SparseArraysExt/k0lPI_UKt66.ji.pidfile)
    586.4 ms  ✓ Adapt
    597.6 ms  ✓ Adapt
    670.4 ms  ✓ LRUCache
    Adapt → AdaptSparseArraysExt Being precompiled by another process (pid: 3601800, pidfile: /scratch/anditse/julia_depot/compiled/v1.12/AdaptSparseArraysExt/7qfxl_UKt66.ji.pidfile)
    GPUArraysCore Being precompiled by another process (pid: 3601800, pidfile: /scratch/anditse/julia_depot/compiled/v1.12/GPUArraysCore/qiYUe_UKt66.ji.pidfile)
    626.9 ms  ✓ ExceptionUnwrapping
    638.8 ms  ✓ ExceptionUnwrapping
    542.6 ms  ✓ SeawaterPolynomials
    772.3 ms  ✓ ExpressionExplorer
    651.5 ms  ✓ Adapt
    664.8 ms  ✓ LRUCache
    613.9 ms  ✓ AbstractFFTs
    LRUCache → SerializationExt Being precompiled by another process (pid: 3601800, pidfile: /scratch/anditse/julia_depot/compiled/v1.12/SerializationExt/u9qhL_UKt66.ji.pidfile)
    772.7 ms  ✓ Requires
    780.2 ms  ✓ Requires
    665.1 ms  ✓ LoggingExtras
    FileIO Being precompiled by another process (pid: 3601801, pidfile: /scratch/anditse/julia_depot/compiled/v1.12/FileIO/6iKRU_UKt66.ji.pidfile)
    740.6 ms  ✓ TranscodingStreams
    686.7 ms  ✓ URIs
    692.6 ms  ✓ TranscodingStreams
    726.4 ms  ✓ URIs
    719.8 ms  ✓ LRUCache
    607.9 ms  ✓ Statistics
    ChunkCodecLibZlib Being precompiled by another process (pid: 3601801, pidfile: /scratch/anditse/julia_depot/compiled/v1.12/ChunkCodecLibZlib/dbPpT_UKt66.ji.pidfile)
    Adapt → AdaptSparseArraysExt Being precompiled by another process (pid: 3601800, pidfile: /scratch/anditse/julia_depot/compiled/v1.12/AdaptSparseArraysExt/7qfxl_UKt66.ji.pidfile)
    GPUArraysCore Being precompiled by another process (pid: 3601800, pidfile: /scratch/anditse/julia_depot/compiled/v1.12/GPUArraysCore/qiYUe_UKt66.ji.pidfile)
    AbstractFFTs → AbstractFFTsTestExt Being precompiled by another process (pid: 3601801, pidfile: /scratch/anditse/julia_depot/compiled/v1.12/AbstractFFTsTestExt/Pr5Et_UKt66.ji.pidfile)
    735.6 ms  ✓ Requires
    CodecInflate64 Being precompiled by another process (pid: 3601800, pidfile: /scratch/anditse/julia_depot/compiled/v1.12/CodecInflate64/KfKiS_UKt66.ji.pidfile)
    CodecZlib Being precompiled by another process (pid: 3601800, pidfile: /scratch/anditse/julia_depot/compiled/v1.12/CodecZlib/1TI30_UKt66.ji.pidfile)
    LRUCache → SerializationExt Being precompiled by another process (pid: 3601800, pidfile: /scratch/anditse/julia_depot/compiled/v1.12/SerializationExt/u9qhL_UKt66.ji.pidfile)
    Distances Being precompiled by another process (pid: 3601801, pidfile: /scratch/anditse/julia_depot/compiled/v1.12/Distances/yuMjt_UKt66.ji.pidfile)
    Statistics → SparseArraysExt Being precompiled by another process (pid: 3601801, pidfile: /scratch/anditse/julia_depot/compiled/v1.12/SparseArraysExt/k0lPI_UKt66.ji.pidfile)
    FileIO Being precompiled by another process (pid: 3601801, pidfile: /scratch/anditse/julia_depot/compiled/v1.12/FileIO/6iKRU_UKt66.ji.pidfile)
    462.1 ms  ✓ TableTraits
    461.2 ms  ✓ TableTraits
    740.2 ms  ✓ LoggingExtras
    757.4 ms  ✓ ExceptionUnwrapping
    776.9 ms  ✓ TranscodingStreams
    815.8 ms  ✓ URIs
    514.2 ms  ✓ TableTraits
    CodecInflate64 Being precompiled by another process (pid: 3601800, pidfile: /scratch/anditse/julia_depot/compiled/v1.12/CodecInflate64/KfKiS_UKt66.ji.pidfile)
    CodecZlib Being precompiled by another process (pid: 3601800, pidfile: /scratch/anditse/julia_depot/compiled/v1.12/CodecZlib/1TI30_UKt66.ji.pidfile)
    769.9 ms  ✓ ExceptionUnwrapping
    781.3 ms  ✓ Preferences
    782.2 ms  ✓ Preferences
    JLLWrappers Being precompiled by another process (pid: 1785864, pidfile: /scratch/anditse/julia_depot/compiled/v1.12/JLLWrappers/7Zgw7_UKt66.ji.pidfile)
    MPIPreferences Being precompiled by another process (pid: 1785864, pidfile: /scratch/anditse/julia_depot/compiled/v1.12/MPIPreferences/rGk9Z_UKt66.ji.pidfile)
    783.4 ms  ✓ Preferences
    PrecompileTools Being precompiled by another process (pid: 1785862, pidfile: /scratch/anditse/julia_depot/compiled/v1.12/PrecompileTools/AQ9Mk_UKt66.ji.pidfile)
    JLLWrappers Being precompiled by another process (pid: 1785864, pidfile: /scratch/anditse/julia_depot/compiled/v1.12/JLLWrappers/7Zgw7_UKt66.ji.pidfile)
    MPIPreferences Being precompiled by another process (pid: 1785864, pidfile: /scratch/anditse/julia_depot/compiled/v1.12/MPIPreferences/rGk9Z_UKt66.ji.pidfile)
    PrecompileTools Being precompiled by another process (pid: 1785862, pidfile: /scratch/anditse/julia_depot/compiled/v1.12/PrecompileTools/AQ9Mk_UKt66.ji.pidfile)
    790.3 ms  ✓ Preferences
    JLLWrappers Being precompiled by another process (pid: 1785864, pidfile: /scratch/anditse/julia_depot/compiled/v1.12/JLLWrappers/7Zgw7_UKt66.ji.pidfile)
    MPIPreferences Being precompiled by another process (pid: 1785864, pidfile: /scratch/anditse/julia_depot/compiled/v1.12/MPIPreferences/rGk9Z_UKt66.ji.pidfile)
    PrecompileTools Being precompiled by another process (pid: 1785862, pidfile: /scratch/anditse/julia_depot/compiled/v1.12/PrecompileTools/AQ9Mk_UKt66.ji.pidfile)
    818.5 ms  ✓ ConcurrentUtilities
   1042.8 ms  ✓ OffsetArrays
    StructUtils Being precompiled by another machine (hostname: rg32301, pid: 1785863, pidfile: /scratch/anditse/julia_depot/compiled/v1.12/StructUtils/vyJDy_UKt66.ji.pidfile)
    CFTime Being precompiled by another machine (hostname: rg32301, pid: 1785862, pidfile: /scratch/anditse/julia_depot/compiled/v1.12/CFTime/W6AQs_UKt66.ji.pidfile)
    938.6 ms  ✓ OffsetArrays
    944.5 ms  ✓ OffsetArrays
    949.2 ms  ✓ OffsetArrays
    OffsetArrays → OffsetArraysAdaptExt Being precompiled by another process (pid: 3601798, pidfile: /scratch/anditse/julia_depot/compiled/v1.12/OffsetArraysAdaptExt/evlsb_UKt66.ji.pidfile)
    OffsetArrays → OffsetArraysAdaptExt Being precompiled by another process (pid: 3601798, pidfile: /scratch/anditse/julia_depot/compiled/v1.12/OffsetArraysAdaptExt/evlsb_UKt66.ji.pidfile)
    939.4 ms  ✓ RandomNumbers
    482.9 ms  ✓ ScopedValues
    943.3 ms  ✓ RandomNumbers
    Random123 Being precompiled by another process (pid: 1785864, pidfile: /scratch/anditse/julia_depot/compiled/v1.12/Random123/1imiM_UKt66.ji.pidfile)
    933.4 ms  ✓ RandomNumbers
    Random123 Being precompiled by another process (pid: 1785864, pidfile: /scratch/anditse/julia_depot/compiled/v1.12/Random123/1imiM_UKt66.ji.pidfile)
    479.1 ms  ✓ ScopedValues
    547.9 ms  ✓ Quaternions
    480.3 ms  ✓ ScopedValues
    551.4 ms  ✓ Quaternions
    551.0 ms  ✓ Quaternions
    911.1 ms  ✓ ConcurrentUtilities
    977.9 ms  ✓ RandomNumbers
    910.2 ms  ✓ ConcurrentUtilities
    Random123 Being precompiled by another process (pid: 1785864, pidfile: /scratch/anditse/julia_depot/compiled/v1.12/Random123/1imiM_UKt66.ji.pidfile)
    921.5 ms  ✓ ConcurrentUtilities
    406.4 ms  ✓ RealDot
    421.9 ms  ✓ DataValueInterfaces
    TaylorSeries Being precompiled by another machine (hostname: rg32301, pid: 1785865, pidfile: /scratch/anditse/julia_depot/compiled/v1.12/TaylorSeries/VXblr_UKt66.ji.pidfile)
    456.4 ms  ✓ TextWrap
    440.1 ms  ✓ Reexport
    452.5 ms  ✓ DataAPI
    426.0 ms  ✓ SimpleBufferStream
    PkgVersion Being precompiled by another machine (hostname: rg32301, pid: 1785864, pidfile: /scratch/anditse/julia_depot/compiled/v1.12/PkgVersion/dbDoq_UKt66.ji.pidfile)
    ChunkCodecLibZlib Being precompiled by another process (pid: 3601801, pidfile: /scratch/anditse/julia_depot/compiled/v1.12/ChunkCodecLibZlib/dbPpT_UKt66.ji.pidfile)
    AbstractFFTs → AbstractFFTsTestExt Being precompiled by another process (pid: 3601801, pidfile: /scratch/anditse/julia_depot/compiled/v1.12/AbstractFFTsTestExt/Pr5Et_UKt66.ji.pidfile)
    Distances Being precompiled by another process (pid: 3601801, pidfile: /scratch/anditse/julia_depot/compiled/v1.12/Distances/yuMjt_UKt66.ji.pidfile)
    Statistics → SparseArraysExt Being precompiled by another process (pid: 3601801, pidfile: /scratch/anditse/julia_depot/compiled/v1.12/SparseArraysExt/k0lPI_UKt66.ji.pidfile)
    464.4 ms  ✓ Adapt
    470.4 ms  ✓ LRUCache
    475.1 ms  ✓ Requires
    470.2 ms  ✓ TranscodingStreams
    470.7 ms  ✓ URIs
    ArgParse Being precompiled by another process (pid: 3601798, pidfile: /scratch/anditse/julia_depot/compiled/v1.12/ArgParse/apuSZ_UKt66.ji.pidfile)
    Adapt → AdaptSparseArraysExt Being precompiled by another process (pid: 3601800, pidfile: /scratch/anditse/julia_depot/compiled/v1.12/AdaptSparseArraysExt/7qfxl_UKt66.ji.pidfile)
    GPUArraysCore Being precompiled by another process (pid: 3601800, pidfile: /scratch/anditse/julia_depot/compiled/v1.12/GPUArraysCore/qiYUe_UKt66.ji.pidfile)
    OffsetArrays → OffsetArraysAdaptExt Being precompiled by another process (pid: 3601798, pidfile: /scratch/anditse/julia_depot/compiled/v1.12/OffsetArraysAdaptExt/evlsb_UKt66.ji.pidfile)
    LRUCache → SerializationExt Being precompiled by another process (pid: 3601800, pidfile: /scratch/anditse/julia_depot/compiled/v1.12/SerializationExt/u9qhL_UKt66.ji.pidfile)
    FileIO Being precompiled by another process (pid: 3601801, pidfile: /scratch/anditse/julia_depot/compiled/v1.12/FileIO/6iKRU_UKt66.ji.pidfile)
    CodecInflate64 Being precompiled by another process (pid: 3601800, pidfile: /scratch/anditse/julia_depot/compiled/v1.12/CodecInflate64/KfKiS_UKt66.ji.pidfile)
    CodecZlib Being precompiled by another process (pid: 3601800, pidfile: /scratch/anditse/julia_depot/compiled/v1.12/CodecZlib/1TI30_UKt66.ji.pidfile)
    418.1 ms  ✓ LRUCache → SerializationExt
    465.2 ms  ✓ BitFlags
    469.8 ms  ✓ DateTimes64
    OpenSSL Being precompiled by another machine (hostname: rg32301, pid: 1785864, pidfile: /scratch/anditse/julia_depot/compiled/v1.12/OpenSSL/B4VRP_UKt66.ji.pidfile)
    509.0 ms  ✓ ChunkCodecLibZlib
    471.3 ms  ✓ InputBuffers
    467.8 ms  ✓ HashArrayMappedTries
    478.5 ms  ✓ ChunkCodecLibZlib
    501.2 ms  ✓ StaticArraysCore
     49.6 ms  ✓ ChunkCodecLibZlib
    356.1 ms  ✓ LRUCache → SerializationExt
    378.8 ms  ✓ ChunkCodecLibZlib
    432.7 ms  ✓ LRUCache → SerializationExt
    110.1 ms  ✓ LRUCache → SerializationExt
    597.3 ms  ✓ DocStringExtensions
    619.1 ms  ✓ Statistics → SparseArraysExt
    603.5 ms  ✓ Statistics → SparseArraysExt
    598.1 ms  ✓ Adapt → AdaptSparseArraysExt
    477.4 ms  ✓ Statistics → SparseArraysExt
   1180.7 ms  ✓ CFTime
   1182.9 ms  ✓ CFTime
    601.0 ms  ✓ Adapt → AdaptSparseArraysExt
    172.8 ms  ✓ Adapt → AdaptSparseArraysExt
    186.1 ms  ✓ Statistics → SparseArraysExt
   1190.7 ms  ✓ CFTime
    513.4 ms  ✓ Adapt → AdaptSparseArraysExt
   1196.6 ms  ✓ CFTime
    633.2 ms  ✓ GPUArraysCore
    545.7 ms  ✓ GPUArraysCore
    219.7 ms  ✓ GPUArraysCore
    435.5 ms  ✓ PrecompileTools
    547.9 ms  ✓ CodecZlib
    632.3 ms  ✓ GPUArraysCore
    224.6 ms  ✓ CodecZlib
    434.8 ms  ✓ PrecompileTools
    473.0 ms  ✓ CodecZlib
    550.9 ms  ✓ CodecZlib
    447.4 ms  ✓ PrecompileTools
    451.9 ms  ✓ PrecompileTools
    MuladdMacro Being precompiled by another process (pid: 1785862, pidfile: /scratch/anditse/julia_depot/compiled/v1.12/MuladdMacro/myzFY_UKt66.ji.pidfile)
    MuladdMacro Being precompiled by another process (pid: 1785862, pidfile: /scratch/anditse/julia_depot/compiled/v1.12/MuladdMacro/myzFY_UKt66.ji.pidfile)
    StaticArrays Being precompiled by another process (pid: 1785862, pidfile: /scratch/anditse/julia_depot/compiled/v1.12/StaticArrays/yY9vm_UKt66.ji.pidfile)
    StaticArrays Being precompiled by another process (pid: 1785862, pidfile: /scratch/anditse/julia_depot/compiled/v1.12/StaticArrays/yY9vm_UKt66.ji.pidfile)
    MuladdMacro Being precompiled by another process (pid: 1785862, pidfile: /scratch/anditse/julia_depot/compiled/v1.12/MuladdMacro/myzFY_UKt66.ji.pidfile)
    StaticArrays Being precompiled by another process (pid: 1785862, pidfile: /scratch/anditse/julia_depot/compiled/v1.12/StaticArrays/yY9vm_UKt66.ji.pidfile)
    StringManipulation Being precompiled by another process (pid: 1785862, pidfile: /scratch/anditse/julia_depot/compiled/v1.12/StringManipulation/4nJQd_UKt66.ji.pidfile)
    StringManipulation Being precompiled by another process (pid: 1785862, pidfile: /scratch/anditse/julia_depot/compiled/v1.12/StringManipulation/4nJQd_UKt66.ji.pidfile)
    StringManipulation Being precompiled by another process (pid: 1785862, pidfile: /scratch/anditse/julia_depot/compiled/v1.12/StringManipulation/4nJQd_UKt66.ji.pidfile)
    Parsers Being precompiled by another process (pid: 1785865, pidfile: /scratch/anditse/julia_depot/compiled/v1.12/Parsers/833b9_UKt66.ji.pidfile)
    Parsers Being precompiled by another process (pid: 1785865, pidfile: /scratch/anditse/julia_depot/compiled/v1.12/Parsers/833b9_UKt66.ji.pidfile)
    Parsers Being precompiled by another process (pid: 1785865, pidfile: /scratch/anditse/julia_depot/compiled/v1.12/Parsers/833b9_UKt66.ji.pidfile)
    447.4 ms  ✓ Scratch
   1500.9 ms  ✓ CEnum
   1236.1 ms  ✓ CEnum
    452.1 ms  ✓ OffsetArrays → OffsetArraysAdaptExt
   1238.2 ms  ✓ CEnum
   1282.3 ms  ✓ CEnum
    451.4 ms  ✓ OffsetArrays → OffsetArraysAdaptExt
   1332.6 ms  ✓ CUDA_Runtime_Discovery
   1306.6 ms  ✓ CUDA_Runtime_Discovery
   1303.6 ms  ✓ CUDA_Runtime_Discovery
   1281.5 ms  ✓ CUDA_Runtime_Discovery
    526.2 ms  ✓ JLLWrappers
    477.1 ms  ✓ OffsetArrays → OffsetArraysAdaptExt
    305.2 ms  ✓ OffsetArrays → OffsetArraysAdaptExt
    527.0 ms  ✓ JLLWrappers
    522.5 ms  ✓ JLLWrappers
    533.7 ms  ✓ JLLWrappers
    CUDA_Driver_jll Being precompiled by another process (pid: 1785864, pidfile: /scratch/anditse/julia_depot/compiled/v1.12/CUDA_Driver_jll/QJyk7_UKt66.ji.pidfile)
    CUDA_Driver_jll Being precompiled by another process (pid: 1785864, pidfile: /scratch/anditse/julia_depot/compiled/v1.12/CUDA_Driver_jll/QJyk7_UKt66.ji.pidfile)
    CUDA_Driver_jll Being precompiled by another process (pid: 1785864, pidfile: /scratch/anditse/julia_depot/compiled/v1.12/CUDA_Driver_jll/QJyk7_UKt66.ji.pidfile)
    dlfcn_win32_jll Being precompiled by another process (pid: 1785864, pidfile: /scratch/anditse/julia_depot/compiled/v1.12/dlfcn_win32_jll/7OYhW_UKt66.ji.pidfile)
    dlfcn_win32_jll Being precompiled by another process (pid: 1785864, pidfile: /scratch/anditse/julia_depot/compiled/v1.12/dlfcn_win32_jll/7OYhW_UKt66.ji.pidfile)
    dlfcn_win32_jll Being precompiled by another process (pid: 1785864, pidfile: /scratch/anditse/julia_depot/compiled/v1.12/dlfcn_win32_jll/7OYhW_UKt66.ji.pidfile)
    aws_c_common_jll Being precompiled by another process (pid: 1785864, pidfile: /scratch/anditse/julia_depot/compiled/v1.12/aws_c_common_jll/ECOsy_UKt66.ji.pidfile)
    aws_c_common_jll Being precompiled by another process (pid: 1785864, pidfile: /scratch/anditse/julia_depot/compiled/v1.12/aws_c_common_jll/ECOsy_UKt66.ji.pidfile)
    aws_c_common_jll Being precompiled by another process (pid: 1785864, pidfile: /scratch/anditse/julia_depot/compiled/v1.12/aws_c_common_jll/ECOsy_UKt66.ji.pidfile)
    Bzip2_jll Being precompiled by another process (pid: 1785864, pidfile: /scratch/anditse/julia_depot/compiled/v1.12/Bzip2_jll/biC9V_UKt66.ji.pidfile)
    Bzip2_jll Being precompiled by another process (pid: 1785864, pidfile: /scratch/anditse/julia_depot/compiled/v1.12/Bzip2_jll/biC9V_UKt66.ji.pidfile)
    Bzip2_jll Being precompiled by another process (pid: 1785864, pidfile: /scratch/anditse/julia_depot/compiled/v1.12/Bzip2_jll/biC9V_UKt66.ji.pidfile)
    Lz4_jll Being precompiled by another process (pid: 1785864, pidfile: /scratch/anditse/julia_depot/compiled/v1.12/Lz4_jll/g0UsO_UKt66.ji.pidfile)
    Lz4_jll Being precompiled by another process (pid: 1785864, pidfile: /scratch/anditse/julia_depot/compiled/v1.12/Lz4_jll/g0UsO_UKt66.ji.pidfile)
    Lz4_jll Being precompiled by another process (pid: 1785864, pidfile: /scratch/anditse/julia_depot/compiled/v1.12/Lz4_jll/g0UsO_UKt66.ji.pidfile)
    Xorg_libpciaccess_jll Being precompiled by another process (pid: 1785864, pidfile: /scratch/anditse/julia_depot/compiled/v1.12/Xorg_libpciaccess_jll/Y7Kz1_UKt66.ji.pidfile)
    Xorg_libpciaccess_jll Being precompiled by another process (pid: 1785864, pidfile: /scratch/anditse/julia_depot/compiled/v1.12/Xorg_libpciaccess_jll/Y7Kz1_UKt66.ji.pidfile)
    Xorg_libpciaccess_jll Being precompiled by another process (pid: 1785864, pidfile: /scratch/anditse/julia_depot/compiled/v1.12/Xorg_libpciaccess_jll/Y7Kz1_UKt66.ji.pidfile)
    libaec_jll Being precompiled by another process (pid: 1785864, pidfile: /scratch/anditse/julia_depot/compiled/v1.12/libaec_jll/hvhO3_UKt66.ji.pidfile)
    libaec_jll Being precompiled by another process (pid: 1785864, pidfile: /scratch/anditse/julia_depot/compiled/v1.12/libaec_jll/hvhO3_UKt66.ji.pidfile)
    libaec_jll Being precompiled by another process (pid: 1785864, pidfile: /scratch/anditse/julia_depot/compiled/v1.12/libaec_jll/hvhO3_UKt66.ji.pidfile)
    s2n_tls_jll Being precompiled by another process (pid: 1785864, pidfile: /scratch/anditse/julia_depot/compiled/v1.12/s2n_tls_jll/D3A3Y_UKt66.ji.pidfile)
    s2n_tls_jll Being precompiled by another process (pid: 1785864, pidfile: /scratch/anditse/julia_depot/compiled/v1.12/s2n_tls_jll/D3A3Y_UKt66.ji.pidfile)
    s2n_tls_jll Being precompiled by another process (pid: 1785864, pidfile: /scratch/anditse/julia_depot/compiled/v1.12/s2n_tls_jll/D3A3Y_UKt66.ji.pidfile)
    NVTX_jll Being precompiled by another process (pid: 1785863, pidfile: /scratch/anditse/julia_depot/compiled/v1.12/NVTX_jll/a4RQP_UKt66.ji.pidfile)
    NVTX_jll Being precompiled by another process (pid: 1785863, pidfile: /scratch/anditse/julia_depot/compiled/v1.12/NVTX_jll/a4RQP_UKt66.ji.pidfile)
    LibTracyClient_jll Being precompiled by another process (pid: 1785865, pidfile: /scratch/anditse/julia_depot/compiled/v1.12/LibTracyClient_jll/mti1A_UKt66.ji.pidfile)
    LibTracyClient_jll Being precompiled by another process (pid: 1785865, pidfile: /scratch/anditse/julia_depot/compiled/v1.12/LibTracyClient_jll/mti1A_UKt66.ji.pidfile)
    IntelOpenMP_jll Being precompiled by another process (pid: 1785862, pidfile: /scratch/anditse/julia_depot/compiled/v1.12/IntelOpenMP_jll/3Hg0P_UKt66.ji.pidfile)
    IntelOpenMP_jll Being precompiled by another process (pid: 1785862, pidfile: /scratch/anditse/julia_depot/compiled/v1.12/IntelOpenMP_jll/3Hg0P_UKt66.ji.pidfile)
    681.5 ms  ✓ CodecInflate64
    demumble_jll Being precompiled by another process (pid: 1785863, pidfile: /scratch/anditse/julia_depot/compiled/v1.12/demumble_jll/3LhWT_UKt66.ji.pidfile)
    demumble_jll Being precompiled by another process (pid: 1785863, pidfile: /scratch/anditse/julia_depot/compiled/v1.12/demumble_jll/3LhWT_UKt66.ji.pidfile)
    NVTX_jll Being precompiled by another process (pid: 1785863, pidfile: /scratch/anditse/julia_depot/compiled/v1.12/NVTX_jll/a4RQP_UKt66.ji.pidfile)
    LibTracyClient_jll Being precompiled by another process (pid: 1785865, pidfile: /scratch/anditse/julia_depot/compiled/v1.12/LibTracyClient_jll/mti1A_UKt66.ji.pidfile)
    IntelOpenMP_jll Being precompiled by another process (pid: 1785862, pidfile: /scratch/anditse/julia_depot/compiled/v1.12/IntelOpenMP_jll/3Hg0P_UKt66.ji.pidfile)
    demumble_jll Being precompiled by another process (pid: 1785863, pidfile: /scratch/anditse/julia_depot/compiled/v1.12/demumble_jll/3LhWT_UKt66.ji.pidfile)
   1352.2 ms  ✓ PkgVersion
    XZ_jll Being precompiled by another process (pid: 1785865, pidfile: /scratch/anditse/julia_depot/compiled/v1.12/XZ_jll/uX93p_UKt66.ji.pidfile)
    XZ_jll Being precompiled by another process (pid: 1785865, pidfile: /scratch/anditse/julia_depot/compiled/v1.12/XZ_jll/uX93p_UKt66.ji.pidfile)
    970.7 ms  ✓ ArgParse
    oneTBB_jll Being precompiled by another process (pid: 1785864, pidfile: /scratch/anditse/julia_depot/compiled/v1.12/oneTBB_jll/S2snd_UKt66.ji.pidfile)
    oneTBB_jll Being precompiled by another process (pid: 1785864, pidfile: /scratch/anditse/julia_depot/compiled/v1.12/oneTBB_jll/S2snd_UKt66.ji.pidfile)
    355.9 ms  ✓ CodecInflate64
    370.0 ms  ✓ TableTraits
    MbedTLS_jll Being precompiled by another process (pid: 1785863, pidfile: /scratch/anditse/julia_depot/compiled/v1.12/MbedTLS_jll/u5NEn_UKt66.ji.pidfile)
    603.8 ms  ✓ CodecInflate64
    691.5 ms  ✓ CodecInflate64
    MbedTLS_jll Being precompiled by another process (pid: 1785863, pidfile: /scratch/anditse/julia_depot/compiled/v1.12/MbedTLS_jll/u5NEn_UKt66.ji.pidfile)
    Zstd_jll Being precompiled by another process (pid: 1785864, pidfile: /scratch/anditse/julia_depot/compiled/v1.12/Zstd_jll/cFDJB_UKt66.ji.pidfile)
    MicrosoftMPI_jll Being precompiled by another process (pid: 1785865, pidfile: /scratch/anditse/julia_depot/compiled/v1.12/MicrosoftMPI_jll/seL8u_UKt66.ji.pidfile)
    JuliaNVTXCallbacks_jll Being precompiled by another process (pid: 1785865, pidfile: /scratch/anditse/julia_depot/compiled/v1.12/JuliaNVTXCallbacks_jll/EQzo6_UKt66.ji.pidfile)
    MicrosoftMPI_jll Being precompiled by another process (pid: 1785865, pidfile: /scratch/anditse/julia_depot/compiled/v1.12/MicrosoftMPI_jll/seL8u_UKt66.ji.pidfile)
    LLVMExtra_jll Being precompiled by another process (pid: 1785864, pidfile: /scratch/anditse/julia_depot/compiled/v1.12/LLVMExtra_jll/R9OeX_UKt66.ji.pidfile)
    Libiconv_jll Being precompiled by another process (pid: 1785864, pidfile: /scratch/anditse/julia_depot/compiled/v1.12/Libiconv_jll/ujTCF_UKt66.ji.pidfile)
    JuliaNVTXCallbacks_jll Being precompiled by another process (pid: 1785865, pidfile: /scratch/anditse/julia_depot/compiled/v1.12/JuliaNVTXCallbacks_jll/EQzo6_UKt66.ji.pidfile)
    Libiconv_jll Being precompiled by another process (pid: 1785864, pidfile: /scratch/anditse/julia_depot/compiled/v1.12/Libiconv_jll/ujTCF_UKt66.ji.pidfile)
    LLVMExtra_jll Being precompiled by another process (pid: 1785864, pidfile: /scratch/anditse/julia_depot/compiled/v1.12/LLVMExtra_jll/R9OeX_UKt66.ji.pidfile)
    FFTW_jll Being precompiled by another process (pid: 1785863, pidfile: /scratch/anditse/julia_depot/compiled/v1.12/FFTW_jll/9AVlm_UKt66.ji.pidfile)
    FFTW_jll Being precompiled by another process (pid: 1785863, pidfile: /scratch/anditse/julia_depot/compiled/v1.12/FFTW_jll/9AVlm_UKt66.ji.pidfile)
    Zstd_jll Being precompiled by another process (pid: 1785864, pidfile: /scratch/anditse/julia_depot/compiled/v1.12/Zstd_jll/cFDJB_UKt66.ji.pidfile)
    XZ_jll Being precompiled by another process (pid: 1785865, pidfile: /scratch/anditse/julia_depot/compiled/v1.12/XZ_jll/uX93p_UKt66.ji.pidfile)
   1426.8 ms  ✓ PkgVersion
    oneTBB_jll Being precompiled by another process (pid: 1785864, pidfile: /scratch/anditse/julia_depot/compiled/v1.12/oneTBB_jll/S2snd_UKt66.ji.pidfile)
    LLVMExtra_jll Being precompiled by another process (pid: 1785864, pidfile: /scratch/anditse/julia_depot/compiled/v1.12/LLVMExtra_jll/R9OeX_UKt66.ji.pidfile)
    MbedTLS_jll Being precompiled by another process (pid: 1785863, pidfile: /scratch/anditse/julia_depot/compiled/v1.12/MbedTLS_jll/u5NEn_UKt66.ji.pidfile)
    Zstd_jll Being precompiled by another process (pid: 1785864, pidfile: /scratch/anditse/julia_depot/compiled/v1.12/Zstd_jll/cFDJB_UKt66.ji.pidfile)
    JuliaNVTXCallbacks_jll Being precompiled by another process (pid: 1785865, pidfile: /scratch/anditse/julia_depot/compiled/v1.12/JuliaNVTXCallbacks_jll/EQzo6_UKt66.ji.pidfile)
    MicrosoftMPI_jll Being precompiled by another process (pid: 1785865, pidfile: /scratch/anditse/julia_depot/compiled/v1.12/MicrosoftMPI_jll/seL8u_UKt66.ji.pidfile)
    Libiconv_jll Being precompiled by another process (pid: 1785864, pidfile: /scratch/anditse/julia_depot/compiled/v1.12/Libiconv_jll/ujTCF_UKt66.ji.pidfile)
    FFTW_jll Being precompiled by another process (pid: 1785863, pidfile: /scratch/anditse/julia_depot/compiled/v1.12/FFTW_jll/9AVlm_UKt66.ji.pidfile)
    538.5 ms  ✓ LoggingExtras
   1532.0 ms  ✓ ConstructionBase
   1491.3 ms  ✓ ConstructionBase
    ConstructionBase → ConstructionBaseLinearAlgebraExt Being precompiled by another process (pid: 1785862, pidfile: /scratch/anditse/julia_depot/compiled/v1.12/ConstructionBaseLinearAlgebraExt/mc2IG_UKt66.ji.pidfile)
   1500.9 ms  ✓ PkgVersion
    507.8 ms  ✓ Quaternions
   1519.2 ms  ✓ ConstructionBase
    ConstructionBase → ConstructionBaseLinearAlgebraExt Being precompiled by another process (pid: 1785862, pidfile: /scratch/anditse/julia_depot/compiled/v1.12/ConstructionBaseLinearAlgebraExt/mc2IG_UKt66.ji.pidfile)
   1532.3 ms  ✓ ConstructionBase
   1576.5 ms  ✓ PkgVersion
    ConstructionBase → ConstructionBaseLinearAlgebraExt Being precompiled by another process (pid: 1785862, pidfile: /scratch/anditse/julia_depot/compiled/v1.12/ConstructionBaseLinearAlgebraExt/mc2IG_UKt66.ji.pidfile)
    842.9 ms  ✓ MPIPreferences
    859.5 ms  ✓ MPIPreferences
    MPItrampoline_jll Being precompiled by another process (pid: 1785864, pidfile: /scratch/anditse/julia_depot/compiled/v1.12/MPItrampoline_jll/FwcC8_UKt66.ji.pidfile)
    OpenMPI_jll Being precompiled by another process (pid: 1785864, pidfile: /scratch/anditse/julia_depot/compiled/v1.12/OpenMPI_jll/UdERG_UKt66.ji.pidfile)
   1695.0 ms  ✓ BFloat16s
   1684.4 ms  ✓ BFloat16s
   1817.9 ms  ✓ OrderedCollections
   1696.3 ms  ✓ BFloat16s
   1152.6 ms  ✓ BFloat16s
    750.2 ms  ✓ Preferences
   1822.9 ms  ✓ OrderedCollections
   1825.2 ms  ✓ OrderedCollections
    DataStructures Being precompiled by another process (pid: 3601800, pidfile: /scratch/anditse/julia_depot/compiled/v1.12/DataStructures/xKiwJ_UKt66.ji.pidfile)
    DataStructures Being precompiled by another process (pid: 3601800, pidfile: /scratch/anditse/julia_depot/compiled/v1.12/DataStructures/xKiwJ_UKt66.ji.pidfile)
    Tables Being precompiled by another process (pid: 3601798, pidfile: /scratch/anditse/julia_depot/compiled/v1.12/Tables/Z804B_UKt66.ji.pidfile)
    Tables Being precompiled by another process (pid: 3601798, pidfile: /scratch/anditse/julia_depot/compiled/v1.12/Tables/Z804B_UKt66.ji.pidfile)
    714.7 ms  ✓ ExceptionUnwrapping
   1247.7 ms  ✓ OrderedCollections
    MPIPreferences Being precompiled by another machine (hostname: rg32301, pid: 1785865, pidfile: /scratch/anditse/julia_depot/compiled/v1.12/MPIPreferences/rGk9Z_UKt66.ji.pidfile)
    DataStructures Being precompiled by another process (pid: 3601800, pidfile: /scratch/anditse/julia_depot/compiled/v1.12/DataStructures/xKiwJ_UKt66.ji.pidfile)
    Tables Being precompiled by another process (pid: 3601798, pidfile: /scratch/anditse/julia_depot/compiled/v1.12/Tables/Z804B_UKt66.ji.pidfile)
   1831.4 ms  ✓ StructUtils
   1828.3 ms  ✓ StructUtils
    StructUtils → StructUtilsStaticArraysCoreExt Being precompiled by another process (pid: 1785863, pidfile: /scratch/anditse/julia_depot/compiled/v1.12/StructUtilsStaticArraysCoreExt/1sk5Y_UKt66.ji.pidfile)
   1006.7 ms  ✓ Random123
   1885.1 ms  ✓ StructUtils
    StructUtils → StructUtilsStaticArraysCoreExt Being precompiled by another process (pid: 1785863, pidfile: /scratch/anditse/julia_depot/compiled/v1.12/StructUtilsStaticArraysCoreExt/1sk5Y_UKt66.ji.pidfile)
   1023.9 ms  ✓ Random123
   2144.2 ms  ✓ UnsafeAtomics
   2025.5 ms  ✓ UnsafeAtomics
    Atomix Being precompiled by another process (pid: 3601799, pidfile: /scratch/anditse/julia_depot/compiled/v1.12/Atomix/3LdQ4_UKt66.ji.pidfile)
   2028.4 ms  ✓ UnsafeAtomics
    Atomix Being precompiled by another process (pid: 3601799, pidfile: /scratch/anditse/julia_depot/compiled/v1.12/Atomix/3LdQ4_UKt66.ji.pidfile)
    996.8 ms  ✓ Random123
   2031.1 ms  ✓ UnsafeAtomics
    Atomix Being precompiled by another process (pid: 3601799, pidfile: /scratch/anditse/julia_depot/compiled/v1.12/Atomix/3LdQ4_UKt66.ji.pidfile)
   1920.2 ms  ✓ StructUtils
   1051.7 ms  ✓ Random123
    StructUtils → StructUtilsStaticArraysCoreExt Being precompiled by another process (pid: 1785863, pidfile: /scratch/anditse/julia_depot/compiled/v1.12/StructUtilsStaticArraysCoreExt/1sk5Y_UKt66.ji.pidfile)
    627.6 ms  ✓ dlfcn_win32_jll
    472.8 ms  ✓ ConstructionBase → ConstructionBaseLinearAlgebraExt
    600.2 ms  ✓ MicrosoftMPI_jll
    508.9 ms  ✓ ConstructionBase → ConstructionBaseLinearAlgebraExt
    436.2 ms  ✓ ConstructionBase → ConstructionBaseLinearAlgebraExt
    692.6 ms  ✓ Bzip2_jll
    690.3 ms  ✓ Xorg_libpciaccess_jll
    703.1 ms  ✓ aws_c_common_jll
    677.5 ms  ✓ s2n_tls_jll
    695.0 ms  ✓ demumble_jll
    702.0 ms  ✓ NVTX_jll
    732.8 ms  ✓ libaec_jll
   2088.0 ms  ✓ Crayons
    854.4 ms  ✓ MuladdMacro
    547.0 ms  ✓ ConstructionBase → ConstructionBaseLinearAlgebraExt
   2084.9 ms  ✓ Crayons
    718.0 ms  ✓ FFTW_jll
    707.7 ms  ✓ JuliaNVTXCallbacks_jll
    724.6 ms  ✓ LibTracyClient_jll
   2111.1 ms  ✓ Crayons
   1574.0 ms  ✓ AbstractFFTs → AbstractFFTsTestExt
    772.0 ms  ✓ Lz4_jll
    728.3 ms  ✓ Zstd_jll
   2117.8 ms  ✓ Crayons
    721.1 ms  ✓ Libiconv_jll
   1448.7 ms  ✓ AbstractFFTs → AbstractFFTsTestExt
   1582.8 ms  ✓ AbstractFFTs → AbstractFFTsTestExt
    800.9 ms  ✓ MbedTLS_jll
   1187.3 ms  ✓ AbstractFFTs → AbstractFFTsTestExt
    453.1 ms  ✓ PrecompileTools
    MuladdMacro Being precompiled by another machine (hostname: rg32301, pid: 1785865, pidfile: /scratch/anditse/julia_depot/compiled/v1.12/MuladdMacro/myzFY_UKt66.ji.pidfile)
    StaticArrays Being precompiled by another machine (hostname: rg32301, pid: 1785862, pidfile: /scratch/anditse/julia_depot/compiled/v1.12/StaticArrays/yY9vm_UKt66.ji.pidfile)
    StringManipulation Being precompiled by another machine (hostname: rg32301, pid: 1785862, pidfile: /scratch/anditse/julia_depot/compiled/v1.12/StringManipulation/4nJQd_UKt66.ji.pidfile)
    Parsers Being precompiled by another machine (hostname: rg32301, pid: 1785865, pidfile: /scratch/anditse/julia_depot/compiled/v1.12/Parsers/833b9_UKt66.ji.pidfile)
    508.8 ms  ✓ JLLWrappers
   1708.8 ms  ✓ Distances
   1687.7 ms  ✓ Distances
    Distances → DistancesSparseArraysExt Being precompiled by another process (pid: 3601801, pidfile: /scratch/anditse/julia_depot/compiled/v1.12/DistancesSparseArraysExt/2KLYQ_UKt66.ji.pidfile)
   1558.0 ms  ✓ Distances
    Distances → DistancesSparseArraysExt Being precompiled by another process (pid: 3601801, pidfile: /scratch/anditse/julia_depot/compiled/v1.12/DistancesSparseArraysExt/2KLYQ_UKt66.ji.pidfile)
    899.8 ms  ✓ XZ_jll
    477.5 ms  ✓ StructUtils → StructUtilsStaticArraysCoreExt
    CUDA_Driver_jll Being precompiled by another machine (hostname: rg32301, pid: 1785864, pidfile: /scratch/anditse/julia_depot/compiled/v1.12/CUDA_Driver_jll/QJyk7_UKt66.ji.pidfile)
    dlfcn_win32_jll Being precompiled by another machine (hostname: rg32301, pid: 1785863, pidfile: /scratch/anditse/julia_depot/compiled/v1.12/dlfcn_win32_jll/7OYhW_UKt66.ji.pidfile)
    aws_c_common_jll Being precompiled by another machine (hostname: rg32301, pid: 1785862, pidfile: /scratch/anditse/julia_depot/compiled/v1.12/aws_c_common_jll/ECOsy_UKt66.ji.pidfile)
    384.1 ms  ✓ StructUtils → StructUtilsStaticArraysCoreExt
    Bzip2_jll Being precompiled by another machine (hostname: rg32301, pid: 1785865, pidfile: /scratch/anditse/julia_depot/compiled/v1.12/Bzip2_jll/biC9V_UKt66.ji.pidfile)
    Lz4_jll Being precompiled by another machine (hostname: rg32301, pid: 1785865, pidfile: /scratch/anditse/julia_depot/compiled/v1.12/Lz4_jll/g0UsO_UKt66.ji.pidfile)
    Xorg_libpciaccess_jll Being precompiled by another machine (hostname: rg32301, pid: 1785862, pidfile: /scratch/anditse/julia_depot/compiled/v1.12/Xorg_libpciaccess_jll/Y7Kz1_UKt66.ji.pidfile)
    libaec_jll Being precompiled by another machine (hostname: rg32301, pid: 1785865, pidfile: /scratch/anditse/julia_depot/compiled/v1.12/libaec_jll/hvhO3_UKt66.ji.pidfile)
    s2n_tls_jll Being precompiled by another machine (hostname: rg32301, pid: 1785863, pidfile: /scratch/anditse/julia_depot/compiled/v1.12/s2n_tls_jll/D3A3Y_UKt66.ji.pidfile)
    492.6 ms  ✓ StructUtils → StructUtilsStaticArraysCoreExt
    NVTX_jll Being precompiled by another machine (hostname: rg32301, pid: 1785862, pidfile: /scratch/anditse/julia_depot/compiled/v1.12/NVTX_jll/a4RQP_UKt66.ji.pidfile)
    LibTracyClient_jll Being precompiled by another machine (hostname: rg32301, pid: 1785863, pidfile: /scratch/anditse/julia_depot/compiled/v1.12/LibTracyClient_jll/mti1A_UKt66.ji.pidfile)
    IntelOpenMP_jll Being precompiled by another machine (hostname: rg32301, pid: 1785862, pidfile: /scratch/anditse/julia_depot/compiled/v1.12/IntelOpenMP_jll/3Hg0P_UKt66.ji.pidfile)
    demumble_jll Being precompiled by another machine (hostname: rg32301, pid: 1785864, pidfile: /scratch/anditse/julia_depot/compiled/v1.12/demumble_jll/3LhWT_UKt66.ji.pidfile)
    oneTBB_jll Being precompiled by another machine (hostname: rg32301, pid: 1785864, pidfile: /scratch/anditse/julia_depot/compiled/v1.12/oneTBB_jll/S2snd_UKt66.ji.pidfile)
    MbedTLS_jll Being precompiled by another machine (hostname: rg32301, pid: 1785864, pidfile: /scratch/anditse/julia_depot/compiled/v1.12/MbedTLS_jll/u5NEn_UKt66.ji.pidfile)
    JuliaNVTXCallbacks_jll Being precompiled by another machine (hostname: rg32301, pid: 1785864, pidfile: /scratch/anditse/julia_depot/compiled/v1.12/JuliaNVTXCallbacks_jll/EQzo6_UKt66.ji.pidfile)
    Libiconv_jll Being precompiled by another machine (hostname: rg32301, pid: 1785865, pidfile: /scratch/anditse/julia_depot/compiled/v1.12/Libiconv_jll/ujTCF_UKt66.ji.pidfile)
   1324.1 ms  ✓ Distances
    XZ_jll Being precompiled by another machine (hostname: rg32301, pid: 1785864, pidfile: /scratch/anditse/julia_depot/compiled/v1.12/XZ_jll/uX93p_UKt66.ji.pidfile)
    Zstd_jll Being precompiled by another machine (hostname: rg32301, pid: 1785863, pidfile: /scratch/anditse/julia_depot/compiled/v1.12/Zstd_jll/cFDJB_UKt66.ji.pidfile)
    FFTW_jll Being precompiled by another machine (hostname: rg32301, pid: 1785862, pidfile: /scratch/anditse/julia_depot/compiled/v1.12/FFTW_jll/9AVlm_UKt66.ji.pidfile)
    Distances → DistancesSparseArraysExt Being precompiled by another process (pid: 3601801, pidfile: /scratch/anditse/julia_depot/compiled/v1.12/DistancesSparseArraysExt/2KLYQ_UKt66.ji.pidfile)
    LLVMExtra_jll Being precompiled by another machine (hostname: rg32301, pid: 1785864, pidfile: /scratch/anditse/julia_depot/compiled/v1.12/LLVMExtra_jll/R9OeX_UKt66.ji.pidfile)
    MicrosoftMPI_jll Being precompiled by another machine (hostname: rg32301, pid: 1785863, pidfile: /scratch/anditse/julia_depot/compiled/v1.12/MicrosoftMPI_jll/seL8u_UKt66.ji.pidfile)
   1916.7 ms  ✓ OpenSSL
    474.3 ms  ✓ StructUtils → StructUtilsStaticArraysCoreExt
    468.7 ms  ✓ Atomix
    468.4 ms  ✓ Atomix
    474.5 ms  ✓ Atomix
    472.2 ms  ✓ Atomix
   2030.7 ms  ✓ ArgParse
   1431.8 ms  ✓ ArgParse
   1914.9 ms  ✓ ArgParse
   1825.3 ms  ✓ MPIPreferences
    MPItrampoline_jll Being precompiled by another process (pid: 1785864, pidfile: /scratch/anditse/julia_depot/compiled/v1.12/MPItrampoline_jll/FwcC8_UKt66.ji.pidfile)
    OpenMPI_jll Being precompiled by another process (pid: 1785864, pidfile: /scratch/anditse/julia_depot/compiled/v1.12/OpenMPI_jll/UdERG_UKt66.ji.pidfile)
   1840.1 ms  ✓ MPIPreferences
    MPItrampoline_jll Being precompiled by another process (pid: 1785864, pidfile: /scratch/anditse/julia_depot/compiled/v1.12/MPItrampoline_jll/FwcC8_UKt66.ji.pidfile)
    OpenMPI_jll Being precompiled by another process (pid: 1785864, pidfile: /scratch/anditse/julia_depot/compiled/v1.12/OpenMPI_jll/UdERG_UKt66.ji.pidfile)
   2911.9 ms  ✓ MacroTools
   2829.0 ms  ✓ MacroTools
    ReactantCore Being precompiled by another process (pid: 3601799, pidfile: /scratch/anditse/julia_depot/compiled/v1.12/ReactantCore/unB5Q_UKt66.ji.pidfile)
   2831.7 ms  ✓ MacroTools
    ReactantCore Being precompiled by another process (pid: 3601799, pidfile: /scratch/anditse/julia_depot/compiled/v1.12/ReactantCore/unB5Q_UKt66.ji.pidfile)
   2834.2 ms  ✓ MacroTools
    ReactantCore Being precompiled by another process (pid: 3601799, pidfile: /scratch/anditse/julia_depot/compiled/v1.12/ReactantCore/unB5Q_UKt66.ji.pidfile)
   1344.5 ms  ✓ JuliaNVTXCallbacks_jll
   1362.9 ms  ✓ demumble_jll
   1375.8 ms  ✓ NVTX_jll
   1341.7 ms  ✓ JuliaNVTXCallbacks_jll
   1380.3 ms  ✓ NVTX_jll
    NVTX Being precompiled by another process (pid: 1785864, pidfile: /scratch/anditse/julia_depot/compiled/v1.12/NVTX/s1i2n_UKt66.ji.pidfile)
   1373.9 ms  ✓ demumble_jll
   1387.9 ms  ✓ NVTX_jll
    NVTX Being precompiled by another process (pid: 1785864, pidfile: /scratch/anditse/julia_depot/compiled/v1.12/NVTX/s1i2n_UKt66.ji.pidfile)
   1385.6 ms  ✓ LibTracyClient_jll
   1378.9 ms  ✓ demumble_jll
   1306.3 ms  ✓ JuliaNVTXCallbacks_jll
    NVTX Being precompiled by another process (pid: 1785864, pidfile: /scratch/anditse/julia_depot/compiled/v1.12/NVTX/s1i2n_UKt66.ji.pidfile)
   1385.2 ms  ✓ LibTracyClient_jll
   1400.9 ms  ✓ LibTracyClient_jll
   1416.7 ms  ✓ libaec_jll
   1331.4 ms  ✓ FFTW_jll
   1423.1 ms  ✓ libaec_jll
   1384.7 ms  ✓ FFTW_jll
Precompiling packages...
Precompiling packages...
   1429.0 ms  ✓ libaec_jll
Precompiling packages...
Precompiling packages...
   1390.3 ms  ✓ FFTW_jll
   1394.6 ms  ✓ Libiconv_jll
    XML2_jll Being precompiled by another process (pid: 1785864, pidfile: /scratch/anditse/julia_depot/compiled/v1.12/XML2_jll/xWVg2_UKt66.ji.pidfile)
   1354.1 ms  ✓ Libiconv_jll
    XML2_jll Being precompiled by another process (pid: 1785864, pidfile: /scratch/anditse/julia_depot/compiled/v1.12/XML2_jll/xWVg2_UKt66.ji.pidfile)
   1419.4 ms  ✓ Zstd_jll
   1412.3 ms  ✓ Libiconv_jll
   1363.7 ms  ✓ Zstd_jll
    XML2_jll Being precompiled by another process (pid: 1785864, pidfile: /scratch/anditse/julia_depot/compiled/v1.12/XML2_jll/xWVg2_UKt66.ji.pidfile)
   1414.4 ms  ✓ Zstd_jll
    562.5 ms  ✓ Distances → DistancesSparseArraysExt
    564.9 ms  ✓ Distances → DistancesSparseArraysExt
    488.7 ms  ✓ Distances → DistancesSparseArraysExt
    575.2 ms  ✓ Distances → DistancesSparseArraysExt
   1491.8 ms  ✓ Lz4_jll
    Blosc_jll Being precompiled by another process (pid: 1785864, pidfile: /scratch/anditse/julia_depot/compiled/v1.12/Blosc_jll/XIeja_UKt66.ji.pidfile)
   1497.9 ms  ✓ Lz4_jll
    Blosc_jll Being precompiled by another process (pid: 1785864, pidfile: /scratch/anditse/julia_depot/compiled/v1.12/Blosc_jll/XIeja_UKt66.ji.pidfile)
   1503.9 ms  ✓ Lz4_jll
    Blosc_jll Being precompiled by another process (pid: 1785864, pidfile: /scratch/anditse/julia_depot/compiled/v1.12/Blosc_jll/XIeja_UKt66.ji.pidfile)
   1530.9 ms  ✓ MbedTLS_jll
    MbedTLS Being precompiled by another process (pid: 1785863, pidfile: /scratch/anditse/julia_depot/compiled/v1.12/MbedTLS/bf9T0_UKt66.ji.pidfile)
   1474.7 ms  ✓ MbedTLS_jll
    MbedTLS Being precompiled by another process (pid: 1785863, pidfile: /scratch/anditse/julia_depot/compiled/v1.12/MbedTLS/bf9T0_UKt66.ji.pidfile)
   1676.0 ms  ✓ MuladdMacro
   1551.6 ms  ✓ MbedTLS_jll
    MbedTLS Being precompiled by another process (pid: 1785863, pidfile: /scratch/anditse/julia_depot/compiled/v1.12/MbedTLS/bf9T0_UKt66.ji.pidfile)
   1671.4 ms  ✓ MuladdMacro
   1699.0 ms  ✓ MuladdMacro
   1604.5 ms  ✓ XZ_jll
   1612.6 ms  ✓ XZ_jll
   1619.2 ms  ✓ XZ_jll
   1075.4 ms  ✓ XML2_jll
   1576.2 ms  ✓ MPItrampoline_jll
    430.2 ms  ✓ XML2_jll
    446.0 ms  ✓ XML2_jll
   1131.2 ms  ✓ Blosc_jll
    403.1 ms  ✓ Blosc_jll
    Blosc Being precompiled by another process (pid: 1785864, pidfile: /scratch/anditse/julia_depot/compiled/v1.12/Blosc/UZMg8_UKt66.ji.pidfile)
    422.7 ms  ✓ Blosc_jll
    Blosc Being precompiled by another process (pid: 1785864, pidfile: /scratch/anditse/julia_depot/compiled/v1.12/Blosc/UZMg8_UKt66.ji.pidfile)
    575.2 ms  ✓ ReactantCore
   1605.2 ms  ✓ MPItrampoline_jll
    490.7 ms  ✓ XML2_jll
    446.5 ms  ✓ Blosc_jll
    Blosc Being precompiled by another process (pid: 1785864, pidfile: /scratch/anditse/julia_depot/compiled/v1.12/Blosc/UZMg8_UKt66.ji.pidfile)
    575.2 ms  ✓ ReactantCore
    581.6 ms  ✓ ReactantCore
    579.9 ms  ✓ ReactantCore
    689.9 ms  ✓ MPItrampoline_jll
    758.7 ms  ✓ MPItrampoline_jll
   1958.2 ms  ✓ OpenMPI_jll
   1908.4 ms  ✓ DataStructures
   2313.8 ms  ✓ CUDA_Driver_jll
   1914.1 ms  ✓ DataStructures
    892.5 ms  ✓ NVTX
   1918.4 ms  ✓ DataStructures
   1894.8 ms  ✓ DataStructures
   1011.6 ms  ✓ OpenMPI_jll
    909.9 ms  ✓ NVTX
    910.6 ms  ✓ NVTX
   2031.9 ms  ✓ OpenMPI_jll
    962.8 ms  ✓ NVTX
   1107.9 ms  ✓ OpenMPI_jll
    506.7 ms  ✓ Blosc
    498.0 ms  ✓ Blosc
   2045.1 ms  ✓ Tables
    474.8 ms  ✓ Blosc
   2052.3 ms  ✓ Tables
   2057.1 ms  ✓ Tables
    518.7 ms  ✓ Blosc
   2040.2 ms  ✓ Tables
   1625.3 ms  ✓ MbedTLS
    891.9 ms  ✓ MbedTLS
    906.2 ms  ✓ MbedTLS
    899.7 ms  ✓ MbedTLS
   3236.6 ms  ✓ FileIO
   3276.0 ms  ✓ FileIO
   3284.2 ms  ✓ FileIO
   3012.1 ms  ✓ FileIO
   3696.1 ms  ✓ OpenSSL
   3692.6 ms  ✓ OpenSSL
   3709.7 ms  ✓ OpenSSL
    CUDA_Driver_jll Being precompiled by another machine (hostname: rg32301, pid: 1785863, pidfile: /scratch/anditse/julia_depot/compiled/v1.12/CUDA_Driver_jll/QJyk7_UKt66.ji.pidfile)
    UnsafeAtomics Being precompiled by another process (pid: 2179970, pidfile: /scratch/anditse/julia_depot/compiled/v1.12/UnsafeAtomics/OuhNJ_UKt66.ji.pidfile)
    UnsafeAtomics Being precompiled by another process (pid: 2179970, pidfile: /scratch/anditse/julia_depot/compiled/v1.12/UnsafeAtomics/OuhNJ_UKt66.ji.pidfile)
    UnsafeAtomics Being precompiled by another process (pid: 2179970, pidfile: /scratch/anditse/julia_depot/compiled/v1.12/UnsafeAtomics/OuhNJ_UKt66.ji.pidfile)
    MacroTools Being precompiled by another process (pid: 2179970, pidfile: /scratch/anditse/julia_depot/compiled/v1.12/MacroTools/38lnR_UKt66.ji.pidfile)
    MacroTools Being precompiled by another process (pid: 2179970, pidfile: /scratch/anditse/julia_depot/compiled/v1.12/MacroTools/38lnR_UKt66.ji.pidfile)
    MacroTools Being precompiled by another process (pid: 2179970, pidfile: /scratch/anditse/julia_depot/compiled/v1.12/MacroTools/38lnR_UKt66.ji.pidfile)
    dlfcn_win32_jll Being precompiled by another machine (hostname: rg32301, pid: 1785863, pidfile: /scratch/anditse/julia_depot/compiled/v1.12/dlfcn_win32_jll/7OYhW_UKt66.ji.pidfile)
    OrderedCollections Being precompiled by another process (pid: 2179970, pidfile: /scratch/anditse/julia_depot/compiled/v1.12/OrderedCollections/LtT3J_UKt66.ji.pidfile)
    OrderedCollections Being precompiled by another process (pid: 2179970, pidfile: /scratch/anditse/julia_depot/compiled/v1.12/OrderedCollections/LtT3J_UKt66.ji.pidfile)
    OrderedCollections Being precompiled by another process (pid: 2179970, pidfile: /scratch/anditse/julia_depot/compiled/v1.12/OrderedCollections/LtT3J_UKt66.ji.pidfile)
    aws_c_common_jll Being precompiled by another machine (hostname: rg32301, pid: 1785862, pidfile: /scratch/anditse/julia_depot/compiled/v1.12/aws_c_common_jll/ECOsy_UKt66.ji.pidfile)
    Distances Being precompiled by another process (pid: 2179970, pidfile: /scratch/anditse/julia_depot/compiled/v1.12/Distances/yuMjt_UKt66.ji.pidfile)
    Distances Being precompiled by another process (pid: 2179970, pidfile: /scratch/anditse/julia_depot/compiled/v1.12/Distances/yuMjt_UKt66.ji.pidfile)
    Distances Being precompiled by another process (pid: 2179970, pidfile: /scratch/anditse/julia_depot/compiled/v1.12/Distances/yuMjt_UKt66.ji.pidfile)
    Bzip2_jll Being precompiled by another machine (hostname: rg32301, pid: 1785865, pidfile: /scratch/anditse/julia_depot/compiled/v1.12/Bzip2_jll/biC9V_UKt66.ji.pidfile)
    Xorg_libpciaccess_jll Being precompiled by another machine (hostname: rg32301, pid: 1785862, pidfile: /scratch/anditse/julia_depot/compiled/v1.12/Xorg_libpciaccess_jll/Y7Kz1_UKt66.ji.pidfile)
    s2n_tls_jll Being precompiled by another machine (hostname: rg32301, pid: 1785863, pidfile: /scratch/anditse/julia_depot/compiled/v1.12/s2n_tls_jll/D3A3Y_UKt66.ji.pidfile)
    Krylov Being precompiled by another machine (hostname: rg32201, pid: 3601800, pidfile: /scratch/anditse/julia_depot/compiled/v1.12/Krylov/0fcC3_UKt66.ji.pidfile)
    TaylorSeries Being precompiled by another machine (hostname: rg32301, pid: 1785865, pidfile: /scratch/anditse/julia_depot/compiled/v1.12/TaylorSeries/VXblr_UKt66.ji.pidfile)
    MicrosoftMPI_jll Being precompiled by another machine (hostname: rg32301, pid: 1785863, pidfile: /scratch/anditse/julia_depot/compiled/v1.12/MicrosoftMPI_jll/seL8u_UKt66.ji.pidfile)
    StaticArrays Being precompiled by another machine (hostname: rg32301, pid: 1785862, pidfile: /scratch/anditse/julia_depot/compiled/v1.12/StaticArrays/yY9vm_UKt66.ji.pidfile)
    StringManipulation Being precompiled by another machine (hostname: rg32301, pid: 1785862, pidfile: /scratch/anditse/julia_depot/compiled/v1.12/StringManipulation/4nJQd_UKt66.ji.pidfile)
    ZipArchives Being precompiled by another machine (hostname: rg32201, pid: 3601799, pidfile: /scratch/anditse/julia_depot/compiled/v1.12/ZipArchives/SGwzF_UKt66.ji.pidfile)
    Parsers Being precompiled by another machine (hostname: rg32301, pid: 1785865, pidfile: /scratch/anditse/julia_depot/compiled/v1.12/Parsers/833b9_UKt66.ji.pidfile)
    IntelOpenMP_jll Being precompiled by another machine (hostname: rg32301, pid: 1785862, pidfile: /scratch/anditse/julia_depot/compiled/v1.12/IntelOpenMP_jll/3Hg0P_UKt66.ji.pidfile)
    oneTBB_jll Being precompiled by another machine (hostname: rg32301, pid: 1785864, pidfile: /scratch/anditse/julia_depot/compiled/v1.12/oneTBB_jll/S2snd_UKt66.ji.pidfile)
    LLVMExtra_jll Being precompiled by another machine (hostname: rg32301, pid: 1785864, pidfile: /scratch/anditse/julia_depot/compiled/v1.12/LLVMExtra_jll/R9OeX_UKt66.ji.pidfile)
   4327.1 ms  ✓ TaylorSeries
   4338.2 ms  ✓ TaylorSeries
    CUDA_Driver_jll Being precompiled by another machine (hostname: rg32301, pid: 1785863, pidfile: /scratch/anditse/julia_depot/compiled/v1.12/CUDA_Driver_jll/QJyk7_UKt66.ji.pidfile)
    dlfcn_win32_jll Being precompiled by another machine (hostname: rg32301, pid: 1785863, pidfile: /scratch/anditse/julia_depot/compiled/v1.12/dlfcn_win32_jll/7OYhW_UKt66.ji.pidfile)
    CUDA_Driver_jll Being precompiled by another machine (hostname: rg32301, pid: 1785863, pidfile: /scratch/anditse/julia_depot/compiled/v1.12/CUDA_Driver_jll/QJyk7_UKt66.ji.pidfile)
    aws_c_common_jll Being precompiled by another machine (hostname: rg32301, pid: 1785862, pidfile: /scratch/anditse/julia_depot/compiled/v1.12/aws_c_common_jll/ECOsy_UKt66.ji.pidfile)
    Bzip2_jll Being precompiled by another machine (hostname: rg32301, pid: 1785865, pidfile: /scratch/anditse/julia_depot/compiled/v1.12/Bzip2_jll/biC9V_UKt66.ji.pidfile)
    dlfcn_win32_jll Being precompiled by another machine (hostname: rg32301, pid: 1785863, pidfile: /scratch/anditse/julia_depot/compiled/v1.12/dlfcn_win32_jll/7OYhW_UKt66.ji.pidfile)
    Xorg_libpciaccess_jll Being precompiled by another machine (hostname: rg32301, pid: 1785862, pidfile: /scratch/anditse/julia_depot/compiled/v1.12/Xorg_libpciaccess_jll/Y7Kz1_UKt66.ji.pidfile)
    aws_c_common_jll Being precompiled by another machine (hostname: rg32301, pid: 1785862, pidfile: /scratch/anditse/julia_depot/compiled/v1.12/aws_c_common_jll/ECOsy_UKt66.ji.pidfile)
    s2n_tls_jll Being precompiled by another machine (hostname: rg32301, pid: 1785863, pidfile: /scratch/anditse/julia_depot/compiled/v1.12/s2n_tls_jll/D3A3Y_UKt66.ji.pidfile)
    Bzip2_jll Being precompiled by another machine (hostname: rg32301, pid: 1785865, pidfile: /scratch/anditse/julia_depot/compiled/v1.12/Bzip2_jll/biC9V_UKt66.ji.pidfile)
    Xorg_libpciaccess_jll Being precompiled by another machine (hostname: rg32301, pid: 1785862, pidfile: /scratch/anditse/julia_depot/compiled/v1.12/Xorg_libpciaccess_jll/Y7Kz1_UKt66.ji.pidfile)
    s2n_tls_jll Being precompiled by another machine (hostname: rg32301, pid: 1785863, pidfile: /scratch/anditse/julia_depot/compiled/v1.12/s2n_tls_jll/D3A3Y_UKt66.ji.pidfile)
    ArgParse Being precompiled by another process (pid: 2179970, pidfile: /scratch/anditse/julia_depot/compiled/v1.12/ArgParse/apuSZ_UKt66.ji.pidfile)
    ArgParse Being precompiled by another process (pid: 2179970, pidfile: /scratch/anditse/julia_depot/compiled/v1.12/ArgParse/apuSZ_UKt66.ji.pidfile)
    StaticArrays Being precompiled by another machine (hostname: rg32301, pid: 1785862, pidfile: /scratch/anditse/julia_depot/compiled/v1.12/StaticArrays/yY9vm_UKt66.ji.pidfile)
    StaticArrays Being precompiled by another machine (hostname: rg32301, pid: 1785862, pidfile: /scratch/anditse/julia_depot/compiled/v1.12/StaticArrays/yY9vm_UKt66.ji.pidfile)
    ZipArchives Being precompiled by another machine (hostname: rg32201, pid: 3601799, pidfile: /scratch/anditse/julia_depot/compiled/v1.12/ZipArchives/SGwzF_UKt66.ji.pidfile)
    ZipArchives Being precompiled by another machine (hostname: rg32201, pid: 3601799, pidfile: /scratch/anditse/julia_depot/compiled/v1.12/ZipArchives/SGwzF_UKt66.ji.pidfile)
    Tracy Being precompiled by another process (pid: 2179970, pidfile: /scratch/anditse/julia_depot/compiled/v1.12/Tracy/QvZG9_UKt66.ji.pidfile)
    Tracy Being precompiled by another process (pid: 2179970, pidfile: /scratch/anditse/julia_depot/compiled/v1.12/Tracy/QvZG9_UKt66.ji.pidfile)
    IntelOpenMP_jll Being precompiled by another machine (hostname: rg32301, pid: 1785862, pidfile: /scratch/anditse/julia_depot/compiled/v1.12/IntelOpenMP_jll/3Hg0P_UKt66.ji.pidfile)
    IntelOpenMP_jll Being precompiled by another machine (hostname: rg32301, pid: 1785862, pidfile: /scratch/anditse/julia_depot/compiled/v1.12/IntelOpenMP_jll/3Hg0P_UKt66.ji.pidfile)
    DiskArrays Being precompiled by another process (pid: 2179970, pidfile: /scratch/anditse/julia_depot/compiled/v1.12/DiskArrays/f9Xsd_UKt66.ji.pidfile)
    DiskArrays Being precompiled by another process (pid: 2179970, pidfile: /scratch/anditse/julia_depot/compiled/v1.12/DiskArrays/f9Xsd_UKt66.ji.pidfile)
   4346.7 ms  ✓ TaylorSeries
    Crayons Being precompiled by another process (pid: 2179970, pidfile: /scratch/anditse/julia_depot/compiled/v1.12/Crayons/TXPcU_UKt66.ji.pidfile)
    Crayons Being precompiled by another process (pid: 2179970, pidfile: /scratch/anditse/julia_depot/compiled/v1.12/Crayons/TXPcU_UKt66.ji.pidfile)
    OpenSSL Being precompiled by another process (pid: 2179970, pidfile: /scratch/anditse/julia_depot/compiled/v1.12/OpenSSL/B4VRP_UKt66.ji.pidfile)
    OpenSSL Being precompiled by another process (pid: 2179970, pidfile: /scratch/anditse/julia_depot/compiled/v1.12/OpenSSL/B4VRP_UKt66.ji.pidfile)
    MicrosoftMPI_jll Being precompiled by another machine (hostname: rg32301, pid: 1785863, pidfile: /scratch/anditse/julia_depot/compiled/v1.12/MicrosoftMPI_jll/seL8u_UKt66.ji.pidfile)
    MicrosoftMPI_jll Being precompiled by another machine (hostname: rg32301, pid: 1785863, pidfile: /scratch/anditse/julia_depot/compiled/v1.12/MicrosoftMPI_jll/seL8u_UKt66.ji.pidfile)
    Parsers Being precompiled by another machine (hostname: rg32301, pid: 1785865, pidfile: /scratch/anditse/julia_depot/compiled/v1.12/Parsers/833b9_UKt66.ji.pidfile)
    Parsers Being precompiled by another machine (hostname: rg32301, pid: 1785865, pidfile: /scratch/anditse/julia_depot/compiled/v1.12/Parsers/833b9_UKt66.ji.pidfile)
    Krylov Being precompiled by another machine (hostname: rg32201, pid: 3601800, pidfile: /scratch/anditse/julia_depot/compiled/v1.12/Krylov/0fcC3_UKt66.ji.pidfile)
    Krylov Being precompiled by another machine (hostname: rg32201, pid: 3601800, pidfile: /scratch/anditse/julia_depot/compiled/v1.12/Krylov/0fcC3_UKt66.ji.pidfile)
    oneTBB_jll Being precompiled by another machine (hostname: rg32301, pid: 1785864, pidfile: /scratch/anditse/julia_depot/compiled/v1.12/oneTBB_jll/S2snd_UKt66.ji.pidfile)
    oneTBB_jll Being precompiled by another machine (hostname: rg32301, pid: 1785864, pidfile: /scratch/anditse/julia_depot/compiled/v1.12/oneTBB_jll/S2snd_UKt66.ji.pidfile)
    StringManipulation Being precompiled by another machine (hostname: rg32301, pid: 1785862, pidfile: /scratch/anditse/julia_depot/compiled/v1.12/StringManipulation/4nJQd_UKt66.ji.pidfile)
    StringManipulation Being precompiled by another machine (hostname: rg32301, pid: 1785862, pidfile: /scratch/anditse/julia_depot/compiled/v1.12/StringManipulation/4nJQd_UKt66.ji.pidfile)
    TaylorSeries Being precompiled by another machine (hostname: rg32301, pid: 1785863, pidfile: /scratch/anditse/julia_depot/compiled/v1.12/TaylorSeries/VXblr_UKt66.ji.pidfile)
    TaylorSeries Being precompiled by another machine (hostname: rg32301, pid: 1785863, pidfile: /scratch/anditse/julia_depot/compiled/v1.12/TaylorSeries/VXblr_UKt66.ji.pidfile)
    ChunkCodecLibZstd Being precompiled by another process (pid: 2179970, pidfile: /scratch/anditse/julia_depot/compiled/v1.12/ChunkCodecLibZstd/j9Tqa_UKt66.ji.pidfile)
    ChunkCodecLibZstd Being precompiled by another process (pid: 2179970, pidfile: /scratch/anditse/julia_depot/compiled/v1.12/ChunkCodecLibZstd/j9Tqa_UKt66.ji.pidfile)
    LLVMExtra_jll Being precompiled by another machine (hostname: rg32301, pid: 1785864, pidfile: /scratch/anditse/julia_depot/compiled/v1.12/LLVMExtra_jll/R9OeX_UKt66.ji.pidfile)
    LLVMExtra_jll Being precompiled by another machine (hostname: rg32301, pid: 1785864, pidfile: /scratch/anditse/julia_depot/compiled/v1.12/LLVMExtra_jll/R9OeX_UKt66.ji.pidfile)
   4368.3 ms  ✓ TaylorSeries
    CUDA_Driver_jll Being precompiled by another machine (hostname: rg32301, pid: 1785863, pidfile: /scratch/anditse/julia_depot/compiled/v1.12/CUDA_Driver_jll/QJyk7_UKt66.ji.pidfile)
    dlfcn_win32_jll Being precompiled by another machine (hostname: rg32301, pid: 1785863, pidfile: /scratch/anditse/julia_depot/compiled/v1.12/dlfcn_win32_jll/7OYhW_UKt66.ji.pidfile)
    aws_c_common_jll Being precompiled by another machine (hostname: rg32301, pid: 1785862, pidfile: /scratch/anditse/julia_depot/compiled/v1.12/aws_c_common_jll/ECOsy_UKt66.ji.pidfile)
    Bzip2_jll Being precompiled by another machine (hostname: rg32301, pid: 1785865, pidfile: /scratch/anditse/julia_depot/compiled/v1.12/Bzip2_jll/biC9V_UKt66.ji.pidfile)
    Xorg_libpciaccess_jll Being precompiled by another machine (hostname: rg32301, pid: 1785862, pidfile: /scratch/anditse/julia_depot/compiled/v1.12/Xorg_libpciaccess_jll/Y7Kz1_UKt66.ji.pidfile)
    s2n_tls_jll Being precompiled by another machine (hostname: rg32301, pid: 1785863, pidfile: /scratch/anditse/julia_depot/compiled/v1.12/s2n_tls_jll/D3A3Y_UKt66.ji.pidfile)
    ArgParse Being precompiled by another process (pid: 2179970, pidfile: /scratch/anditse/julia_depot/compiled/v1.12/ArgParse/apuSZ_UKt66.ji.pidfile)
    StaticArrays Being precompiled by another machine (hostname: rg32301, pid: 1785862, pidfile: /scratch/anditse/julia_depot/compiled/v1.12/StaticArrays/yY9vm_UKt66.ji.pidfile)
    ZipArchives Being precompiled by another machine (hostname: rg32201, pid: 3601799, pidfile: /scratch/anditse/julia_depot/compiled/v1.12/ZipArchives/SGwzF_UKt66.ji.pidfile)
    Tracy Being precompiled by another process (pid: 2179970, pidfile: /scratch/anditse/julia_depot/compiled/v1.12/Tracy/QvZG9_UKt66.ji.pidfile)
    IntelOpenMP_jll Being precompiled by another machine (hostname: rg32301, pid: 1785862, pidfile: /scratch/anditse/julia_depot/compiled/v1.12/IntelOpenMP_jll/3Hg0P_UKt66.ji.pidfile)
    DiskArrays Being precompiled by another process (pid: 2179970, pidfile: /scratch/anditse/julia_depot/compiled/v1.12/DiskArrays/f9Xsd_UKt66.ji.pidfile)
    Crayons Being precompiled by another process (pid: 2179970, pidfile: /scratch/anditse/julia_depot/compiled/v1.12/Crayons/TXPcU_UKt66.ji.pidfile)
    OpenSSL Being precompiled by another process (pid: 2179970, pidfile: /scratch/anditse/julia_depot/compiled/v1.12/OpenSSL/B4VRP_UKt66.ji.pidfile)
    MicrosoftMPI_jll Being precompiled by another machine (hostname: rg32301, pid: 1785863, pidfile: /scratch/anditse/julia_depot/compiled/v1.12/MicrosoftMPI_jll/seL8u_UKt66.ji.pidfile)
    Parsers Being precompiled by another machine (hostname: rg32301, pid: 1785865, pidfile: /scratch/anditse/julia_depot/compiled/v1.12/Parsers/833b9_UKt66.ji.pidfile)
    Krylov Being precompiled by another machine (hostname: rg32201, pid: 3601800, pidfile: /scratch/anditse/julia_depot/compiled/v1.12/Krylov/0fcC3_UKt66.ji.pidfile)
    oneTBB_jll Being precompiled by another machine (hostname: rg32301, pid: 1785864, pidfile: /scratch/anditse/julia_depot/compiled/v1.12/oneTBB_jll/S2snd_UKt66.ji.pidfile)
    StringManipulation Being precompiled by another machine (hostname: rg32301, pid: 1785862, pidfile: /scratch/anditse/julia_depot/compiled/v1.12/StringManipulation/4nJQd_UKt66.ji.pidfile)
    LLVMExtra_jll Being precompiled by another machine (hostname: rg32301, pid: 1785864, pidfile: /scratch/anditse/julia_depot/compiled/v1.12/LLVMExtra_jll/R9OeX_UKt66.ji.pidfile)
    ChunkCodecLibZstd Being precompiled by another process (pid: 2179970, pidfile: /scratch/anditse/julia_depot/compiled/v1.12/ChunkCodecLibZstd/j9Tqa_UKt66.ji.pidfile)
    615.9 ms  ✓ ChunkCodecLibZstd
    535.7 ms  ✓ ChunkCodecLibZstd
    485.0 ms  ✓ ChunkCodecLibZstd
    549.4 ms  ✓ ChunkCodecLibZstd
    886.8 ms  ✓ Tracy
    906.6 ms  ✓ ArgParse
    776.5 ms  ✓ Tracy
    800.8 ms  ✓ ArgParse
    784.4 ms  ✓ ArgParse
    807.3 ms  ✓ Tracy
    812.5 ms  ✓ ArgParse
    815.0 ms  ✓ Tracy
   1657.5 ms  ✓ OrderedCollections
   1262.6 ms  ✓ OrderedCollections
   1265.2 ms  ✓ OrderedCollections
   1267.5 ms  ✓ OrderedCollections
    DataStructures Being precompiled by another process (pid: 2179971, pidfile: /scratch/anditse/julia_depot/compiled/v1.12/DataStructures/xKiwJ_UKt66.ji.pidfile)
    DataStructures Being precompiled by another process (pid: 2179971, pidfile: /scratch/anditse/julia_depot/compiled/v1.12/DataStructures/xKiwJ_UKt66.ji.pidfile)
    Tables Being precompiled by another process (pid: 2179971, pidfile: /scratch/anditse/julia_depot/compiled/v1.12/Tables/Z804B_UKt66.ji.pidfile)
    Tables Being precompiled by another process (pid: 2179971, pidfile: /scratch/anditse/julia_depot/compiled/v1.12/Tables/Z804B_UKt66.ji.pidfile)
    DataStructures Being precompiled by another process (pid: 2179971, pidfile: /scratch/anditse/julia_depot/compiled/v1.12/DataStructures/xKiwJ_UKt66.ji.pidfile)
   1349.6 ms  ✓ DiskArrays
    Tables Being precompiled by another process (pid: 2179971, pidfile: /scratch/anditse/julia_depot/compiled/v1.12/Tables/Z804B_UKt66.ji.pidfile)
   1212.1 ms  ✓ DiskArrays
   1764.9 ms  ✓ Distances
   1238.8 ms  ✓ DiskArrays
   1379.5 ms  ✓ Distances
   1375.1 ms  ✓ Distances
    Distances → DistancesSparseArraysExt Being precompiled by another process (pid: 2179970, pidfile: /scratch/anditse/julia_depot/compiled/v1.12/DistancesSparseArraysExt/2KLYQ_UKt66.ji.pidfile)
   1250.0 ms  ✓ DiskArrays
    Distances → DistancesSparseArraysExt Being precompiled by another process (pid: 2179970, pidfile: /scratch/anditse/julia_depot/compiled/v1.12/DistancesSparseArraysExt/2KLYQ_UKt66.ji.pidfile)
   1383.0 ms  ✓ Distances
    Distances → DistancesSparseArraysExt Being precompiled by another process (pid: 2179970, pidfile: /scratch/anditse/julia_depot/compiled/v1.12/DistancesSparseArraysExt/2KLYQ_UKt66.ji.pidfile)
   4428.4 ms  ✓ CUDA_Driver_jll
    CUDA_Runtime_jll Being precompiled by another process (pid: 1785864, pidfile: /scratch/anditse/julia_depot/compiled/v1.12/CUDA_Runtime_jll/Hs50y_UKt66.ji.pidfile)
   4441.1 ms  ✓ CUDA_Driver_jll
    CUDA_Runtime_jll Being precompiled by another process (pid: 1785864, pidfile: /scratch/anditse/julia_depot/compiled/v1.12/CUDA_Runtime_jll/Hs50y_UKt66.ji.pidfile)
   4452.5 ms  ✓ CUDA_Driver_jll
    CUDA_Runtime_jll Being precompiled by another process (pid: 1785864, pidfile: /scratch/anditse/julia_depot/compiled/v1.12/CUDA_Runtime_jll/Hs50y_UKt66.ji.pidfile)
   2173.1 ms  ✓ UnsafeAtomics
   2177.0 ms  ✓ UnsafeAtomics
   2177.1 ms  ✓ UnsafeAtomics
    Atomix Being precompiled by another process (pid: 2179970, pidfile: /scratch/anditse/julia_depot/compiled/v1.12/Atomix/3LdQ4_UKt66.ji.pidfile)
    Atomix Being precompiled by another process (pid: 2179970, pidfile: /scratch/anditse/julia_depot/compiled/v1.12/Atomix/3LdQ4_UKt66.ji.pidfile)
   2180.3 ms  ✓ UnsafeAtomics
    Atomix Being precompiled by another process (pid: 2179970, pidfile: /scratch/anditse/julia_depot/compiled/v1.12/Atomix/3LdQ4_UKt66.ji.pidfile)
   1860.4 ms  ✓ OpenSSL
   1730.4 ms  ✓ OpenSSL
    HTTP Being precompiled by another process (pid: 2179970, pidfile: /scratch/anditse/julia_depot/compiled/v1.12/HTTP/zXWya_UKt66.ji.pidfile)
   1757.2 ms  ✓ OpenSSL
    HTTP Being precompiled by another process (pid: 2179970, pidfile: /scratch/anditse/julia_depot/compiled/v1.12/HTTP/zXWya_UKt66.ji.pidfile)
   1763.1 ms  ✓ OpenSSL
    HTTP Being precompiled by another process (pid: 2179970, pidfile: /scratch/anditse/julia_depot/compiled/v1.12/HTTP/zXWya_UKt66.ji.pidfile)
   3905.0 ms  ✓ ZipArchives
   1936.4 ms  ✓ Crayons
    573.3 ms  ✓ Distances → DistancesSparseArraysExt
   1818.8 ms  ✓ Crayons
   1821.5 ms  ✓ Crayons
    574.9 ms  ✓ Distances → DistancesSparseArraysExt
   1806.7 ms  ✓ Crayons
    578.9 ms  ✓ Distances → DistancesSparseArraysExt
    588.3 ms  ✓ Distances → DistancesSparseArraysExt
    505.1 ms  ✓ Atomix
    506.8 ms  ✓ Atomix
    513.2 ms  ✓ Atomix
    516.4 ms  ✓ Atomix
   2913.0 ms  ✓ MacroTools
   2511.2 ms  ✓ MacroTools
   2514.0 ms  ✓ MacroTools
   2516.7 ms  ✓ MacroTools
   6791.2 ms  ✓ Krylov
   6781.6 ms  ✓ Krylov
   6795.6 ms  ✓ Krylov
   6268.0 ms  ✓ Krylov
    ReactantCore Being precompiled by another process (pid: 2179969, pidfile: /scratch/anditse/julia_depot/compiled/v1.12/ReactantCore/unB5Q_UKt66.ji.pidfile)
    ReactantCore Being precompiled by another process (pid: 2179969, pidfile: /scratch/anditse/julia_depot/compiled/v1.12/ReactantCore/unB5Q_UKt66.ji.pidfile)
    ReactantCore Being precompiled by another process (pid: 2179969, pidfile: /scratch/anditse/julia_depot/compiled/v1.12/ReactantCore/unB5Q_UKt66.ji.pidfile)
    JLD2 Being precompiled by another process (pid: 2179970, pidfile: /scratch/anditse/julia_depot/compiled/v1.12/JLD2/O1EyT_UKt66.ji.pidfile)
    JLD2 Being precompiled by another process (pid: 2179970, pidfile: /scratch/anditse/julia_depot/compiled/v1.12/JLD2/O1EyT_UKt66.ji.pidfile)
    JLD2 Being precompiled by another process (pid: 2179970, pidfile: /scratch/anditse/julia_depot/compiled/v1.12/JLD2/O1EyT_UKt66.ji.pidfile)
   1659.5 ms  ✓ DataStructures
   1668.8 ms  ✓ DataStructures
    CommonDataModel Being precompiled by another process (pid: 2179971, pidfile: /scratch/anditse/julia_depot/compiled/v1.12/CommonDataModel/wdn7g_UKt66.ji.pidfile)
   1675.2 ms  ✓ DataStructures
    CommonDataModel Being precompiled by another process (pid: 2179971, pidfile: /scratch/anditse/julia_depot/compiled/v1.12/CommonDataModel/wdn7g_UKt66.ji.pidfile)
   1681.6 ms  ✓ DataStructures
    CommonDataModel Being precompiled by another process (pid: 2179971, pidfile: /scratch/anditse/julia_depot/compiled/v1.12/CommonDataModel/wdn7g_UKt66.ji.pidfile)
    625.0 ms  ✓ ReactantCore
    630.6 ms  ✓ ReactantCore
    635.7 ms  ✓ ReactantCore
    646.4 ms  ✓ ReactantCore
   2002.7 ms  ✓ Tables
   2009.7 ms  ✓ Tables
    StructArrays Being precompiled by another process (pid: 2179971, pidfile: /scratch/anditse/julia_depot/compiled/v1.12/StructArrays/jRMFC_UKt66.ji.pidfile)
    StructUtils → StructUtilsTablesExt Being precompiled by another process (pid: 2179971, pidfile: /scratch/anditse/julia_depot/compiled/v1.12/StructUtilsTablesExt/SRnPs_UKt66.ji.pidfile)
   1996.2 ms  ✓ Tables
    StructArrays Being precompiled by another process (pid: 2179971, pidfile: /scratch/anditse/julia_depot/compiled/v1.12/StructArrays/jRMFC_UKt66.ji.pidfile)
    StructUtils → StructUtilsTablesExt Being precompiled by another process (pid: 2179971, pidfile: /scratch/anditse/julia_depot/compiled/v1.12/StructUtilsTablesExt/SRnPs_UKt66.ji.pidfile)
   2017.4 ms  ✓ Tables
    StructArrays Being precompiled by another process (pid: 2179971, pidfile: /scratch/anditse/julia_depot/compiled/v1.12/StructArrays/jRMFC_UKt66.ji.pidfile)
    StructUtils → StructUtilsTablesExt Being precompiled by another process (pid: 2179971, pidfile: /scratch/anditse/julia_depot/compiled/v1.12/StructUtilsTablesExt/SRnPs_UKt66.ji.pidfile)
