The following modules were not unloaded:
  (Use "module --force purge" to unload all):

  1) CCconfig        6)  ucx/1.14.1         11) flexiblas/3.3.1
  2) gentoo/2023     7)  libfabric/1.18.0   12) imkl/2023.2.0
  3) gcccore/.12.3   8)  pmix/4.2.4         13) StdEnv/2023
  4) gcc/12.3        9)  ucc/1.2.0
  5) hwloc/2.9.1     10) openmpi/4.1.5
Oceananigans-DRAC environment (Nibi): repo=/home/anditse/Oceananigans-DRAC, depot=/scratch/anditse/julia_depot
rank 987 on c312.nibi.sharcnet: 1 pinned threads; allocated CPUs 27
rank 40 on c258.nibi.sharcnet: 1 pinned threads; allocated CPUs 40
rank 1000 on c312.nibi.sharcnet: 1 pinned threads; allocated CPUs 40
rank 54 on c258.nibi.sharcnet: 1 pinned threads; allocated CPUs 54
rank 1192 on c313.nibi.sharcnet: 1 pinned threads; allocated CPUs 40
rank 432 on c288.nibi.sharcnet: 1 pinned threads; allocated CPUs 48
rank 1012 on c312.nibi.sharcnet: 1 pinned threads; allocated CPUs 52
rank 832 on c311.nibi.sharcnet: 1 pinned threads; allocated CPUs 64
rank 197 on c272.nibi.sharcnet: 1 pinned threads; allocated CPUs 5
rank 584 on c289.nibi.sharcnet: 1 pinned threads; allocated CPUs 8
rank 1346 on c314.nibi.sharcnet: 1 pinned threads; allocated CPUs 2
rank 39 on c258.nibi.sharcnet: 1 pinned threads; allocated CPUs 39
rank 1193 on c313.nibi.sharcnet: 1 pinned threads; allocated CPUs 41
rank 433 on c288.nibi.sharcnet: 1 pinned threads; allocated CPUs 49
rank 1046 on c312.nibi.sharcnet: 1 pinned threads; allocated CPUs 86
rank 837 on c311.nibi.sharcnet: 1 pinned threads; allocated CPUs 69
rank 200 on c272.nibi.sharcnet: 1 pinned threads; allocated CPUs 8
rank 595 on c289.nibi.sharcnet: 1 pinned threads; allocated CPUs 19
rank 1349 on c314.nibi.sharcnet: 1 pinned threads; allocated CPUs 5
rank 47 on c258.nibi.sharcnet: 1 pinned threads; allocated CPUs 47
rank 1195 on c313.nibi.sharcnet: 1 pinned threads; allocated CPUs 43
rank 512 on c288.nibi.sharcnet: 1 pinned threads; allocated CPUs 128
rank 994 on c312.nibi.sharcnet: 1 pinned threads; allocated CPUs 34
rank 840 on c311.nibi.sharcnet: 1 pinned threads; allocated CPUs 72
rank 202 on c272.nibi.sharcnet: 1 pinned threads; allocated CPUs 10
rank 597 on c289.nibi.sharcnet: 1 pinned threads; allocated CPUs 21
rank 1350 on c314.nibi.sharcnet: 1 pinned threads; allocated CPUs 6
rank 56 on c258.nibi.sharcnet: 1 pinned threads; allocated CPUs 56
rank 1198 on c313.nibi.sharcnet: 1 pinned threads; allocated CPUs 46
rank 513 on c288.nibi.sharcnet: 1 pinned threads; allocated CPUs 129
rank 993 on c312.nibi.sharcnet: 1 pinned threads; allocated CPUs 33
rank 842 on c311.nibi.sharcnet: 1 pinned threads; allocated CPUs 74
rank 205 on c272.nibi.sharcnet: 1 pinned threads; allocated CPUs 13
rank 608 on c289.nibi.sharcnet: 1 pinned threads; allocated CPUs 32
rank 1352 on c314.nibi.sharcnet: 1 pinned threads; allocated CPUs 8
rank 145 on c258.nibi.sharcnet: 1 pinned threads; allocated CPUs 145
rank 1207 on c313.nibi.sharcnet: 1 pinned threads; allocated CPUs 55
rank 516 on c288.nibi.sharcnet: 1 pinned threads; allocated CPUs 132
rank 1009 on c312.nibi.sharcnet: 1 pinned threads; allocated CPUs 49
rank 844 on c311.nibi.sharcnet: 1 pinned threads; allocated CPUs 76
rank 206 on c272.nibi.sharcnet: 1 pinned threads; allocated CPUs 14
rank 609 on c289.nibi.sharcnet: 1 pinned threads; allocated CPUs 33
rank 1360 on c314.nibi.sharcnet: 1 pinned threads; allocated CPUs 16
rank 48 on c258.nibi.sharcnet: 1 pinned threads; allocated CPUs 48
rank 1165 on c313.nibi.sharcnet: 1 pinned threads; allocated CPUs 13
rank 517 on c288.nibi.sharcnet: 1 pinned threads; allocated CPUs 133
rank 1010 on c312.nibi.sharcnet: 1 pinned threads; allocated CPUs 50
rank 851 on c311.nibi.sharcnet: 1 pinned threads; allocated CPUs 83
rank 209 on c272.nibi.sharcnet: 1 pinned threads; allocated CPUs 17
rank 611 on c289.nibi.sharcnet: 1 pinned threads; allocated CPUs 35
rank 1369 on c314.nibi.sharcnet: 1 pinned threads; allocated CPUs 25
rank 49 on c258.nibi.sharcnet: 1 pinned threads; allocated CPUs 49
rank 1167 on c313.nibi.sharcnet: 1 pinned threads; allocated CPUs 15
rank 518 on c288.nibi.sharcnet: 1 pinned threads; allocated CPUs 134
rank 1017 on c312.nibi.sharcnet: 1 pinned threads; allocated CPUs 57
rank 854 on c311.nibi.sharcnet: 1 pinned threads; allocated CPUs 86
rank 212 on c272.nibi.sharcnet: 1 pinned threads; allocated CPUs 20
rank 612 on c289.nibi.sharcnet: 1 pinned threads; allocated CPUs 36
rank 1373 on c314.nibi.sharcnet: 1 pinned threads; allocated CPUs 29
rank 136 on c258.nibi.sharcnet: 1 pinned threads; allocated CPUs 136
rank 1184 on c313.nibi.sharcnet: 1 pinned threads; allocated CPUs 32
rank 519 on c288.nibi.sharcnet: 1 pinned threads; allocated CPUs 135
rank 1021 on c312.nibi.sharcnet: 1 pinned threads; allocated CPUs 61
rank 855 on c311.nibi.sharcnet: 1 pinned threads; allocated CPUs 87
rank 217 on c272.nibi.sharcnet: 1 pinned threads; allocated CPUs 25
rank 613 on c289.nibi.sharcnet: 1 pinned threads; allocated CPUs 37
rank 32 on c258.nibi.sharcnet: 1 pinned threads; allocated CPUs 32
rank 1185 on c313.nibi.sharcnet: 1 pinned threads; allocated CPUs 33
rank 520 on c288.nibi.sharcnet: 1 pinned threads; allocated CPUs 136
rank 1020 on c312.nibi.sharcnet: 1 pinned threads; allocated CPUs 60
rank 857 on c311.nibi.sharcnet: 1 pinned threads; allocated CPUs 89
rank 221 on c272.nibi.sharcnet: 1 pinned threads; allocated CPUs 29
rank 616 on c289.nibi.sharcnet: 1 pinned threads; allocated CPUs 40
rank 44 on c258.nibi.sharcnet: 1 pinned threads; allocated CPUs 44
rank 1186 on c313.nibi.sharcnet: 1 pinned threads; allocated CPUs 34
rank 521 on c288.nibi.sharcnet: 1 pinned threads; allocated CPUs 137
rank 997 on c312.nibi.sharcnet: 1 pinned threads; allocated CPUs 37
rank 861 on c311.nibi.sharcnet: 1 pinned threads; allocated CPUs 93
rank 224 on c272.nibi.sharcnet: 1 pinned threads; allocated CPUs 32
rank 617 on c289.nibi.sharcnet: 1 pinned threads; allocated CPUs 41
rank 37 on c258.nibi.sharcnet: 1 pinned threads; allocated CPUs 37
rank 1023 on c312.nibi.sharcnet: 1 pinned threads; allocated CPUs 63
rank 618 on c289.nibi.sharcnet: 1 pinned threads; allocated CPUs 42
rank 1374 on c314.nibi.sharcnet: 1 pinned threads; allocated CPUs 30
rank 150 on c258.nibi.sharcnet: 1 pinned threads; allocated CPUs 150
rank 620 on c289.nibi.sharcnet: 1 pinned threads; allocated CPUs 44
rank 1375 on c314.nibi.sharcnet: 1 pinned threads; allocated CPUs 31
rank 143 on c258.nibi.sharcnet: 1 pinned threads; allocated CPUs 143
rank 33 on c258.nibi.sharcnet: 1 pinned threads; allocated CPUs 33
rank 43 on c258.nibi.sharcnet: 1 pinned threads; allocated CPUs 43
rank 155 on c258.nibi.sharcnet: 1 pinned threads; allocated CPUs 155
rank 53 on c258.nibi.sharcnet: 1 pinned threads; allocated CPUs 53
rank 57 on c258.nibi.sharcnet: 1 pinned threads; allocated CPUs 57
rank 137 on c258.nibi.sharcnet: 1 pinned threads; allocated CPUs 137
rank 50 on c258.nibi.sharcnet: 1 pinned threads; allocated CPUs 50
rank 34 on c258.nibi.sharcnet: 1 pinned threads; allocated CPUs 34
rank 35 on c258.nibi.sharcnet: 1 pinned threads; allocated CPUs 35
rank 81 on c258.nibi.sharcnet: 1 pinned threads; allocated CPUs 81
rank 1376 on c314.nibi.sharcnet: 1 pinned threads; allocated CPUs 32
rank 135 on c258.nibi.sharcnet: 1 pinned threads; allocated CPUs 135
rank 144 on c258.nibi.sharcnet: 1 pinned threads; allocated CPUs 144
rank 138 on c258.nibi.sharcnet: 1 pinned threads; allocated CPUs 138
rank 154 on c258.nibi.sharcnet: 1 pinned threads; allocated CPUs 154
rank 42 on c258.nibi.sharcnet: 1 pinned threads; allocated CPUs 42
rank 120 on c258.nibi.sharcnet: 1 pinned threads; allocated CPUs 120
rank 1187 on c313.nibi.sharcnet: 1 pinned threads; allocated CPUs 35
rank 226 on c272.nibi.sharcnet: 1 pinned threads; allocated CPUs 34
rank 134 on c258.nibi.sharcnet: 1 pinned threads; allocated CPUs 134
rank 1188 on c313.nibi.sharcnet: 1 pinned threads; allocated CPUs 36
rank 227 on c272.nibi.sharcnet: 1 pinned threads; allocated CPUs 35
rank 130 on c258.nibi.sharcnet: 1 pinned threads; allocated CPUs 130
rank 1189 on c313.nibi.sharcnet: 1 pinned threads; allocated CPUs 37
rank 929 on c311.nibi.sharcnet: 1 pinned threads; allocated CPUs 161
rank 228 on c272.nibi.sharcnet: 1 pinned threads; allocated CPUs 36
rank 1377 on c314.nibi.sharcnet: 1 pinned threads; allocated CPUs 33
rank 147 on c258.nibi.sharcnet: 1 pinned threads; allocated CPUs 147
rank 1190 on c313.nibi.sharcnet: 1 pinned threads; allocated CPUs 38
rank 527 on c288.nibi.sharcnet: 1 pinned threads; allocated CPUs 143
rank 1018 on c312.nibi.sharcnet: 1 pinned threads; allocated CPUs 58
rank 936 on c311.nibi.sharcnet: 1 pinned threads; allocated CPUs 168
rank 229 on c272.nibi.sharcnet: 1 pinned threads; allocated CPUs 37
rank 157 on c258.nibi.sharcnet: 1 pinned threads; allocated CPUs 157
rank 1191 on c313.nibi.sharcnet: 1 pinned threads; allocated CPUs 39
rank 533 on c288.nibi.sharcnet: 1 pinned threads; allocated CPUs 149
rank 1019 on c312.nibi.sharcnet: 1 pinned threads; allocated CPUs 59
rank 937 on c311.nibi.sharcnet: 1 pinned threads; allocated CPUs 169
rank 232 on c272.nibi.sharcnet: 1 pinned threads; allocated CPUs 40
rank 621 on c289.nibi.sharcnet: 1 pinned threads; allocated CPUs 45
rank 0 on c258.nibi.sharcnet: 1 pinned threads; allocated CPUs 0
rank 1196 on c313.nibi.sharcnet: 1 pinned threads; allocated CPUs 44
rank 515 on c288.nibi.sharcnet: 1 pinned threads; allocated CPUs 131
rank 1005 on c312.nibi.sharcnet: 1 pinned threads; allocated CPUs 45
rank 938 on c311.nibi.sharcnet: 1 pinned threads; allocated CPUs 170
rank 233 on c272.nibi.sharcnet: 1 pinned threads; allocated CPUs 41
rank 625 on c289.nibi.sharcnet: 1 pinned threads; allocated CPUs 49
rank 141 on c258.nibi.sharcnet: 1 pinned threads; allocated CPUs 141
rank 1199 on c313.nibi.sharcnet: 1 pinned threads; allocated CPUs 47
rank 525 on c288.nibi.sharcnet: 1 pinned threads; allocated CPUs 141
rank 1011 on c312.nibi.sharcnet: 1 pinned threads; allocated CPUs 51
rank 943 on c311.nibi.sharcnet: 1 pinned threads; allocated CPUs 175
rank 236 on c272.nibi.sharcnet: 1 pinned threads; allocated CPUs 44
rank 627 on c289.nibi.sharcnet: 1 pinned threads; allocated CPUs 51
rank 152 on c258.nibi.sharcnet: 1 pinned threads; allocated CPUs 152
rank 1201 on c313.nibi.sharcnet: 1 pinned threads; allocated CPUs 49
rank 530 on c288.nibi.sharcnet: 1 pinned threads; allocated CPUs 146
rank 998 on c312.nibi.sharcnet: 1 pinned threads; allocated CPUs 38
rank 806 on c311.nibi.sharcnet: 1 pinned threads; allocated CPUs 38
rank 242 on c272.nibi.sharcnet: 1 pinned threads; allocated CPUs 50
rank 628 on c289.nibi.sharcnet: 1 pinned threads; allocated CPUs 52
rank 1378 on c314.nibi.sharcnet: 1 pinned threads; allocated CPUs 34
rank 1 on c258.nibi.sharcnet: 1 pinned threads; allocated CPUs 1
rank 1202 on c313.nibi.sharcnet: 1 pinned threads; allocated CPUs 50
rank 510 on c288.nibi.sharcnet: 1 pinned threads; allocated CPUs 126
rank 1006 on c312.nibi.sharcnet: 1 pinned threads; allocated CPUs 46
rank 817 on c311.nibi.sharcnet: 1 pinned threads; allocated CPUs 49
rank 244 on c272.nibi.sharcnet: 1 pinned threads; allocated CPUs 52
rank 629 on c289.nibi.sharcnet: 1 pinned threads; allocated CPUs 53
rank 76 on c258.nibi.sharcnet: 1 pinned threads; allocated CPUs 76
rank 1204 on c313.nibi.sharcnet: 1 pinned threads; allocated CPUs 52
rank 524 on c288.nibi.sharcnet: 1 pinned threads; allocated CPUs 140
rank 1048 on c312.nibi.sharcnet: 1 pinned threads; allocated CPUs 88
rank 833 on c311.nibi.sharcnet: 1 pinned threads; allocated CPUs 65
rank 246 on c272.nibi.sharcnet: 1 pinned threads; allocated CPUs 54
rank 108 on c258.nibi.sharcnet: 1 pinned threads; allocated CPUs 108
rank 1205 on c313.nibi.sharcnet: 1 pinned threads; allocated CPUs 53
rank 531 on c288.nibi.sharcnet: 1 pinned threads; allocated CPUs 147
rank 1114 on c312.nibi.sharcnet: 1 pinned threads; allocated CPUs 154
rank 836 on c311.nibi.sharcnet: 1 pinned threads; allocated CPUs 68
rank 247 on c272.nibi.sharcnet: 1 pinned threads; allocated CPUs 55
rank 630 on c289.nibi.sharcnet: 1 pinned threads; allocated CPUs 54
rank 116 on c258.nibi.sharcnet: 1 pinned threads; allocated CPUs 116
rank 1206 on c313.nibi.sharcnet: 1 pinned threads; allocated CPUs 54
rank 523 on c288.nibi.sharcnet: 1 pinned threads; allocated CPUs 139
rank 1106 on c312.nibi.sharcnet: 1 pinned threads; allocated CPUs 146
rank 845 on c311.nibi.sharcnet: 1 pinned threads; allocated CPUs 77
rank 252 on c272.nibi.sharcnet: 1 pinned threads; allocated CPUs 60
rank 631 on c289.nibi.sharcnet: 1 pinned threads; allocated CPUs 55
rank 128 on c258.nibi.sharcnet: 1 pinned threads; allocated CPUs 128
rank 1209 on c313.nibi.sharcnet: 1 pinned threads; allocated CPUs 57
rank 529 on c288.nibi.sharcnet: 1 pinned threads; allocated CPUs 145
rank 1116 on c312.nibi.sharcnet: 1 pinned threads; allocated CPUs 156
rank 847 on c311.nibi.sharcnet: 1 pinned threads; allocated CPUs 79
rank 254 on c272.nibi.sharcnet: 1 pinned threads; allocated CPUs 62
rank 132 on c258.nibi.sharcnet: 1 pinned threads; allocated CPUs 132
rank 1211 on c313.nibi.sharcnet: 1 pinned threads; allocated CPUs 59
rank 535 on c288.nibi.sharcnet: 1 pinned threads; allocated CPUs 151
rank 1008 on c312.nibi.sharcnet: 1 pinned threads; allocated CPUs 48
rank 853 on c311.nibi.sharcnet: 1 pinned threads; allocated CPUs 85
rank 289 on c272.nibi.sharcnet: 1 pinned threads; allocated CPUs 97
rank 1379 on c314.nibi.sharcnet: 1 pinned threads; allocated CPUs 35
rank 139 on c258.nibi.sharcnet: 1 pinned threads; allocated CPUs 139
rank 1248 on c313.nibi.sharcnet: 1 pinned threads; allocated CPUs 96
rank 538 on c288.nibi.sharcnet: 1 pinned threads; allocated CPUs 154
rank 1118 on c312.nibi.sharcnet: 1 pinned threads; allocated CPUs 158
rank 862 on c311.nibi.sharcnet: 1 pinned threads; allocated CPUs 94
rank 292 on c272.nibi.sharcnet: 1 pinned threads; allocated CPUs 100
rank 181 on c258.nibi.sharcnet: 1 pinned threads; allocated CPUs 181
rank 1260 on c313.nibi.sharcnet: 1 pinned threads; allocated CPUs 108
rank 467 on c288.nibi.sharcnet: 1 pinned threads; allocated CPUs 83
rank 981 on c312.nibi.sharcnet: 1 pinned threads; allocated CPUs 21
rank 916 on c311.nibi.sharcnet: 1 pinned threads; allocated CPUs 148
rank 293 on c272.nibi.sharcnet: 1 pinned threads; allocated CPUs 101
rank 72 on c258.nibi.sharcnet: 1 pinned threads; allocated CPUs 72
rank 1264 on c313.nibi.sharcnet: 1 pinned threads; allocated CPUs 112
rank 482 on c288.nibi.sharcnet: 1 pinned threads; allocated CPUs 98
rank 995 on c312.nibi.sharcnet: 1 pinned threads; allocated CPUs 35
rank 920 on c311.nibi.sharcnet: 1 pinned threads; allocated CPUs 152
rank 298 on c272.nibi.sharcnet: 1 pinned threads; allocated CPUs 106
rank 1380 on c314.nibi.sharcnet: 1 pinned threads; allocated CPUs 36
rank 88 on c258.nibi.sharcnet: 1 pinned threads; allocated CPUs 88
rank 1265 on c313.nibi.sharcnet: 1 pinned threads; allocated CPUs 113
rank 522 on c288.nibi.sharcnet: 1 pinned threads; allocated CPUs 138
rank 999 on c312.nibi.sharcnet: 1 pinned threads; allocated CPUs 39
rank 923 on c311.nibi.sharcnet: 1 pinned threads; allocated CPUs 155
rank 300 on c272.nibi.sharcnet: 1 pinned threads; allocated CPUs 108
rank 633 on c289.nibi.sharcnet: 1 pinned threads; allocated CPUs 57
rank 123 on c258.nibi.sharcnet: 1 pinned threads; allocated CPUs 123
rank 1269 on c313.nibi.sharcnet: 1 pinned threads; allocated CPUs 117
rank 540 on c288.nibi.sharcnet: 1 pinned threads; allocated CPUs 156
rank 1031 on c312.nibi.sharcnet: 1 pinned threads; allocated CPUs 71
rank 930 on c311.nibi.sharcnet: 1 pinned threads; allocated CPUs 162
rank 306 on c272.nibi.sharcnet: 1 pinned threads; allocated CPUs 114
rank 1381 on c314.nibi.sharcnet: 1 pinned threads; allocated CPUs 37
rank 149 on c258.nibi.sharcnet: 1 pinned threads; allocated CPUs 149
rank 1274 on c313.nibi.sharcnet: 1 pinned threads; allocated CPUs 122
rank 553 on c288.nibi.sharcnet: 1 pinned threads; allocated CPUs 169
rank 1032 on c312.nibi.sharcnet: 1 pinned threads; allocated CPUs 72
rank 931 on c311.nibi.sharcnet: 1 pinned threads; allocated CPUs 163
rank 317 on c272.nibi.sharcnet: 1 pinned threads; allocated CPUs 125
rank 634 on c289.nibi.sharcnet: 1 pinned threads; allocated CPUs 58
rank 162 on c258.nibi.sharcnet: 1 pinned threads; allocated CPUs 162
rank 1276 on c313.nibi.sharcnet: 1 pinned threads; allocated CPUs 124
rank 418 on c288.nibi.sharcnet: 1 pinned threads; allocated CPUs 34
rank 975 on c312.nibi.sharcnet: 1 pinned threads; allocated CPUs 15
rank 934 on c311.nibi.sharcnet: 1 pinned threads; allocated CPUs 166
rank 324 on c272.nibi.sharcnet: 1 pinned threads; allocated CPUs 132
rank 170 on c258.nibi.sharcnet: 1 pinned threads; allocated CPUs 170
rank 1277 on c313.nibi.sharcnet: 1 pinned threads; allocated CPUs 125
rank 464 on c288.nibi.sharcnet: 1 pinned threads; allocated CPUs 80
rank 990 on c312.nibi.sharcnet: 1 pinned threads; allocated CPUs 30
rank 939 on c311.nibi.sharcnet: 1 pinned threads; allocated CPUs 171
rank 328 on c272.nibi.sharcnet: 1 pinned threads; allocated CPUs 136
rank 41 on c258.nibi.sharcnet: 1 pinned threads; allocated CPUs 41
rank 1281 on c313.nibi.sharcnet: 1 pinned threads; allocated CPUs 129
rank 543 on c288.nibi.sharcnet: 1 pinned threads; allocated CPUs 159
rank 1022 on c312.nibi.sharcnet: 1 pinned threads; allocated CPUs 62
rank 944 on c311.nibi.sharcnet: 1 pinned threads; allocated CPUs 176
rank 329 on c272.nibi.sharcnet: 1 pinned threads; allocated CPUs 137
rank 635 on c289.nibi.sharcnet: 1 pinned threads; allocated CPUs 59
rank 77 on c258.nibi.sharcnet: 1 pinned threads; allocated CPUs 77
rank 1297 on c313.nibi.sharcnet: 1 pinned threads; allocated CPUs 145
rank 548 on c288.nibi.sharcnet: 1 pinned threads; allocated CPUs 164
rank 1013 on c312.nibi.sharcnet: 1 pinned threads; allocated CPUs 53
rank 951 on c311.nibi.sharcnet: 1 pinned threads; allocated CPUs 183
rank 331 on c272.nibi.sharcnet: 1 pinned threads; allocated CPUs 139
rank 133 on c258.nibi.sharcnet: 1 pinned threads; allocated CPUs 133
rank 552 on c288.nibi.sharcnet: 1 pinned threads; allocated CPUs 168
rank 1029 on c312.nibi.sharcnet: 1 pinned threads; allocated CPUs 69
rank 952 on c311.nibi.sharcnet: 1 pinned threads; allocated CPUs 184
rank 337 on c272.nibi.sharcnet: 1 pinned threads; allocated CPUs 145
rank 146 on c258.nibi.sharcnet: 1 pinned threads; allocated CPUs 146
rank 1302 on c313.nibi.sharcnet: 1 pinned threads; allocated CPUs 150
rank 392 on c288.nibi.sharcnet: 1 pinned threads; allocated CPUs 8
rank 1041 on c312.nibi.sharcnet: 1 pinned threads; allocated CPUs 81
rank 954 on c311.nibi.sharcnet: 1 pinned threads; allocated CPUs 186
rank 340 on c272.nibi.sharcnet: 1 pinned threads; allocated CPUs 148
rank 117 on c258.nibi.sharcnet: 1 pinned threads; allocated CPUs 117
rank 1158 on c313.nibi.sharcnet: 1 pinned threads; allocated CPUs 6
rank 425 on c288.nibi.sharcnet: 1 pinned threads; allocated CPUs 41
rank 1045 on c312.nibi.sharcnet: 1 pinned threads; allocated CPUs 85
rank 955 on c311.nibi.sharcnet: 1 pinned threads; allocated CPUs 187
rank 342 on c272.nibi.sharcnet: 1 pinned threads; allocated CPUs 150
rank 66 on c258.nibi.sharcnet: 1 pinned threads; allocated CPUs 66
rank 439 on c288.nibi.sharcnet: 1 pinned threads; allocated CPUs 55
rank 1049 on c312.nibi.sharcnet: 1 pinned threads; allocated CPUs 89
rank 957 on c311.nibi.sharcnet: 1 pinned threads; allocated CPUs 189
rank 346 on c272.nibi.sharcnet: 1 pinned threads; allocated CPUs 154
rank 122 on c258.nibi.sharcnet: 1 pinned threads; allocated CPUs 122
rank 449 on c288.nibi.sharcnet: 1 pinned threads; allocated CPUs 65
rank 1090 on c312.nibi.sharcnet: 1 pinned threads; allocated CPUs 130
rank 958 on c311.nibi.sharcnet: 1 pinned threads; allocated CPUs 190
rank 192 on c272.nibi.sharcnet: 1 pinned threads; allocated CPUs 0
rank 1383 on c314.nibi.sharcnet: 1 pinned threads; allocated CPUs 39
rank 151 on c258.nibi.sharcnet: 1 pinned threads; allocated CPUs 151
rank 1170 on c313.nibi.sharcnet: 1 pinned threads; allocated CPUs 18
rank 483 on c288.nibi.sharcnet: 1 pinned threads; allocated CPUs 99
rank 1105 on c312.nibi.sharcnet: 1 pinned threads; allocated CPUs 145
rank 813 on c311.nibi.sharcnet: 1 pinned threads; allocated CPUs 45
rank 636 on c289.nibi.sharcnet: 1 pinned threads; allocated CPUs 60
rank 1385 on c314.nibi.sharcnet: 1 pinned threads; allocated CPUs 41
rank 153 on c258.nibi.sharcnet: 1 pinned threads; allocated CPUs 153
rank 490 on c288.nibi.sharcnet: 1 pinned threads; allocated CPUs 106
rank 964 on c312.nibi.sharcnet: 1 pinned threads; allocated CPUs 4
rank 816 on c311.nibi.sharcnet: 1 pinned threads; allocated CPUs 48
rank 637 on c289.nibi.sharcnet: 1 pinned threads; allocated CPUs 61
rank 186 on c258.nibi.sharcnet: 1 pinned threads; allocated CPUs 186
rank 496 on c288.nibi.sharcnet: 1 pinned threads; allocated CPUs 112
rank 984 on c312.nibi.sharcnet: 1 pinned threads; allocated CPUs 24
rank 828 on c311.nibi.sharcnet: 1 pinned threads; allocated CPUs 60
rank 93 on c258.nibi.sharcnet: 1 pinned threads; allocated CPUs 93
rank 497 on c288.nibi.sharcnet: 1 pinned threads; allocated CPUs 113
rank 1003 on c312.nibi.sharcnet: 1 pinned threads; allocated CPUs 43
rank 829 on c311.nibi.sharcnet: 1 pinned threads; allocated CPUs 61
rank 113 on c258.nibi.sharcnet: 1 pinned threads; allocated CPUs 113
rank 1004 on c312.nibi.sharcnet: 1 pinned threads; allocated CPUs 44
rank 838 on c311.nibi.sharcnet: 1 pinned threads; allocated CPUs 70
rank 188 on c258.nibi.sharcnet: 1 pinned threads; allocated CPUs 188
rank 1007 on c312.nibi.sharcnet: 1 pinned threads; allocated CPUs 47
rank 848 on c311.nibi.sharcnet: 1 pinned threads; allocated CPUs 80
rank 45 on c258.nibi.sharcnet: 1 pinned threads; allocated CPUs 45
rank 1174 on c313.nibi.sharcnet: 1 pinned threads; allocated CPUs 22
rank 546 on c288.nibi.sharcnet: 1 pinned threads; allocated CPUs 162
rank 1037 on c312.nibi.sharcnet: 1 pinned threads; allocated CPUs 77
rank 850 on c311.nibi.sharcnet: 1 pinned threads; allocated CPUs 82
rank 193 on c272.nibi.sharcnet: 1 pinned threads; allocated CPUs 1
rank 67 on c258.nibi.sharcnet: 1 pinned threads; allocated CPUs 67
rank 1179 on c313.nibi.sharcnet: 1 pinned threads; allocated CPUs 27
rank 1040 on c312.nibi.sharcnet: 1 pinned threads; allocated CPUs 80
rank 856 on c311.nibi.sharcnet: 1 pinned threads; allocated CPUs 88
rank 196 on c272.nibi.sharcnet: 1 pinned threads; allocated CPUs 4
rank 638 on c289.nibi.sharcnet: 1 pinned threads; allocated CPUs 62
rank 1386 on c314.nibi.sharcnet: 1 pinned threads; allocated CPUs 42
rank 1181 on c313.nibi.sharcnet: 1 pinned threads; allocated CPUs 29
rank 551 on c288.nibi.sharcnet: 1 pinned threads; allocated CPUs 167
rank 1043 on c312.nibi.sharcnet: 1 pinned threads; allocated CPUs 83
rank 858 on c311.nibi.sharcnet: 1 pinned threads; allocated CPUs 90
rank 216 on c272.nibi.sharcnet: 1 pinned threads; allocated CPUs 24
rank 1387 on c314.nibi.sharcnet: 1 pinned threads; allocated CPUs 43
rank 68 on c258.nibi.sharcnet: 1 pinned threads; allocated CPUs 68
rank 1054 on c312.nibi.sharcnet: 1 pinned threads; allocated CPUs 94
rank 860 on c311.nibi.sharcnet: 1 pinned threads; allocated CPUs 92
rank 639 on c289.nibi.sharcnet: 1 pinned threads; allocated CPUs 63
rank 82 on c258.nibi.sharcnet: 1 pinned threads; allocated CPUs 82
rank 1212 on c313.nibi.sharcnet: 1 pinned threads; allocated CPUs 60
rank 1097 on c312.nibi.sharcnet: 1 pinned threads; allocated CPUs 137
rank 898 on c311.nibi.sharcnet: 1 pinned threads; allocated CPUs 130
rank 219 on c272.nibi.sharcnet: 1 pinned threads; allocated CPUs 27
rank 668 on c289.nibi.sharcnet: 1 pinned threads; allocated CPUs 92
rank 1109 on c312.nibi.sharcnet: 1 pinned threads; allocated CPUs 149
rank 905 on c311.nibi.sharcnet: 1 pinned threads; allocated CPUs 137
rank 222 on c272.nibi.sharcnet: 1 pinned threads; allocated CPUs 30
rank 90 on c258.nibi.sharcnet: 1 pinned threads; allocated CPUs 90
rank 1141 on c312.nibi.sharcnet: 1 pinned threads; allocated CPUs 181
rank 912 on c311.nibi.sharcnet: 1 pinned threads; allocated CPUs 144
rank 1388 on c314.nibi.sharcnet: 1 pinned threads; allocated CPUs 44
rank 961 on c312.nibi.sharcnet: 1 pinned threads; allocated CPUs 1
rank 918 on c311.nibi.sharcnet: 1 pinned threads; allocated CPUs 150
rank 1389 on c314.nibi.sharcnet: 1 pinned threads; allocated CPUs 45
rank 1215 on c313.nibi.sharcnet: 1 pinned threads; allocated CPUs 63
rank 966 on c312.nibi.sharcnet: 1 pinned threads; allocated CPUs 6
rank 928 on c311.nibi.sharcnet: 1 pinned threads; allocated CPUs 160
rank 223 on c272.nibi.sharcnet: 1 pinned threads; allocated CPUs 31
rank 672 on c289.nibi.sharcnet: 1 pinned threads; allocated CPUs 96
rank 100 on c258.nibi.sharcnet: 1 pinned threads; allocated CPUs 100
rank 1250 on c313.nibi.sharcnet: 1 pinned threads; allocated CPUs 98
rank 967 on c312.nibi.sharcnet: 1 pinned threads; allocated CPUs 7
rank 933 on c311.nibi.sharcnet: 1 pinned threads; allocated CPUs 165
rank 673 on c289.nibi.sharcnet: 1 pinned threads; allocated CPUs 97
rank 1391 on c314.nibi.sharcnet: 1 pinned threads; allocated CPUs 47
rank 978 on c312.nibi.sharcnet: 1 pinned threads; allocated CPUs 18
rank 935 on c311.nibi.sharcnet: 1 pinned threads; allocated CPUs 167
rank 680 on c289.nibi.sharcnet: 1 pinned threads; allocated CPUs 104
rank 118 on c258.nibi.sharcnet: 1 pinned threads; allocated CPUs 118
rank 979 on c312.nibi.sharcnet: 1 pinned threads; allocated CPUs 19
rank 940 on c311.nibi.sharcnet: 1 pinned threads; allocated CPUs 172
rank 225 on c272.nibi.sharcnet: 1 pinned threads; allocated CPUs 33
rank 124 on c258.nibi.sharcnet: 1 pinned threads; allocated CPUs 124
rank 982 on c312.nibi.sharcnet: 1 pinned threads; allocated CPUs 22
rank 946 on c311.nibi.sharcnet: 1 pinned threads; allocated CPUs 178
rank 238 on c272.nibi.sharcnet: 1 pinned threads; allocated CPUs 46
rank 692 on c289.nibi.sharcnet: 1 pinned threads; allocated CPUs 116
rank 983 on c312.nibi.sharcnet: 1 pinned threads; allocated CPUs 23
rank 949 on c311.nibi.sharcnet: 1 pinned threads; allocated CPUs 181
rank 1262 on c313.nibi.sharcnet: 1 pinned threads; allocated CPUs 110
rank 986 on c312.nibi.sharcnet: 1 pinned threads; allocated CPUs 26
rank 950 on c311.nibi.sharcnet: 1 pinned threads; allocated CPUs 182
rank 1280 on c313.nibi.sharcnet: 1 pinned threads; allocated CPUs 128
rank 989 on c312.nibi.sharcnet: 1 pinned threads; allocated CPUs 29
rank 959 on c311.nibi.sharcnet: 1 pinned threads; allocated CPUs 191
rank 126 on c258.nibi.sharcnet: 1 pinned threads; allocated CPUs 126
rank 1282 on c313.nibi.sharcnet: 1 pinned threads; allocated CPUs 130
rank 991 on c312.nibi.sharcnet: 1 pinned threads; allocated CPUs 31
rank 830 on c311.nibi.sharcnet: 1 pinned threads; allocated CPUs 62
rank 697 on c289.nibi.sharcnet: 1 pinned threads; allocated CPUs 121
rank 1392 on c314.nibi.sharcnet: 1 pinned threads; allocated CPUs 48
rank 1002 on c312.nibi.sharcnet: 1 pinned threads; allocated CPUs 42
rank 835 on c311.nibi.sharcnet: 1 pinned threads; allocated CPUs 67
rank 1393 on c314.nibi.sharcnet: 1 pinned threads; allocated CPUs 49
rank 1024 on c312.nibi.sharcnet: 1 pinned threads; allocated CPUs 64
rank 901 on c311.nibi.sharcnet: 1 pinned threads; allocated CPUs 133
rank 129 on c258.nibi.sharcnet: 1 pinned threads; allocated CPUs 129
rank 1283 on c313.nibi.sharcnet: 1 pinned threads; allocated CPUs 131
rank 1026 on c312.nibi.sharcnet: 1 pinned threads; allocated CPUs 66
rank 932 on c311.nibi.sharcnet: 1 pinned threads; allocated CPUs 164
rank 1028 on c312.nibi.sharcnet: 1 pinned threads; allocated CPUs 68
rank 942 on c311.nibi.sharcnet: 1 pinned threads; allocated CPUs 174
rank 1394 on c314.nibi.sharcnet: 1 pinned threads; allocated CPUs 50
rank 1035 on c312.nibi.sharcnet: 1 pinned threads; allocated CPUs 75
rank 947 on c311.nibi.sharcnet: 1 pinned threads; allocated CPUs 179
rank 241 on c272.nibi.sharcnet: 1 pinned threads; allocated CPUs 49
rank 156 on c258.nibi.sharcnet: 1 pinned threads; allocated CPUs 156
rank 1044 on c312.nibi.sharcnet: 1 pinned threads; allocated CPUs 84
rank 956 on c311.nibi.sharcnet: 1 pinned threads; allocated CPUs 188
rank 243 on c272.nibi.sharcnet: 1 pinned threads; allocated CPUs 51
rank 1050 on c312.nibi.sharcnet: 1 pinned threads; allocated CPUs 90
rank 805 on c311.nibi.sharcnet: 1 pinned threads; allocated CPUs 37
rank 245 on c272.nibi.sharcnet: 1 pinned threads; allocated CPUs 53
rank 699 on c289.nibi.sharcnet: 1 pinned threads; allocated CPUs 123
rank 1284 on c313.nibi.sharcnet: 1 pinned threads; allocated CPUs 132
rank 1055 on c312.nibi.sharcnet: 1 pinned threads; allocated CPUs 95
rank 825 on c311.nibi.sharcnet: 1 pinned threads; allocated CPUs 57
rank 1395 on c314.nibi.sharcnet: 1 pinned threads; allocated CPUs 51
rank 166 on c258.nibi.sharcnet: 1 pinned threads; allocated CPUs 166
rank 1057 on c312.nibi.sharcnet: 1 pinned threads; allocated CPUs 97
rank 852 on c311.nibi.sharcnet: 1 pinned threads; allocated CPUs 84
rank 744 on c289.nibi.sharcnet: 1 pinned threads; allocated CPUs 168
rank 1067 on c312.nibi.sharcnet: 1 pinned threads; allocated CPUs 107
rank 904 on c311.nibi.sharcnet: 1 pinned threads; allocated CPUs 136
rank 168 on c258.nibi.sharcnet: 1 pinned threads; allocated CPUs 168
rank 927 on c311.nibi.sharcnet: 1 pinned threads; allocated CPUs 159
rank 249 on c272.nibi.sharcnet: 1 pinned threads; allocated CPUs 57
rank 812 on c311.nibi.sharcnet: 1 pinned threads; allocated CPUs 44
rank 902 on c311.nibi.sharcnet: 1 pinned threads; allocated CPUs 134
rank 169 on c258.nibi.sharcnet: 1 pinned threads; allocated CPUs 169
rank 1068 on c312.nibi.sharcnet: 1 pinned threads; allocated CPUs 108
rank 576 on c289.nibi.sharcnet: 1 pinned threads; allocated CPUs 0
rank 1397 on c314.nibi.sharcnet: 1 pinned threads; allocated CPUs 53
rank 1286 on c313.nibi.sharcnet: 1 pinned threads; allocated CPUs 134
rank 1070 on c312.nibi.sharcnet: 1 pinned threads; allocated CPUs 110
rank 926 on c311.nibi.sharcnet: 1 pinned threads; allocated CPUs 158
rank 250 on c272.nibi.sharcnet: 1 pinned threads; allocated CPUs 58
rank 578 on c289.nibi.sharcnet: 1 pinned threads; allocated CPUs 2
rank 1399 on c314.nibi.sharcnet: 1 pinned threads; allocated CPUs 55
rank 1287 on c313.nibi.sharcnet: 1 pinned threads; allocated CPUs 135
rank 808 on c311.nibi.sharcnet: 1 pinned threads; allocated CPUs 40
rank 175 on c258.nibi.sharcnet: 1 pinned threads; allocated CPUs 175
rank 815 on c311.nibi.sharcnet: 1 pinned threads; allocated CPUs 47
rank 251 on c272.nibi.sharcnet: 1 pinned threads; allocated CPUs 59
rank 1400 on c314.nibi.sharcnet: 1 pinned threads; allocated CPUs 56
rank 12 on c258.nibi.sharcnet: 1 pinned threads; allocated CPUs 12
rank 1076 on c312.nibi.sharcnet: 1 pinned threads; allocated CPUs 116
rank 579 on c289.nibi.sharcnet: 1 pinned threads; allocated CPUs 3
rank 1086 on c312.nibi.sharcnet: 1 pinned threads; allocated CPUs 126
rank 1403 on c314.nibi.sharcnet: 1 pinned threads; allocated CPUs 59
rank 14 on c258.nibi.sharcnet: 1 pinned threads; allocated CPUs 14
rank 1289 on c313.nibi.sharcnet: 1 pinned threads; allocated CPUs 137
rank 819 on c311.nibi.sharcnet: 1 pinned threads; allocated CPUs 51
rank 1295 on c313.nibi.sharcnet: 1 pinned threads; allocated CPUs 143
rank 831 on c311.nibi.sharcnet: 1 pinned threads; allocated CPUs 63
rank 255 on c272.nibi.sharcnet: 1 pinned threads; allocated CPUs 63
rank 291 on c272.nibi.sharcnet: 1 pinned threads; allocated CPUs 99
rank 38 on c258.nibi.sharcnet: 1 pinned threads; allocated CPUs 38
rank 1296 on c313.nibi.sharcnet: 1 pinned threads; allocated CPUs 144
rank 1404 on c314.nibi.sharcnet: 1 pinned threads; allocated CPUs 60
rank 583 on c289.nibi.sharcnet: 1 pinned threads; allocated CPUs 7
rank 586 on c289.nibi.sharcnet: 1 pinned threads; allocated CPUs 10
rank 46 on c258.nibi.sharcnet: 1 pinned threads; allocated CPUs 46
rank 1093 on c312.nibi.sharcnet: 1 pinned threads; allocated CPUs 133
rank 863 on c311.nibi.sharcnet: 1 pinned threads; allocated CPUs 95
rank 295 on c272.nibi.sharcnet: 1 pinned threads; allocated CPUs 103
rank 1100 on c312.nibi.sharcnet: 1 pinned threads; allocated CPUs 140
rank 900 on c311.nibi.sharcnet: 1 pinned threads; allocated CPUs 132
rank 1101 on c312.nibi.sharcnet: 1 pinned threads; allocated CPUs 141
rank 588 on c289.nibi.sharcnet: 1 pinned threads; allocated CPUs 12
rank 51 on c258.nibi.sharcnet: 1 pinned threads; allocated CPUs 51
rank 1102 on c312.nibi.sharcnet: 1 pinned threads; allocated CPUs 142
rank 801 on c311.nibi.sharcnet: 1 pinned threads; allocated CPUs 33
rank 296 on c272.nibi.sharcnet: 1 pinned threads; allocated CPUs 104
rank 1406 on c314.nibi.sharcnet: 1 pinned threads; allocated CPUs 62
rank 1304 on c313.nibi.sharcnet: 1 pinned threads; allocated CPUs 152
rank 839 on c311.nibi.sharcnet: 1 pinned threads; allocated CPUs 71
rank 1305 on c313.nibi.sharcnet: 1 pinned threads; allocated CPUs 153
rank 1425 on c314.nibi.sharcnet: 1 pinned threads; allocated CPUs 81
rank 59 on c258.nibi.sharcnet: 1 pinned threads; allocated CPUs 59
rank 1103 on c312.nibi.sharcnet: 1 pinned threads; allocated CPUs 143
rank 589 on c289.nibi.sharcnet: 1 pinned threads; allocated CPUs 13
rank 1154 on c313.nibi.sharcnet: 1 pinned threads; allocated CPUs 2
rank 948 on c311.nibi.sharcnet: 1 pinned threads; allocated CPUs 180
rank 63 on c258.nibi.sharcnet: 1 pinned threads; allocated CPUs 63
rank 1104 on c312.nibi.sharcnet: 1 pinned threads; allocated CPUs 144
rank 297 on c272.nibi.sharcnet: 1 pinned threads; allocated CPUs 105
rank 1429 on c314.nibi.sharcnet: 1 pinned threads; allocated CPUs 85
rank 1107 on c312.nibi.sharcnet: 1 pinned threads; allocated CPUs 147
rank 69 on c258.nibi.sharcnet: 1 pinned threads; allocated CPUs 69
rank 590 on c289.nibi.sharcnet: 1 pinned threads; allocated CPUs 14
rank 1157 on c313.nibi.sharcnet: 1 pinned threads; allocated CPUs 5
rank 299 on c272.nibi.sharcnet: 1 pinned threads; allocated CPUs 107
rank 910 on c311.nibi.sharcnet: 1 pinned threads; allocated CPUs 142
rank 592 on c289.nibi.sharcnet: 1 pinned threads; allocated CPUs 16
rank 1456 on c314.nibi.sharcnet: 1 pinned threads; allocated CPUs 112
rank 925 on c311.nibi.sharcnet: 1 pinned threads; allocated CPUs 157
rank 80 on c258.nibi.sharcnet: 1 pinned threads; allocated CPUs 80
rank 1200 on c313.nibi.sharcnet: 1 pinned threads; allocated CPUs 48
rank 301 on c272.nibi.sharcnet: 1 pinned threads; allocated CPUs 109
rank 303 on c272.nibi.sharcnet: 1 pinned threads; allocated CPUs 111
rank 83 on c258.nibi.sharcnet: 1 pinned threads; allocated CPUs 83
rank 1117 on c312.nibi.sharcnet: 1 pinned threads; allocated CPUs 157
rank 1462 on c314.nibi.sharcnet: 1 pinned threads; allocated CPUs 118
rank 1138 on c312.nibi.sharcnet: 1 pinned threads; allocated CPUs 178
rank 922 on c311.nibi.sharcnet: 1 pinned threads; allocated CPUs 154
rank 960 on c312.nibi.sharcnet: 1 pinned threads; allocated CPUs 0
rank 834 on c311.nibi.sharcnet: 1 pinned threads; allocated CPUs 66
rank 593 on c289.nibi.sharcnet: 1 pinned threads; allocated CPUs 17
rank 84 on c258.nibi.sharcnet: 1 pinned threads; allocated CPUs 84
rank 1234 on c313.nibi.sharcnet: 1 pinned threads; allocated CPUs 82
rank 915 on c311.nibi.sharcnet: 1 pinned threads; allocated CPUs 147
rank 304 on c272.nibi.sharcnet: 1 pinned threads; allocated CPUs 112
rank 594 on c289.nibi.sharcnet: 1 pinned threads; allocated CPUs 18
rank 1257 on c313.nibi.sharcnet: 1 pinned threads; allocated CPUs 105
rank 1465 on c314.nibi.sharcnet: 1 pinned threads; allocated CPUs 121
rank 91 on c258.nibi.sharcnet: 1 pinned threads; allocated CPUs 91
rank 1258 on c313.nibi.sharcnet: 1 pinned threads; allocated CPUs 106
rank 971 on c312.nibi.sharcnet: 1 pinned threads; allocated CPUs 11
rank 919 on c311.nibi.sharcnet: 1 pinned threads; allocated CPUs 151
rank 305 on c272.nibi.sharcnet: 1 pinned threads; allocated CPUs 113
rank 596 on c289.nibi.sharcnet: 1 pinned threads; allocated CPUs 20
rank 1473 on c314.nibi.sharcnet: 1 pinned threads; allocated CPUs 129
rank 976 on c312.nibi.sharcnet: 1 pinned threads; allocated CPUs 16
rank 96 on c258.nibi.sharcnet: 1 pinned threads; allocated CPUs 96
rank 599 on c289.nibi.sharcnet: 1 pinned threads; allocated CPUs 23
rank 1474 on c314.nibi.sharcnet: 1 pinned threads; allocated CPUs 130
rank 1270 on c313.nibi.sharcnet: 1 pinned threads; allocated CPUs 118
rank 977 on c312.nibi.sharcnet: 1 pinned threads; allocated CPUs 17
rank 953 on c311.nibi.sharcnet: 1 pinned threads; allocated CPUs 185
rank 97 on c258.nibi.sharcnet: 1 pinned threads; allocated CPUs 97
rank 980 on c312.nibi.sharcnet: 1 pinned threads; allocated CPUs 20
rank 803 on c311.nibi.sharcnet: 1 pinned threads; allocated CPUs 35
rank 307 on c272.nibi.sharcnet: 1 pinned threads; allocated CPUs 115
rank 1477 on c314.nibi.sharcnet: 1 pinned threads; allocated CPUs 133
rank 102 on c258.nibi.sharcnet: 1 pinned threads; allocated CPUs 102
rank 1001 on c312.nibi.sharcnet: 1 pinned threads; allocated CPUs 41
rank 600 on c289.nibi.sharcnet: 1 pinned threads; allocated CPUs 24
rank 1273 on c313.nibi.sharcnet: 1 pinned threads; allocated CPUs 121
rank 807 on c311.nibi.sharcnet: 1 pinned threads; allocated CPUs 39
rank 308 on c272.nibi.sharcnet: 1 pinned threads; allocated CPUs 116
rank 604 on c289.nibi.sharcnet: 1 pinned threads; allocated CPUs 28
rank 105 on c258.nibi.sharcnet: 1 pinned threads; allocated CPUs 105
rank 914 on c311.nibi.sharcnet: 1 pinned threads; allocated CPUs 146
rank 309 on c272.nibi.sharcnet: 1 pinned threads; allocated CPUs 117
rank 1275 on c313.nibi.sharcnet: 1 pinned threads; allocated CPUs 123
rank 1014 on c312.nibi.sharcnet: 1 pinned threads; allocated CPUs 54
rank 917 on c311.nibi.sharcnet: 1 pinned threads; allocated CPUs 149
rank 310 on c272.nibi.sharcnet: 1 pinned threads; allocated CPUs 118
rank 1478 on c314.nibi.sharcnet: 1 pinned threads; allocated CPUs 134
rank 106 on c258.nibi.sharcnet: 1 pinned threads; allocated CPUs 106
rank 1288 on c313.nibi.sharcnet: 1 pinned threads; allocated CPUs 136
rank 1016 on c312.nibi.sharcnet: 1 pinned threads; allocated CPUs 56
rank 802 on c311.nibi.sharcnet: 1 pinned threads; allocated CPUs 34
rank 311 on c272.nibi.sharcnet: 1 pinned threads; allocated CPUs 119
rank 605 on c289.nibi.sharcnet: 1 pinned threads; allocated CPUs 29
rank 1479 on c314.nibi.sharcnet: 1 pinned threads; allocated CPUs 135
rank 1292 on c313.nibi.sharcnet: 1 pinned threads; allocated CPUs 140
rank 1063 on c312.nibi.sharcnet: 1 pinned threads; allocated CPUs 103
rank 903 on c311.nibi.sharcnet: 1 pinned threads; allocated CPUs 135
rank 109 on c258.nibi.sharcnet: 1 pinned threads; allocated CPUs 109
rank 312 on c272.nibi.sharcnet: 1 pinned threads; allocated CPUs 120
rank 606 on c289.nibi.sharcnet: 1 pinned threads; allocated CPUs 30
rank 1484 on c314.nibi.sharcnet: 1 pinned threads; allocated CPUs 140
rank 112 on c258.nibi.sharcnet: 1 pinned threads; allocated CPUs 112
rank 1089 on c312.nibi.sharcnet: 1 pinned threads; allocated CPUs 129
rank 313 on c272.nibi.sharcnet: 1 pinned threads; allocated CPUs 121
rank 1301 on c313.nibi.sharcnet: 1 pinned threads; allocated CPUs 149
rank 1091 on c312.nibi.sharcnet: 1 pinned threads; allocated CPUs 131
rank 607 on c289.nibi.sharcnet: 1 pinned threads; allocated CPUs 31
rank 1485 on c314.nibi.sharcnet: 1 pinned threads; allocated CPUs 141
rank 119 on c258.nibi.sharcnet: 1 pinned threads; allocated CPUs 119
rank 1303 on c313.nibi.sharcnet: 1 pinned threads; allocated CPUs 151
rank 913 on c311.nibi.sharcnet: 1 pinned threads; allocated CPUs 145
rank 1096 on c312.nibi.sharcnet: 1 pinned threads; allocated CPUs 136
rank 921 on c311.nibi.sharcnet: 1 pinned threads; allocated CPUs 153
rank 140 on c258.nibi.sharcnet: 1 pinned threads; allocated CPUs 140
rank 614 on c289.nibi.sharcnet: 1 pinned threads; allocated CPUs 38
rank 1488 on c314.nibi.sharcnet: 1 pinned threads; allocated CPUs 144
rank 1156 on c313.nibi.sharcnet: 1 pinned threads; allocated CPUs 4
rank 1098 on c312.nibi.sharcnet: 1 pinned threads; allocated CPUs 138
rank 804 on c311.nibi.sharcnet: 1 pinned threads; allocated CPUs 36
rank 318 on c272.nibi.sharcnet: 1 pinned threads; allocated CPUs 126
rank 160 on c258.nibi.sharcnet: 1 pinned threads; allocated CPUs 160
rank 1233 on c313.nibi.sharcnet: 1 pinned threads; allocated CPUs 81
rank 319 on c272.nibi.sharcnet: 1 pinned threads; allocated CPUs 127
rank 615 on c289.nibi.sharcnet: 1 pinned threads; allocated CPUs 39
rank 1108 on c312.nibi.sharcnet: 1 pinned threads; allocated CPUs 148
rank 941 on c311.nibi.sharcnet: 1 pinned threads; allocated CPUs 173
rank 320 on c272.nibi.sharcnet: 1 pinned threads; allocated CPUs 128
rank 163 on c258.nibi.sharcnet: 1 pinned threads; allocated CPUs 163
rank 809 on c311.nibi.sharcnet: 1 pinned threads; allocated CPUs 41
rank 626 on c289.nibi.sharcnet: 1 pinned threads; allocated CPUs 50
rank 1236 on c313.nibi.sharcnet: 1 pinned threads; allocated CPUs 84
rank 899 on c311.nibi.sharcnet: 1 pinned threads; allocated CPUs 131
rank 1489 on c314.nibi.sharcnet: 1 pinned threads; allocated CPUs 145
rank 173 on c258.nibi.sharcnet: 1 pinned threads; allocated CPUs 173
rank 1239 on c313.nibi.sharcnet: 1 pinned threads; allocated CPUs 87
rank 1112 on c312.nibi.sharcnet: 1 pinned threads; allocated CPUs 152
rank 321 on c272.nibi.sharcnet: 1 pinned threads; allocated CPUs 129
rank 1490 on c314.nibi.sharcnet: 1 pinned threads; allocated CPUs 146
rank 1259 on c313.nibi.sharcnet: 1 pinned threads; allocated CPUs 107
rank 1115 on c312.nibi.sharcnet: 1 pinned threads; allocated CPUs 155
rank 322 on c272.nibi.sharcnet: 1 pinned threads; allocated CPUs 130
rank 1492 on c314.nibi.sharcnet: 1 pinned threads; allocated CPUs 148
rank 178 on c258.nibi.sharcnet: 1 pinned threads; allocated CPUs 178
rank 323 on c272.nibi.sharcnet: 1 pinned threads; allocated CPUs 131
rank 640 on c289.nibi.sharcnet: 1 pinned threads; allocated CPUs 64
rank 1266 on c313.nibi.sharcnet: 1 pinned threads; allocated CPUs 114
rank 906 on c311.nibi.sharcnet: 1 pinned threads; allocated CPUs 138
rank 325 on c272.nibi.sharcnet: 1 pinned threads; allocated CPUs 133
rank 641 on c289.nibi.sharcnet: 1 pinned threads; allocated CPUs 65
rank 180 on c258.nibi.sharcnet: 1 pinned threads; allocated CPUs 180
rank 1119 on c312.nibi.sharcnet: 1 pinned threads; allocated CPUs 159
rank 826 on c311.nibi.sharcnet: 1 pinned threads; allocated CPUs 58
rank 1493 on c314.nibi.sharcnet: 1 pinned threads; allocated CPUs 149
rank 643 on c289.nibi.sharcnet: 1 pinned threads; allocated CPUs 67
rank 182 on c258.nibi.sharcnet: 1 pinned threads; allocated CPUs 182
rank 1268 on c313.nibi.sharcnet: 1 pinned threads; allocated CPUs 116
rank 1150 on c312.nibi.sharcnet: 1 pinned threads; allocated CPUs 190
rank 326 on c272.nibi.sharcnet: 1 pinned threads; allocated CPUs 134
rank 1495 on c314.nibi.sharcnet: 1 pinned threads; allocated CPUs 151
rank 1271 on c313.nibi.sharcnet: 1 pinned threads; allocated CPUs 119
rank 965 on c312.nibi.sharcnet: 1 pinned threads; allocated CPUs 5
rank 327 on c272.nibi.sharcnet: 1 pinned threads; allocated CPUs 135
rank 187 on c258.nibi.sharcnet: 1 pinned threads; allocated CPUs 187
rank 972 on c312.nibi.sharcnet: 1 pinned threads; allocated CPUs 12
rank 908 on c311.nibi.sharcnet: 1 pinned threads; allocated CPUs 140
rank 330 on c272.nibi.sharcnet: 1 pinned threads; allocated CPUs 138
rank 800 on c311.nibi.sharcnet: 1 pinned threads; allocated CPUs 32
rank 1496 on c314.nibi.sharcnet: 1 pinned threads; allocated CPUs 152
rank 985 on c312.nibi.sharcnet: 1 pinned threads; allocated CPUs 25
rank 820 on c311.nibi.sharcnet: 1 pinned threads; allocated CPUs 52
rank 191 on c258.nibi.sharcnet: 1 pinned threads; allocated CPUs 191
rank 818 on c311.nibi.sharcnet: 1 pinned threads; allocated CPUs 50
rank 645 on c289.nibi.sharcnet: 1 pinned threads; allocated CPUs 69
rank 333 on c272.nibi.sharcnet: 1 pinned threads; allocated CPUs 141
rank 648 on c289.nibi.sharcnet: 1 pinned threads; allocated CPUs 72
rank 334 on c272.nibi.sharcnet: 1 pinned threads; allocated CPUs 142
rank 1272 on c313.nibi.sharcnet: 1 pinned threads; allocated CPUs 120
rank 992 on c312.nibi.sharcnet: 1 pinned threads; allocated CPUs 32
rank 897 on c311.nibi.sharcnet: 1 pinned threads; allocated CPUs 129
rank 4 on c258.nibi.sharcnet: 1 pinned threads; allocated CPUs 4
rank 1291 on c313.nibi.sharcnet: 1 pinned threads; allocated CPUs 139
rank 1500 on c314.nibi.sharcnet: 1 pinned threads; allocated CPUs 156
rank 1300 on c313.nibi.sharcnet: 1 pinned threads; allocated CPUs 148
rank 6 on c258.nibi.sharcnet: 1 pinned threads; allocated CPUs 6
rank 1027 on c312.nibi.sharcnet: 1 pinned threads; allocated CPUs 67
rank 649 on c289.nibi.sharcnet: 1 pinned threads; allocated CPUs 73
rank 1502 on c314.nibi.sharcnet: 1 pinned threads; allocated CPUs 158
rank 924 on c311.nibi.sharcnet: 1 pinned threads; allocated CPUs 156
rank 8 on c258.nibi.sharcnet: 1 pinned threads; allocated CPUs 8
rank 1308 on c313.nibi.sharcnet: 1 pinned threads; allocated CPUs 156
rank 335 on c272.nibi.sharcnet: 1 pinned threads; allocated CPUs 143
rank 650 on c289.nibi.sharcnet: 1 pinned threads; allocated CPUs 74
rank 1322 on c313.nibi.sharcnet: 1 pinned threads; allocated CPUs 170
rank 336 on c272.nibi.sharcnet: 1 pinned threads; allocated CPUs 144
rank 338 on c272.nibi.sharcnet: 1 pinned threads; allocated CPUs 146
rank 10 on c258.nibi.sharcnet: 1 pinned threads; allocated CPUs 10
rank 1172 on c313.nibi.sharcnet: 1 pinned threads; allocated CPUs 20
rank 1030 on c312.nibi.sharcnet: 1 pinned threads; allocated CPUs 70
rank 1503 on c314.nibi.sharcnet: 1 pinned threads; allocated CPUs 159
rank 1173 on c313.nibi.sharcnet: 1 pinned threads; allocated CPUs 21
rank 1036 on c312.nibi.sharcnet: 1 pinned threads; allocated CPUs 76
rank 1354 on c314.nibi.sharcnet: 1 pinned threads; allocated CPUs 10
rank 1222 on c313.nibi.sharcnet: 1 pinned threads; allocated CPUs 70
rank 339 on c272.nibi.sharcnet: 1 pinned threads; allocated CPUs 147
rank 651 on c289.nibi.sharcnet: 1 pinned threads; allocated CPUs 75
rank 17 on c258.nibi.sharcnet: 1 pinned threads; allocated CPUs 17
rank 1051 on c312.nibi.sharcnet: 1 pinned threads; allocated CPUs 91
rank 865 on c311.nibi.sharcnet: 1 pinned threads; allocated CPUs 97
rank 341 on c272.nibi.sharcnet: 1 pinned threads; allocated CPUs 149
rank 652 on c289.nibi.sharcnet: 1 pinned threads; allocated CPUs 76
rank 1355 on c314.nibi.sharcnet: 1 pinned threads; allocated CPUs 11
rank 1224 on c313.nibi.sharcnet: 1 pinned threads; allocated CPUs 72
rank 1052 on c312.nibi.sharcnet: 1 pinned threads; allocated CPUs 92
rank 653 on c289.nibi.sharcnet: 1 pinned threads; allocated CPUs 77
rank 1358 on c314.nibi.sharcnet: 1 pinned threads; allocated CPUs 14
rank 22 on c258.nibi.sharcnet: 1 pinned threads; allocated CPUs 22
rank 1058 on c312.nibi.sharcnet: 1 pinned threads; allocated CPUs 98
rank 1225 on c313.nibi.sharcnet: 1 pinned threads; allocated CPUs 73
rank 656 on c289.nibi.sharcnet: 1 pinned threads; allocated CPUs 80
rank 1081 on c312.nibi.sharcnet: 1 pinned threads; allocated CPUs 121
rank 23 on c258.nibi.sharcnet: 1 pinned threads; allocated CPUs 23
rank 345 on c272.nibi.sharcnet: 1 pinned threads; allocated CPUs 153
rank 1359 on c314.nibi.sharcnet: 1 pinned threads; allocated CPUs 15
rank 348 on c272.nibi.sharcnet: 1 pinned threads; allocated CPUs 156
rank 27 on c258.nibi.sharcnet: 1 pinned threads; allocated CPUs 27
rank 1232 on c313.nibi.sharcnet: 1 pinned threads; allocated CPUs 80
rank 1082 on c312.nibi.sharcnet: 1 pinned threads; allocated CPUs 122
rank 194 on c272.nibi.sharcnet: 1 pinned threads; allocated CPUs 2
rank 1241 on c313.nibi.sharcnet: 1 pinned threads; allocated CPUs 89
rank 658 on c289.nibi.sharcnet: 1 pinned threads; allocated CPUs 82
rank 1361 on c314.nibi.sharcnet: 1 pinned threads; allocated CPUs 17
rank 663 on c289.nibi.sharcnet: 1 pinned threads; allocated CPUs 87
rank 36 on c258.nibi.sharcnet: 1 pinned threads; allocated CPUs 36
rank 1083 on c312.nibi.sharcnet: 1 pinned threads; allocated CPUs 123
rank 670 on c289.nibi.sharcnet: 1 pinned threads; allocated CPUs 94
rank 1088 on c312.nibi.sharcnet: 1 pinned threads; allocated CPUs 128
rank 60 on c258.nibi.sharcnet: 1 pinned threads; allocated CPUs 60
rank 1244 on c313.nibi.sharcnet: 1 pinned threads; allocated CPUs 92
rank 198 on c272.nibi.sharcnet: 1 pinned threads; allocated CPUs 6
rank 1254 on c313.nibi.sharcnet: 1 pinned threads; allocated CPUs 102
rank 204 on c272.nibi.sharcnet: 1 pinned threads; allocated CPUs 12
rank 676 on c289.nibi.sharcnet: 1 pinned threads; allocated CPUs 100
rank 207 on c272.nibi.sharcnet: 1 pinned threads; allocated CPUs 15
rank 1364 on c314.nibi.sharcnet: 1 pinned threads; allocated CPUs 20
rank 64 on c258.nibi.sharcnet: 1 pinned threads; allocated CPUs 64
rank 1371 on c314.nibi.sharcnet: 1 pinned threads; allocated CPUs 27
rank 208 on c272.nibi.sharcnet: 1 pinned threads; allocated CPUs 16
rank 678 on c289.nibi.sharcnet: 1 pinned threads; allocated CPUs 102
rank 1278 on c313.nibi.sharcnet: 1 pinned threads; allocated CPUs 126
rank 210 on c272.nibi.sharcnet: 1 pinned threads; allocated CPUs 18
rank 73 on c258.nibi.sharcnet: 1 pinned threads; allocated CPUs 73
rank 1279 on c313.nibi.sharcnet: 1 pinned threads; allocated CPUs 127
rank 1092 on c312.nibi.sharcnet: 1 pinned threads; allocated CPUs 132
rank 1095 on c312.nibi.sharcnet: 1 pinned threads; allocated CPUs 135
rank 1127 on c312.nibi.sharcnet: 1 pinned threads; allocated CPUs 167
rank 1293 on c313.nibi.sharcnet: 1 pinned threads; allocated CPUs 141
rank 679 on c289.nibi.sharcnet: 1 pinned threads; allocated CPUs 103
rank 1396 on c314.nibi.sharcnet: 1 pinned threads; allocated CPUs 52
rank 75 on c258.nibi.sharcnet: 1 pinned threads; allocated CPUs 75
rank 681 on c289.nibi.sharcnet: 1 pinned threads; allocated CPUs 105
rank 1307 on c313.nibi.sharcnet: 1 pinned threads; allocated CPUs 155
rank 1401 on c314.nibi.sharcnet: 1 pinned threads; allocated CPUs 57
rank 86 on c258.nibi.sharcnet: 1 pinned threads; allocated CPUs 86
rank 963 on c312.nibi.sharcnet: 1 pinned threads; allocated CPUs 3
rank 969 on c312.nibi.sharcnet: 1 pinned threads; allocated CPUs 9
rank 213 on c272.nibi.sharcnet: 1 pinned threads; allocated CPUs 21
rank 682 on c289.nibi.sharcnet: 1 pinned threads; allocated CPUs 106
rank 1402 on c314.nibi.sharcnet: 1 pinned threads; allocated CPUs 58
rank 87 on c258.nibi.sharcnet: 1 pinned threads; allocated CPUs 87
rank 1314 on c313.nibi.sharcnet: 1 pinned threads; allocated CPUs 162
rank 214 on c272.nibi.sharcnet: 1 pinned threads; allocated CPUs 22
rank 684 on c289.nibi.sharcnet: 1 pinned threads; allocated CPUs 108
rank 215 on c272.nibi.sharcnet: 1 pinned threads; allocated CPUs 23
rank 1166 on c313.nibi.sharcnet: 1 pinned threads; allocated CPUs 14
rank 973 on c312.nibi.sharcnet: 1 pinned threads; allocated CPUs 13
rank 1042 on c312.nibi.sharcnet: 1 pinned threads; allocated CPUs 82
rank 1407 on c314.nibi.sharcnet: 1 pinned threads; allocated CPUs 63
rank 92 on c258.nibi.sharcnet: 1 pinned threads; allocated CPUs 92
rank 1169 on c313.nibi.sharcnet: 1 pinned threads; allocated CPUs 17
rank 1060 on c312.nibi.sharcnet: 1 pinned threads; allocated CPUs 100
rank 230 on c272.nibi.sharcnet: 1 pinned threads; allocated CPUs 38
rank 234 on c272.nibi.sharcnet: 1 pinned threads; allocated CPUs 42
rank 99 on c258.nibi.sharcnet: 1 pinned threads; allocated CPUs 99
rank 1085 on c312.nibi.sharcnet: 1 pinned threads; allocated CPUs 125
rank 237 on c272.nibi.sharcnet: 1 pinned threads; allocated CPUs 45
rank 1220 on c313.nibi.sharcnet: 1 pinned threads; allocated CPUs 68
rank 686 on c289.nibi.sharcnet: 1 pinned threads; allocated CPUs 110
rank 688 on c289.nibi.sharcnet: 1 pinned threads; allocated CPUs 112
rank 1409 on c314.nibi.sharcnet: 1 pinned threads; allocated CPUs 65
rank 107 on c258.nibi.sharcnet: 1 pinned threads; allocated CPUs 107
rank 1144 on c312.nibi.sharcnet: 1 pinned threads; allocated CPUs 184
rank 689 on c289.nibi.sharcnet: 1 pinned threads; allocated CPUs 113
rank 1410 on c314.nibi.sharcnet: 1 pinned threads; allocated CPUs 66
rank 240 on c272.nibi.sharcnet: 1 pinned threads; allocated CPUs 48
rank 1411 on c314.nibi.sharcnet: 1 pinned threads; allocated CPUs 67
rank 121 on c258.nibi.sharcnet: 1 pinned threads; allocated CPUs 121
rank 1243 on c313.nibi.sharcnet: 1 pinned threads; allocated CPUs 91
rank 1249 on c313.nibi.sharcnet: 1 pinned threads; allocated CPUs 97
rank 127 on c258.nibi.sharcnet: 1 pinned threads; allocated CPUs 127
rank 1148 on c312.nibi.sharcnet: 1 pinned threads; allocated CPUs 188
rank 248 on c272.nibi.sharcnet: 1 pinned threads; allocated CPUs 56
rank 691 on c289.nibi.sharcnet: 1 pinned threads; allocated CPUs 115
rank 1415 on c314.nibi.sharcnet: 1 pinned threads; allocated CPUs 71
rank 974 on c312.nibi.sharcnet: 1 pinned threads; allocated CPUs 14
rank 272 on c272.nibi.sharcnet: 1 pinned threads; allocated CPUs 80
rank 693 on c289.nibi.sharcnet: 1 pinned threads; allocated CPUs 117
rank 1267 on c313.nibi.sharcnet: 1 pinned threads; allocated CPUs 115
rank 988 on c312.nibi.sharcnet: 1 pinned threads; allocated CPUs 28
rank 694 on c289.nibi.sharcnet: 1 pinned threads; allocated CPUs 118
rank 1418 on c314.nibi.sharcnet: 1 pinned threads; allocated CPUs 74
rank 176 on c258.nibi.sharcnet: 1 pinned threads; allocated CPUs 176
rank 1294 on c313.nibi.sharcnet: 1 pinned threads; allocated CPUs 142
rank 695 on c289.nibi.sharcnet: 1 pinned threads; allocated CPUs 119
rank 1420 on c314.nibi.sharcnet: 1 pinned threads; allocated CPUs 76
rank 996 on c312.nibi.sharcnet: 1 pinned threads; allocated CPUs 36
rank 290 on c272.nibi.sharcnet: 1 pinned threads; allocated CPUs 98
rank 185 on c258.nibi.sharcnet: 1 pinned threads; allocated CPUs 185
rank 1298 on c313.nibi.sharcnet: 1 pinned threads; allocated CPUs 146
rank 332 on c272.nibi.sharcnet: 1 pinned threads; allocated CPUs 140
rank 1338 on c313.nibi.sharcnet: 1 pinned threads; allocated CPUs 186
rank 1025 on c312.nibi.sharcnet: 1 pinned threads; allocated CPUs 65
rank 343 on c272.nibi.sharcnet: 1 pinned threads; allocated CPUs 151
rank 696 on c289.nibi.sharcnet: 1 pinned threads; allocated CPUs 120
rank 7 on c258.nibi.sharcnet: 1 pinned threads; allocated CPUs 7
rank 698 on c289.nibi.sharcnet: 1 pinned threads; allocated CPUs 122
rank 347 on c272.nibi.sharcnet: 1 pinned threads; allocated CPUs 155
rank 1039 on c312.nibi.sharcnet: 1 pinned threads; allocated CPUs 79
rank 700 on c289.nibi.sharcnet: 1 pinned threads; allocated CPUs 124
rank 1423 on c314.nibi.sharcnet: 1 pinned threads; allocated CPUs 79
rank 15 on c258.nibi.sharcnet: 1 pinned threads; allocated CPUs 15
rank 1162 on c313.nibi.sharcnet: 1 pinned threads; allocated CPUs 10
rank 350 on c272.nibi.sharcnet: 1 pinned threads; allocated CPUs 158
rank 1424 on c314.nibi.sharcnet: 1 pinned threads; allocated CPUs 80
rank 1216 on c313.nibi.sharcnet: 1 pinned threads; allocated CPUs 64
rank 1430 on c314.nibi.sharcnet: 1 pinned threads; allocated CPUs 86
rank 29 on c258.nibi.sharcnet: 1 pinned threads; allocated CPUs 29
rank 1053 on c312.nibi.sharcnet: 1 pinned threads; allocated CPUs 93
rank 701 on c289.nibi.sharcnet: 1 pinned threads; allocated CPUs 125
rank 702 on c289.nibi.sharcnet: 1 pinned threads; allocated CPUs 126
rank 1056 on c312.nibi.sharcnet: 1 pinned threads; allocated CPUs 96
rank 351 on c272.nibi.sharcnet: 1 pinned threads; allocated CPUs 159
rank 61 on c258.nibi.sharcnet: 1 pinned threads; allocated CPUs 61
rank 353 on c272.nibi.sharcnet: 1 pinned threads; allocated CPUs 161
rank 1062 on c312.nibi.sharcnet: 1 pinned threads; allocated CPUs 102
rank 704 on c289.nibi.sharcnet: 1 pinned threads; allocated CPUs 128
rank 1432 on c314.nibi.sharcnet: 1 pinned threads; allocated CPUs 88
rank 1433 on c314.nibi.sharcnet: 1 pinned threads; allocated CPUs 89
rank 62 on c258.nibi.sharcnet: 1 pinned threads; allocated CPUs 62
rank 1231 on c313.nibi.sharcnet: 1 pinned threads; allocated CPUs 79
rank 705 on c289.nibi.sharcnet: 1 pinned threads; allocated CPUs 129
rank 1434 on c314.nibi.sharcnet: 1 pinned threads; allocated CPUs 90
rank 1238 on c313.nibi.sharcnet: 1 pinned threads; allocated CPUs 86
rank 1255 on c313.nibi.sharcnet: 1 pinned threads; allocated CPUs 103
rank 1435 on c314.nibi.sharcnet: 1 pinned threads; allocated CPUs 91
rank 1064 on c312.nibi.sharcnet: 1 pinned threads; allocated CPUs 104
rank 70 on c258.nibi.sharcnet: 1 pinned threads; allocated CPUs 70
rank 1065 on c312.nibi.sharcnet: 1 pinned threads; allocated CPUs 105
rank 360 on c272.nibi.sharcnet: 1 pinned threads; allocated CPUs 168
rank 711 on c289.nibi.sharcnet: 1 pinned threads; allocated CPUs 135
rank 1437 on c314.nibi.sharcnet: 1 pinned threads; allocated CPUs 93
rank 1290 on c313.nibi.sharcnet: 1 pinned threads; allocated CPUs 138
rank 1069 on c312.nibi.sharcnet: 1 pinned threads; allocated CPUs 109
rank 361 on c272.nibi.sharcnet: 1 pinned threads; allocated CPUs 169
rank 713 on c289.nibi.sharcnet: 1 pinned threads; allocated CPUs 137
rank 71 on c258.nibi.sharcnet: 1 pinned threads; allocated CPUs 71
rank 1299 on c313.nibi.sharcnet: 1 pinned threads; allocated CPUs 147
rank 365 on c272.nibi.sharcnet: 1 pinned threads; allocated CPUs 173
rank 1160 on c313.nibi.sharcnet: 1 pinned threads; allocated CPUs 8
rank 1438 on c314.nibi.sharcnet: 1 pinned threads; allocated CPUs 94
rank 74 on c258.nibi.sharcnet: 1 pinned threads; allocated CPUs 74
rank 1171 on c313.nibi.sharcnet: 1 pinned threads; allocated CPUs 19
rank 1072 on c312.nibi.sharcnet: 1 pinned threads; allocated CPUs 112
rank 1073 on c312.nibi.sharcnet: 1 pinned threads; allocated CPUs 113
rank 371 on c272.nibi.sharcnet: 1 pinned threads; allocated CPUs 179
rank 376 on c272.nibi.sharcnet: 1 pinned threads; allocated CPUs 184
rank 85 on c258.nibi.sharcnet: 1 pinned threads; allocated CPUs 85
rank 379 on c272.nibi.sharcnet: 1 pinned threads; allocated CPUs 187
rank 714 on c289.nibi.sharcnet: 1 pinned threads; allocated CPUs 138
rank 1441 on c314.nibi.sharcnet: 1 pinned threads; allocated CPUs 97
rank 1178 on c313.nibi.sharcnet: 1 pinned threads; allocated CPUs 26
rank 716 on c289.nibi.sharcnet: 1 pinned threads; allocated CPUs 140
rank 1442 on c314.nibi.sharcnet: 1 pinned threads; allocated CPUs 98
rank 718 on c289.nibi.sharcnet: 1 pinned threads; allocated CPUs 142
rank 98 on c258.nibi.sharcnet: 1 pinned threads; allocated CPUs 98
rank 1218 on c313.nibi.sharcnet: 1 pinned threads; allocated CPUs 66
rank 1444 on c314.nibi.sharcnet: 1 pinned threads; allocated CPUs 100
rank 381 on c272.nibi.sharcnet: 1 pinned threads; allocated CPUs 189
rank 104 on c258.nibi.sharcnet: 1 pinned threads; allocated CPUs 104
rank 1219 on c313.nibi.sharcnet: 1 pinned threads; allocated CPUs 67
rank 719 on c289.nibi.sharcnet: 1 pinned threads; allocated CPUs 143
rank 1079 on c312.nibi.sharcnet: 1 pinned threads; allocated CPUs 119
rank 728 on c289.nibi.sharcnet: 1 pinned threads; allocated CPUs 152
rank 1446 on c314.nibi.sharcnet: 1 pinned threads; allocated CPUs 102
rank 1110 on c312.nibi.sharcnet: 1 pinned threads; allocated CPUs 150
rank 1447 on c314.nibi.sharcnet: 1 pinned threads; allocated CPUs 103
rank 1122 on c312.nibi.sharcnet: 1 pinned threads; allocated CPUs 162
rank 158 on c258.nibi.sharcnet: 1 pinned threads; allocated CPUs 158
rank 211 on c272.nibi.sharcnet: 1 pinned threads; allocated CPUs 19
rank 729 on c289.nibi.sharcnet: 1 pinned threads; allocated CPUs 153
rank 256 on c272.nibi.sharcnet: 1 pinned threads; allocated CPUs 64
rank 1226 on c313.nibi.sharcnet: 1 pinned threads; allocated CPUs 74
rank 1449 on c314.nibi.sharcnet: 1 pinned threads; allocated CPUs 105
rank 159 on c258.nibi.sharcnet: 1 pinned threads; allocated CPUs 159
rank 1235 on c313.nibi.sharcnet: 1 pinned threads; allocated CPUs 83
rank 1125 on c312.nibi.sharcnet: 1 pinned threads; allocated CPUs 165
rank 732 on c289.nibi.sharcnet: 1 pinned threads; allocated CPUs 156
rank 1341 on c313.nibi.sharcnet: 1 pinned threads; allocated CPUs 189
rank 1126 on c312.nibi.sharcnet: 1 pinned threads; allocated CPUs 166
rank 264 on c272.nibi.sharcnet: 1 pinned threads; allocated CPUs 72
rank 733 on c289.nibi.sharcnet: 1 pinned threads; allocated CPUs 157
rank 174 on c258.nibi.sharcnet: 1 pinned threads; allocated CPUs 174
rank 1128 on c312.nibi.sharcnet: 1 pinned threads; allocated CPUs 168
rank 280 on c272.nibi.sharcnet: 1 pinned threads; allocated CPUs 88
rank 1451 on c314.nibi.sharcnet: 1 pinned threads; allocated CPUs 107
rank 1453 on c314.nibi.sharcnet: 1 pinned threads; allocated CPUs 109
rank 189 on c258.nibi.sharcnet: 1 pinned threads; allocated CPUs 189
rank 288 on c272.nibi.sharcnet: 1 pinned threads; allocated CPUs 96
rank 1342 on c313.nibi.sharcnet: 1 pinned threads; allocated CPUs 190
rank 316 on c272.nibi.sharcnet: 1 pinned threads; allocated CPUs 124
rank 5 on c258.nibi.sharcnet: 1 pinned threads; allocated CPUs 5
rank 1163 on c313.nibi.sharcnet: 1 pinned threads; allocated CPUs 11
rank 1149 on c312.nibi.sharcnet: 1 pinned threads; allocated CPUs 189
rank 367 on c272.nibi.sharcnet: 1 pinned threads; allocated CPUs 175
rank 970 on c312.nibi.sharcnet: 1 pinned threads; allocated CPUs 10
rank 735 on c289.nibi.sharcnet: 1 pinned threads; allocated CPUs 159
rank 1455 on c314.nibi.sharcnet: 1 pinned threads; allocated CPUs 111
rank 737 on c289.nibi.sharcnet: 1 pinned threads; allocated CPUs 161
rank 1457 on c314.nibi.sharcnet: 1 pinned threads; allocated CPUs 113
rank 740 on c289.nibi.sharcnet: 1 pinned threads; allocated CPUs 164
rank 13 on c258.nibi.sharcnet: 1 pinned threads; allocated CPUs 13
rank 1177 on c313.nibi.sharcnet: 1 pinned threads; allocated CPUs 25
rank 1183 on c313.nibi.sharcnet: 1 pinned threads; allocated CPUs 31
rank 16 on c258.nibi.sharcnet: 1 pinned threads; allocated CPUs 16
rank 368 on c272.nibi.sharcnet: 1 pinned threads; allocated CPUs 176
rank 1460 on c314.nibi.sharcnet: 1 pinned threads; allocated CPUs 116
rank 1033 on c312.nibi.sharcnet: 1 pinned threads; allocated CPUs 73
rank 369 on c272.nibi.sharcnet: 1 pinned threads; allocated CPUs 177
rank 743 on c289.nibi.sharcnet: 1 pinned threads; allocated CPUs 167
rank 1463 on c314.nibi.sharcnet: 1 pinned threads; allocated CPUs 119
rank 1034 on c312.nibi.sharcnet: 1 pinned threads; allocated CPUs 74
rank 746 on c289.nibi.sharcnet: 1 pinned threads; allocated CPUs 170
rank 1038 on c312.nibi.sharcnet: 1 pinned threads; allocated CPUs 78
rank 18 on c258.nibi.sharcnet: 1 pinned threads; allocated CPUs 18
rank 261 on c272.nibi.sharcnet: 1 pinned threads; allocated CPUs 69
rank 748 on c289.nibi.sharcnet: 1 pinned threads; allocated CPUs 172
rank 1464 on c314.nibi.sharcnet: 1 pinned threads; allocated CPUs 120
rank 1230 on c313.nibi.sharcnet: 1 pinned threads; allocated CPUs 78
rank 1310 on c313.nibi.sharcnet: 1 pinned threads; allocated CPUs 158
rank 20 on c258.nibi.sharcnet: 1 pinned threads; allocated CPUs 20
rank 1311 on c313.nibi.sharcnet: 1 pinned threads; allocated CPUs 159
rank 1467 on c314.nibi.sharcnet: 1 pinned threads; allocated CPUs 123
rank 1047 on c312.nibi.sharcnet: 1 pinned threads; allocated CPUs 87
rank 268 on c272.nibi.sharcnet: 1 pinned threads; allocated CPUs 76
rank 750 on c289.nibi.sharcnet: 1 pinned threads; allocated CPUs 174
rank 1059 on c312.nibi.sharcnet: 1 pinned threads; allocated CPUs 99
rank 753 on c289.nibi.sharcnet: 1 pinned threads; allocated CPUs 177
rank 1468 on c314.nibi.sharcnet: 1 pinned threads; allocated CPUs 124
rank 52 on c258.nibi.sharcnet: 1 pinned threads; allocated CPUs 52
rank 1337 on c313.nibi.sharcnet: 1 pinned threads; allocated CPUs 185
rank 1061 on c312.nibi.sharcnet: 1 pinned threads; allocated CPUs 101
rank 281 on c272.nibi.sharcnet: 1 pinned threads; allocated CPUs 89
rank 375 on c272.nibi.sharcnet: 1 pinned threads; allocated CPUs 183
rank 1470 on c314.nibi.sharcnet: 1 pinned threads; allocated CPUs 126
rank 78 on c258.nibi.sharcnet: 1 pinned threads; allocated CPUs 78
rank 1227 on c313.nibi.sharcnet: 1 pinned threads; allocated CPUs 75
rank 1066 on c312.nibi.sharcnet: 1 pinned threads; allocated CPUs 106
rank 199 on c272.nibi.sharcnet: 1 pinned threads; allocated CPUs 7
rank 1071 on c312.nibi.sharcnet: 1 pinned threads; allocated CPUs 111
rank 1472 on c314.nibi.sharcnet: 1 pinned threads; allocated CPUs 128
rank 1475 on c314.nibi.sharcnet: 1 pinned threads; allocated CPUs 131
rank 95 on c258.nibi.sharcnet: 1 pinned threads; allocated CPUs 95
rank 760 on c289.nibi.sharcnet: 1 pinned threads; allocated CPUs 184
rank 258 on c272.nibi.sharcnet: 1 pinned threads; allocated CPUs 66
rank 761 on c289.nibi.sharcnet: 1 pinned threads; allocated CPUs 185
rank 765 on c289.nibi.sharcnet: 1 pinned threads; allocated CPUs 189
rank 1229 on c313.nibi.sharcnet: 1 pinned threads; allocated CPUs 77
rank 1476 on c314.nibi.sharcnet: 1 pinned threads; allocated CPUs 132
rank 103 on c258.nibi.sharcnet: 1 pinned threads; allocated CPUs 103
rank 1245 on c313.nibi.sharcnet: 1 pinned threads; allocated CPUs 93
rank 1247 on c313.nibi.sharcnet: 1 pinned threads; allocated CPUs 95
rank 263 on c272.nibi.sharcnet: 1 pinned threads; allocated CPUs 71
rank 580 on c289.nibi.sharcnet: 1 pinned threads; allocated CPUs 4
rank 270 on c272.nibi.sharcnet: 1 pinned threads; allocated CPUs 78
rank 581 on c289.nibi.sharcnet: 1 pinned threads; allocated CPUs 5
rank 111 on c258.nibi.sharcnet: 1 pinned threads; allocated CPUs 111
rank 1309 on c313.nibi.sharcnet: 1 pinned threads; allocated CPUs 157
rank 1074 on c312.nibi.sharcnet: 1 pinned threads; allocated CPUs 114
rank 1480 on c314.nibi.sharcnet: 1 pinned threads; allocated CPUs 136
rank 1075 on c312.nibi.sharcnet: 1 pinned threads; allocated CPUs 115
rank 1486 on c314.nibi.sharcnet: 1 pinned threads; allocated CPUs 142
rank 1077 on c312.nibi.sharcnet: 1 pinned threads; allocated CPUs 117
rank 582 on c289.nibi.sharcnet: 1 pinned threads; allocated CPUs 6
rank 114 on c258.nibi.sharcnet: 1 pinned threads; allocated CPUs 114
rank 1487 on c314.nibi.sharcnet: 1 pinned threads; allocated CPUs 143
rank 115 on c258.nibi.sharcnet: 1 pinned threads; allocated CPUs 115
rank 1312 on c313.nibi.sharcnet: 1 pinned threads; allocated CPUs 160
rank 1313 on c313.nibi.sharcnet: 1 pinned threads; allocated CPUs 161
rank 585 on c289.nibi.sharcnet: 1 pinned threads; allocated CPUs 9
rank 591 on c289.nibi.sharcnet: 1 pinned threads; allocated CPUs 15
rank 275 on c272.nibi.sharcnet: 1 pinned threads; allocated CPUs 83
rank 1318 on c313.nibi.sharcnet: 1 pinned threads; allocated CPUs 166
rank 1080 on c312.nibi.sharcnet: 1 pinned threads; allocated CPUs 120
rank 278 on c272.nibi.sharcnet: 1 pinned threads; allocated CPUs 86
rank 1501 on c314.nibi.sharcnet: 1 pinned threads; allocated CPUs 157
rank 142 on c258.nibi.sharcnet: 1 pinned threads; allocated CPUs 142
rank 1084 on c312.nibi.sharcnet: 1 pinned threads; allocated CPUs 124
rank 285 on c272.nibi.sharcnet: 1 pinned threads; allocated CPUs 93
rank 1087 on c312.nibi.sharcnet: 1 pinned threads; allocated CPUs 127
rank 1323 on c313.nibi.sharcnet: 1 pinned threads; allocated CPUs 171
rank 1099 on c312.nibi.sharcnet: 1 pinned threads; allocated CPUs 139
rank 642 on c289.nibi.sharcnet: 1 pinned threads; allocated CPUs 66
rank 1505 on c314.nibi.sharcnet: 1 pinned threads; allocated CPUs 161
rank 161 on c258.nibi.sharcnet: 1 pinned threads; allocated CPUs 161
rank 646 on c289.nibi.sharcnet: 1 pinned threads; allocated CPUs 70
rank 1507 on c314.nibi.sharcnet: 1 pinned threads; allocated CPUs 163
rank 1327 on c313.nibi.sharcnet: 1 pinned threads; allocated CPUs 175
rank 349 on c272.nibi.sharcnet: 1 pinned threads; allocated CPUs 157
rank 1510 on c314.nibi.sharcnet: 1 pinned threads; allocated CPUs 166
rank 165 on c258.nibi.sharcnet: 1 pinned threads; allocated CPUs 165
rank 1111 on c312.nibi.sharcnet: 1 pinned threads; allocated CPUs 151
rank 352 on c272.nibi.sharcnet: 1 pinned threads; allocated CPUs 160
rank 654 on c289.nibi.sharcnet: 1 pinned threads; allocated CPUs 78
rank 1328 on c313.nibi.sharcnet: 1 pinned threads; allocated CPUs 176
rank 364 on c272.nibi.sharcnet: 1 pinned threads; allocated CPUs 172
rank 655 on c289.nibi.sharcnet: 1 pinned threads; allocated CPUs 79
rank 183 on c258.nibi.sharcnet: 1 pinned threads; allocated CPUs 183
rank 1120 on c312.nibi.sharcnet: 1 pinned threads; allocated CPUs 160
rank 1121 on c312.nibi.sharcnet: 1 pinned threads; allocated CPUs 161
rank 1511 on c314.nibi.sharcnet: 1 pinned threads; allocated CPUs 167
rank 3 on c258.nibi.sharcnet: 1 pinned threads; allocated CPUs 3
rank 1329 on c313.nibi.sharcnet: 1 pinned threads; allocated CPUs 177
rank 1124 on c312.nibi.sharcnet: 1 pinned threads; allocated CPUs 164
rank 235 on c272.nibi.sharcnet: 1 pinned threads; allocated CPUs 43
rank 657 on c289.nibi.sharcnet: 1 pinned threads; allocated CPUs 81
rank 1333 on c313.nibi.sharcnet: 1 pinned threads; allocated CPUs 181
rank 286 on c272.nibi.sharcnet: 1 pinned threads; allocated CPUs 94
rank 1514 on c314.nibi.sharcnet: 1 pinned threads; allocated CPUs 170
rank 1516 on c314.nibi.sharcnet: 1 pinned threads; allocated CPUs 172
rank 363 on c272.nibi.sharcnet: 1 pinned threads; allocated CPUs 171
rank 1129 on c312.nibi.sharcnet: 1 pinned threads; allocated CPUs 169
rank 19 on c258.nibi.sharcnet: 1 pinned threads; allocated CPUs 19
rank 1340 on c313.nibi.sharcnet: 1 pinned threads; allocated CPUs 188
rank 660 on c289.nibi.sharcnet: 1 pinned threads; allocated CPUs 84
rank 661 on c289.nibi.sharcnet: 1 pinned threads; allocated CPUs 85
rank 1130 on c312.nibi.sharcnet: 1 pinned threads; allocated CPUs 170
rank 556 on c288.nibi.sharcnet: 1 pinned threads; allocated CPUs 172
rank 372 on c272.nibi.sharcnet: 1 pinned threads; allocated CPUs 180
rank 94 on c258.nibi.sharcnet: 1 pinned threads; allocated CPUs 94
rank 1161 on c313.nibi.sharcnet: 1 pinned threads; allocated CPUs 9
rank 1131 on c312.nibi.sharcnet: 1 pinned threads; allocated CPUs 171
rank 378 on c272.nibi.sharcnet: 1 pinned threads; allocated CPUs 186
rank 662 on c289.nibi.sharcnet: 1 pinned threads; allocated CPUs 86
rank 1221 on c313.nibi.sharcnet: 1 pinned threads; allocated CPUs 69
rank 101 on c258.nibi.sharcnet: 1 pinned threads; allocated CPUs 101
rank 1517 on c314.nibi.sharcnet: 1 pinned threads; allocated CPUs 173
rank 231 on c272.nibi.sharcnet: 1 pinned threads; allocated CPUs 39
rank 1518 on c314.nibi.sharcnet: 1 pinned threads; allocated CPUs 174
rank 1519 on c314.nibi.sharcnet: 1 pinned threads; allocated CPUs 175
rank 131 on c258.nibi.sharcnet: 1 pinned threads; allocated CPUs 131
rank 568 on c288.nibi.sharcnet: 1 pinned threads; allocated CPUs 184
rank 1132 on c312.nibi.sharcnet: 1 pinned threads; allocated CPUs 172
rank 665 on c289.nibi.sharcnet: 1 pinned threads; allocated CPUs 89
rank 1223 on c313.nibi.sharcnet: 1 pinned threads; allocated CPUs 71
rank 1134 on c312.nibi.sharcnet: 1 pinned threads; allocated CPUs 174
rank 253 on c272.nibi.sharcnet: 1 pinned threads; allocated CPUs 61
rank 666 on c289.nibi.sharcnet: 1 pinned threads; allocated CPUs 90
rank 1237 on c313.nibi.sharcnet: 1 pinned threads; allocated CPUs 85
rank 667 on c289.nibi.sharcnet: 1 pinned threads; allocated CPUs 91
rank 55 on c258.nibi.sharcnet: 1 pinned threads; allocated CPUs 55
rank 1521 on c314.nibi.sharcnet: 1 pinned threads; allocated CPUs 177
rank 1522 on c314.nibi.sharcnet: 1 pinned threads; allocated CPUs 178
rank 1246 on c313.nibi.sharcnet: 1 pinned threads; allocated CPUs 94
rank 669 on c289.nibi.sharcnet: 1 pinned threads; allocated CPUs 93
rank 1135 on c312.nibi.sharcnet: 1 pinned threads; allocated CPUs 175
rank 257 on c272.nibi.sharcnet: 1 pinned threads; allocated CPUs 65
rank 448 on c288.nibi.sharcnet: 1 pinned threads; allocated CPUs 64
rank 260 on c272.nibi.sharcnet: 1 pinned threads; allocated CPUs 68
rank 1524 on c314.nibi.sharcnet: 1 pinned threads; allocated CPUs 180
rank 164 on c258.nibi.sharcnet: 1 pinned threads; allocated CPUs 164
rank 1253 on c313.nibi.sharcnet: 1 pinned threads; allocated CPUs 101
rank 481 on c288.nibi.sharcnet: 1 pinned threads; allocated CPUs 97
rank 1525 on c314.nibi.sharcnet: 1 pinned threads; allocated CPUs 181
rank 24 on c258.nibi.sharcnet: 1 pinned threads; allocated CPUs 24
rank 671 on c289.nibi.sharcnet: 1 pinned threads; allocated CPUs 95
rank 675 on c289.nibi.sharcnet: 1 pinned threads; allocated CPUs 99
rank 266 on c272.nibi.sharcnet: 1 pinned threads; allocated CPUs 74
rank 491 on c288.nibi.sharcnet: 1 pinned threads; allocated CPUs 107
rank 1136 on c312.nibi.sharcnet: 1 pinned threads; allocated CPUs 176
rank 1285 on c313.nibi.sharcnet: 1 pinned threads; allocated CPUs 133
rank 1137 on c312.nibi.sharcnet: 1 pinned threads; allocated CPUs 177
rank 1526 on c314.nibi.sharcnet: 1 pinned threads; allocated CPUs 182
rank 26 on c258.nibi.sharcnet: 1 pinned threads; allocated CPUs 26
rank 1306 on c313.nibi.sharcnet: 1 pinned threads; allocated CPUs 154
rank 1139 on c312.nibi.sharcnet: 1 pinned threads; allocated CPUs 179
rank 1140 on c312.nibi.sharcnet: 1 pinned threads; allocated CPUs 180
rank 677 on c289.nibi.sharcnet: 1 pinned threads; allocated CPUs 101
rank 1529 on c314.nibi.sharcnet: 1 pinned threads; allocated CPUs 185
rank 167 on c258.nibi.sharcnet: 1 pinned threads; allocated CPUs 167
rank 1530 on c314.nibi.sharcnet: 1 pinned threads; allocated CPUs 186
rank 269 on c272.nibi.sharcnet: 1 pinned threads; allocated CPUs 77
rank 279 on c272.nibi.sharcnet: 1 pinned threads; allocated CPUs 87
rank 283 on c272.nibi.sharcnet: 1 pinned threads; allocated CPUs 91
rank 171 on c258.nibi.sharcnet: 1 pinned threads; allocated CPUs 171
rank 493 on c288.nibi.sharcnet: 1 pinned threads; allocated CPUs 109
rank 1142 on c312.nibi.sharcnet: 1 pinned threads; allocated CPUs 182
rank 685 on c289.nibi.sharcnet: 1 pinned threads; allocated CPUs 109
rank 505 on c288.nibi.sharcnet: 1 pinned threads; allocated CPUs 121
rank 287 on c272.nibi.sharcnet: 1 pinned threads; allocated CPUs 95
rank 687 on c289.nibi.sharcnet: 1 pinned threads; allocated CPUs 111
rank 1317 on c313.nibi.sharcnet: 1 pinned threads; allocated CPUs 165
rank 1145 on c312.nibi.sharcnet: 1 pinned threads; allocated CPUs 185
rank 1319 on c313.nibi.sharcnet: 1 pinned threads; allocated CPUs 167
rank 2 on c258.nibi.sharcnet: 1 pinned threads; allocated CPUs 2
rank 1326 on c313.nibi.sharcnet: 1 pinned threads; allocated CPUs 174
rank 356 on c272.nibi.sharcnet: 1 pinned threads; allocated CPUs 164
rank 509 on c288.nibi.sharcnet: 1 pinned threads; allocated CPUs 125
rank 1146 on c312.nibi.sharcnet: 1 pinned threads; allocated CPUs 186
rank 11 on c258.nibi.sharcnet: 1 pinned threads; allocated CPUs 11
rank 703 on c289.nibi.sharcnet: 1 pinned threads; allocated CPUs 127
rank 1531 on c314.nibi.sharcnet: 1 pinned threads; allocated CPUs 187
rank 1330 on c313.nibi.sharcnet: 1 pinned threads; allocated CPUs 178
rank 373 on c272.nibi.sharcnet: 1 pinned threads; allocated CPUs 181
rank 706 on c289.nibi.sharcnet: 1 pinned threads; allocated CPUs 130
rank 1345 on c314.nibi.sharcnet: 1 pinned threads; allocated CPUs 1
rank 1331 on c313.nibi.sharcnet: 1 pinned threads; allocated CPUs 179
rank 1348 on c314.nibi.sharcnet: 1 pinned threads; allocated CPUs 4
rank 1151 on c312.nibi.sharcnet: 1 pinned threads; allocated CPUs 191
rank 259 on c272.nibi.sharcnet: 1 pinned threads; allocated CPUs 67
rank 709 on c289.nibi.sharcnet: 1 pinned threads; allocated CPUs 133
rank 148 on c258.nibi.sharcnet: 1 pinned threads; allocated CPUs 148
rank 1332 on c313.nibi.sharcnet: 1 pinned threads; allocated CPUs 180
rank 968 on c312.nibi.sharcnet: 1 pinned threads; allocated CPUs 8
rank 526 on c288.nibi.sharcnet: 1 pinned threads; allocated CPUs 142
rank 1113 on c312.nibi.sharcnet: 1 pinned threads; allocated CPUs 153
rank 355 on c272.nibi.sharcnet: 1 pinned threads; allocated CPUs 163
rank 710 on c289.nibi.sharcnet: 1 pinned threads; allocated CPUs 134
rank 1398 on c314.nibi.sharcnet: 1 pinned threads; allocated CPUs 54
rank 25 on c258.nibi.sharcnet: 1 pinned threads; allocated CPUs 25
rank 532 on c288.nibi.sharcnet: 1 pinned threads; allocated CPUs 148
rank 1405 on c314.nibi.sharcnet: 1 pinned threads; allocated CPUs 61
rank 1336 on c313.nibi.sharcnet: 1 pinned threads; allocated CPUs 184
rank 715 on c289.nibi.sharcnet: 1 pinned threads; allocated CPUs 139
rank 1417 on c314.nibi.sharcnet: 1 pinned threads; allocated CPUs 73
rank 1152 on c313.nibi.sharcnet: 1 pinned threads; allocated CPUs 0
rank 344 on c272.nibi.sharcnet: 1 pinned threads; allocated CPUs 152
rank 65 on c258.nibi.sharcnet: 1 pinned threads; allocated CPUs 65
rank 534 on c288.nibi.sharcnet: 1 pinned threads; allocated CPUs 150
rank 1123 on c312.nibi.sharcnet: 1 pinned threads; allocated CPUs 163
rank 357 on c272.nibi.sharcnet: 1 pinned threads; allocated CPUs 165
rank 1421 on c314.nibi.sharcnet: 1 pinned threads; allocated CPUs 77
rank 179 on c258.nibi.sharcnet: 1 pinned threads; allocated CPUs 179
rank 717 on c289.nibi.sharcnet: 1 pinned threads; allocated CPUs 141
rank 1428 on c314.nibi.sharcnet: 1 pinned threads; allocated CPUs 84
rank 1143 on c312.nibi.sharcnet: 1 pinned threads; allocated CPUs 183
rank 354 on c272.nibi.sharcnet: 1 pinned threads; allocated CPUs 162
rank 723 on c289.nibi.sharcnet: 1 pinned threads; allocated CPUs 147
rank 1251 on c313.nibi.sharcnet: 1 pinned threads; allocated CPUs 99
rank 1147 on c312.nibi.sharcnet: 1 pinned threads; allocated CPUs 187
rank 1321 on c313.nibi.sharcnet: 1 pinned threads; allocated CPUs 169
rank 726 on c289.nibi.sharcnet: 1 pinned threads; allocated CPUs 150
rank 184 on c258.nibi.sharcnet: 1 pinned threads; allocated CPUs 184
rank 362 on c272.nibi.sharcnet: 1 pinned threads; allocated CPUs 170
rank 1431 on c314.nibi.sharcnet: 1 pinned threads; allocated CPUs 87
rank 1343 on c313.nibi.sharcnet: 1 pinned threads; allocated CPUs 191
rank 541 on c288.nibi.sharcnet: 1 pinned threads; allocated CPUs 157
rank 558 on c288.nibi.sharcnet: 1 pinned threads; allocated CPUs 174
rank 58 on c258.nibi.sharcnet: 1 pinned threads; allocated CPUs 58
rank 1094 on c312.nibi.sharcnet: 1 pinned threads; allocated CPUs 134
rank 201 on c272.nibi.sharcnet: 1 pinned threads; allocated CPUs 9
rank 1334 on c313.nibi.sharcnet: 1 pinned threads; allocated CPUs 182
rank 1443 on c314.nibi.sharcnet: 1 pinned threads; allocated CPUs 99
rank 727 on c289.nibi.sharcnet: 1 pinned threads; allocated CPUs 151
rank 1445 on c314.nibi.sharcnet: 1 pinned threads; allocated CPUs 101
rank 390 on c288.nibi.sharcnet: 1 pinned threads; allocated CPUs 6
rank 315 on c272.nibi.sharcnet: 1 pinned threads; allocated CPUs 123
rank 734 on c289.nibi.sharcnet: 1 pinned threads; allocated CPUs 158
rank 79 on c258.nibi.sharcnet: 1 pinned threads; allocated CPUs 79
rank 962 on c312.nibi.sharcnet: 1 pinned threads; allocated CPUs 2
rank 1133 on c312.nibi.sharcnet: 1 pinned threads; allocated CPUs 173
rank 1320 on c313.nibi.sharcnet: 1 pinned threads; allocated CPUs 168
rank 1454 on c314.nibi.sharcnet: 1 pinned threads; allocated CPUs 110
rank 110 on c258.nibi.sharcnet: 1 pinned threads; allocated CPUs 110
rank 399 on c288.nibi.sharcnet: 1 pinned threads; allocated CPUs 15
rank 366 on c272.nibi.sharcnet: 1 pinned threads; allocated CPUs 174
rank 1458 on c314.nibi.sharcnet: 1 pinned threads; allocated CPUs 114
rank 1325 on c313.nibi.sharcnet: 1 pinned threads; allocated CPUs 173
rank 1078 on c312.nibi.sharcnet: 1 pinned threads; allocated CPUs 118
rank 736 on c289.nibi.sharcnet: 1 pinned threads; allocated CPUs 160
rank 30 on c258.nibi.sharcnet: 1 pinned threads; allocated CPUs 30
rank 1217 on c313.nibi.sharcnet: 1 pinned threads; allocated CPUs 65
rank 738 on c289.nibi.sharcnet: 1 pinned threads; allocated CPUs 162
rank 383 on c272.nibi.sharcnet: 1 pinned threads; allocated CPUs 191
rank 1466 on c314.nibi.sharcnet: 1 pinned threads; allocated CPUs 122
rank 177 on c258.nibi.sharcnet: 1 pinned threads; allocated CPUs 177
rank 417 on c288.nibi.sharcnet: 1 pinned threads; allocated CPUs 33
rank 273 on c272.nibi.sharcnet: 1 pinned threads; allocated CPUs 81
rank 742 on c289.nibi.sharcnet: 1 pinned threads; allocated CPUs 166
rank 1491 on c314.nibi.sharcnet: 1 pinned threads; allocated CPUs 147
rank 1324 on c313.nibi.sharcnet: 1 pinned threads; allocated CPUs 172
rank 419 on c288.nibi.sharcnet: 1 pinned threads; allocated CPUs 35
rank 284 on c272.nibi.sharcnet: 1 pinned threads; allocated CPUs 92
rank 190 on c258.nibi.sharcnet: 1 pinned threads; allocated CPUs 190
rank 747 on c289.nibi.sharcnet: 1 pinned threads; allocated CPUs 171
rank 1504 on c314.nibi.sharcnet: 1 pinned threads; allocated CPUs 160
rank 370 on c272.nibi.sharcnet: 1 pinned threads; allocated CPUs 178
rank 749 on c289.nibi.sharcnet: 1 pinned threads; allocated CPUs 173
rank 125 on c258.nibi.sharcnet: 1 pinned threads; allocated CPUs 125
rank 1228 on c313.nibi.sharcnet: 1 pinned threads; allocated CPUs 76
rank 1506 on c314.nibi.sharcnet: 1 pinned threads; allocated CPUs 162
rank 1315 on c313.nibi.sharcnet: 1 pinned threads; allocated CPUs 163
rank 423 on c288.nibi.sharcnet: 1 pinned threads; allocated CPUs 39
rank 1335 on c313.nibi.sharcnet: 1 pinned threads; allocated CPUs 183
rank 172 on c258.nibi.sharcnet: 1 pinned threads; allocated CPUs 172
rank 1508 on c314.nibi.sharcnet: 1 pinned threads; allocated CPUs 164
rank 358 on c272.nibi.sharcnet: 1 pinned threads; allocated CPUs 166
rank 1159 on c313.nibi.sharcnet: 1 pinned threads; allocated CPUs 7
rank 751 on c289.nibi.sharcnet: 1 pinned threads; allocated CPUs 175
rank 424 on c288.nibi.sharcnet: 1 pinned threads; allocated CPUs 40
rank 752 on c289.nibi.sharcnet: 1 pinned threads; allocated CPUs 176
rank 1509 on c314.nibi.sharcnet: 1 pinned threads; allocated CPUs 165
rank 89 on c258.nibi.sharcnet: 1 pinned threads; allocated CPUs 89
rank 754 on c289.nibi.sharcnet: 1 pinned threads; allocated CPUs 178
rank 1252 on c313.nibi.sharcnet: 1 pinned threads; allocated CPUs 100
rank 755 on c289.nibi.sharcnet: 1 pinned threads; allocated CPUs 179
rank 430 on c288.nibi.sharcnet: 1 pinned threads; allocated CPUs 46
rank 374 on c272.nibi.sharcnet: 1 pinned threads; allocated CPUs 182
rank 1512 on c314.nibi.sharcnet: 1 pinned threads; allocated CPUs 168
rank 9 on c258.nibi.sharcnet: 1 pinned threads; allocated CPUs 9
rank 382 on c272.nibi.sharcnet: 1 pinned threads; allocated CPUs 190
rank 380 on c272.nibi.sharcnet: 1 pinned threads; allocated CPUs 188
rank 1316 on c313.nibi.sharcnet: 1 pinned threads; allocated CPUs 164
rank 756 on c289.nibi.sharcnet: 1 pinned threads; allocated CPUs 180
rank 1513 on c314.nibi.sharcnet: 1 pinned threads; allocated CPUs 169
rank 1208 on c313.nibi.sharcnet: 1 pinned threads; allocated CPUs 56
rank 435 on c288.nibi.sharcnet: 1 pinned threads; allocated CPUs 51
rank 314 on c272.nibi.sharcnet: 1 pinned threads; allocated CPUs 122
rank 31 on c258.nibi.sharcnet: 1 pinned threads; allocated CPUs 31
rank 21 on c258.nibi.sharcnet: 1 pinned threads; allocated CPUs 21
rank 1168 on c313.nibi.sharcnet: 1 pinned threads; allocated CPUs 16
rank 271 on c272.nibi.sharcnet: 1 pinned threads; allocated CPUs 79
rank 1532 on c314.nibi.sharcnet: 1 pinned threads; allocated CPUs 188
rank 757 on c289.nibi.sharcnet: 1 pinned threads; allocated CPUs 181
rank 759 on c289.nibi.sharcnet: 1 pinned threads; allocated CPUs 183
rank 441 on c288.nibi.sharcnet: 1 pinned threads; allocated CPUs 57
rank 359 on c272.nibi.sharcnet: 1 pinned threads; allocated CPUs 167
rank 28 on c258.nibi.sharcnet: 1 pinned threads; allocated CPUs 28
rank 762 on c289.nibi.sharcnet: 1 pinned threads; allocated CPUs 186
rank 1535 on c314.nibi.sharcnet: 1 pinned threads; allocated CPUs 191
rank 444 on c288.nibi.sharcnet: 1 pinned threads; allocated CPUs 60
rank 1344 on c314.nibi.sharcnet: 1 pinned threads; allocated CPUs 0
rank 1203 on c313.nibi.sharcnet: 1 pinned threads; allocated CPUs 51
rank 1261 on c313.nibi.sharcnet: 1 pinned threads; allocated CPUs 109
rank 302 on c272.nibi.sharcnet: 1 pinned threads; allocated CPUs 110
rank 220 on c272.nibi.sharcnet: 1 pinned threads; allocated CPUs 28
rank 763 on c289.nibi.sharcnet: 1 pinned threads; allocated CPUs 187
rank 1367 on c314.nibi.sharcnet: 1 pinned threads; allocated CPUs 23
rank 764 on c289.nibi.sharcnet: 1 pinned threads; allocated CPUs 188
rank 1408 on c314.nibi.sharcnet: 1 pinned threads; allocated CPUs 64
rank 1155 on c313.nibi.sharcnet: 1 pinned threads; allocated CPUs 3
rank 446 on c288.nibi.sharcnet: 1 pinned threads; allocated CPUs 62
rank 1213 on c313.nibi.sharcnet: 1 pinned threads; allocated CPUs 61
rank 465 on c288.nibi.sharcnet: 1 pinned threads; allocated CPUs 81
rank 276 on c272.nibi.sharcnet: 1 pinned threads; allocated CPUs 84
rank 766 on c289.nibi.sharcnet: 1 pinned threads; allocated CPUs 190
rank 466 on c288.nibi.sharcnet: 1 pinned threads; allocated CPUs 82
rank 282 on c272.nibi.sharcnet: 1 pinned threads; allocated CPUs 90
rank 1414 on c314.nibi.sharcnet: 1 pinned threads; allocated CPUs 70
rank 1263 on c313.nibi.sharcnet: 1 pinned threads; allocated CPUs 111
rank 767 on c289.nibi.sharcnet: 1 pinned threads; allocated CPUs 191
rank 1426 on c314.nibi.sharcnet: 1 pinned threads; allocated CPUs 82
rank 1176 on c313.nibi.sharcnet: 1 pinned threads; allocated CPUs 24
rank 294 on c272.nibi.sharcnet: 1 pinned threads; allocated CPUs 102
rank 1515 on c314.nibi.sharcnet: 1 pinned threads; allocated CPUs 171
rank 480 on c288.nibi.sharcnet: 1 pinned threads; allocated CPUs 96
rank 577 on c289.nibi.sharcnet: 1 pinned threads; allocated CPUs 1
rank 587 on c289.nibi.sharcnet: 1 pinned threads; allocated CPUs 11
rank 1210 on c313.nibi.sharcnet: 1 pinned threads; allocated CPUs 58
rank 377 on c272.nibi.sharcnet: 1 pinned threads; allocated CPUs 185
rank 1520 on c314.nibi.sharcnet: 1 pinned threads; allocated CPUs 176
rank 218 on c272.nibi.sharcnet: 1 pinned threads; allocated CPUs 26
rank 495 on c288.nibi.sharcnet: 1 pinned threads; allocated CPUs 111
rank 622 on c289.nibi.sharcnet: 1 pinned threads; allocated CPUs 46
rank 1194 on c313.nibi.sharcnet: 1 pinned threads; allocated CPUs 42
rank 508 on c288.nibi.sharcnet: 1 pinned threads; allocated CPUs 124
rank 1197 on c313.nibi.sharcnet: 1 pinned threads; allocated CPUs 45
rank 539 on c288.nibi.sharcnet: 1 pinned threads; allocated CPUs 155
rank 1534 on c314.nibi.sharcnet: 1 pinned threads; allocated CPUs 190
rank 239 on c272.nibi.sharcnet: 1 pinned threads; allocated CPUs 47
rank 683 on c289.nibi.sharcnet: 1 pinned threads; allocated CPUs 107
rank 1370 on c314.nibi.sharcnet: 1 pinned threads; allocated CPUs 26
rank 554 on c288.nibi.sharcnet: 1 pinned threads; allocated CPUs 170
rank 265 on c272.nibi.sharcnet: 1 pinned threads; allocated CPUs 73
rank 1256 on c313.nibi.sharcnet: 1 pinned threads; allocated CPUs 104
rank 195 on c272.nibi.sharcnet: 1 pinned threads; allocated CPUs 3
rank 720 on c289.nibi.sharcnet: 1 pinned threads; allocated CPUs 144
rank 557 on c288.nibi.sharcnet: 1 pinned threads; allocated CPUs 173
rank 1390 on c314.nibi.sharcnet: 1 pinned threads; allocated CPUs 46
rank 1436 on c314.nibi.sharcnet: 1 pinned threads; allocated CPUs 92
rank 1182 on c313.nibi.sharcnet: 1 pinned threads; allocated CPUs 30
rank 203 on c272.nibi.sharcnet: 1 pinned threads; allocated CPUs 11
rank 1214 on c313.nibi.sharcnet: 1 pinned threads; allocated CPUs 62
rank 722 on c289.nibi.sharcnet: 1 pinned threads; allocated CPUs 146
rank 262 on c272.nibi.sharcnet: 1 pinned threads; allocated CPUs 70
rank 725 on c289.nibi.sharcnet: 1 pinned threads; allocated CPUs 149
rank 561 on c288.nibi.sharcnet: 1 pinned threads; allocated CPUs 177
rank 1164 on c313.nibi.sharcnet: 1 pinned threads; allocated CPUs 12
rank 565 on c288.nibi.sharcnet: 1 pinned threads; allocated CPUs 181
rank 1382 on c314.nibi.sharcnet: 1 pinned threads; allocated CPUs 38
rank 1339 on c313.nibi.sharcnet: 1 pinned threads; allocated CPUs 187
rank 907 on c311.nibi.sharcnet: 1 pinned threads; allocated CPUs 139
rank 1448 on c314.nibi.sharcnet: 1 pinned threads; allocated CPUs 104
rank 385 on c288.nibi.sharcnet: 1 pinned threads; allocated CPUs 1
rank 1365 on c314.nibi.sharcnet: 1 pinned threads; allocated CPUs 21
rank 277 on c272.nibi.sharcnet: 1 pinned threads; allocated CPUs 85
rank 274 on c272.nibi.sharcnet: 1 pinned threads; allocated CPUs 82
rank 730 on c289.nibi.sharcnet: 1 pinned threads; allocated CPUs 154
rank 1497 on c314.nibi.sharcnet: 1 pinned threads; allocated CPUs 153
rank 401 on c288.nibi.sharcnet: 1 pinned threads; allocated CPUs 17
rank 739 on c289.nibi.sharcnet: 1 pinned threads; allocated CPUs 163
rank 741 on c289.nibi.sharcnet: 1 pinned threads; allocated CPUs 165
rank 1413 on c314.nibi.sharcnet: 1 pinned threads; allocated CPUs 69
rank 267 on c272.nibi.sharcnet: 1 pinned threads; allocated CPUs 75
rank 1240 on c313.nibi.sharcnet: 1 pinned threads; allocated CPUs 88
rank 1153 on c313.nibi.sharcnet: 1 pinned threads; allocated CPUs 1
rank 1175 on c313.nibi.sharcnet: 1 pinned threads; allocated CPUs 23
rank 405 on c288.nibi.sharcnet: 1 pinned threads; allocated CPUs 21
rank 603 on c289.nibi.sharcnet: 1 pinned threads; allocated CPUs 27
rank 1528 on c314.nibi.sharcnet: 1 pinned threads; allocated CPUs 184
rank 420 on c288.nibi.sharcnet: 1 pinned threads; allocated CPUs 36
rank 780 on c311.nibi.sharcnet: 1 pinned threads; allocated CPUs 12
rank 712 on c289.nibi.sharcnet: 1 pinned threads; allocated CPUs 136
rank 731 on c289.nibi.sharcnet: 1 pinned threads; allocated CPUs 155
rank 877 on c311.nibi.sharcnet: 1 pinned threads; allocated CPUs 109
rank 1180 on c313.nibi.sharcnet: 1 pinned threads; allocated CPUs 28
rank 1481 on c314.nibi.sharcnet: 1 pinned threads; allocated CPUs 137
rank 1242 on c313.nibi.sharcnet: 1 pinned threads; allocated CPUs 90
rank 623 on c289.nibi.sharcnet: 1 pinned threads; allocated CPUs 47
rank 1494 on c314.nibi.sharcnet: 1 pinned threads; allocated CPUs 150
rank 421 on c288.nibi.sharcnet: 1 pinned threads; allocated CPUs 37
rank 498 on c288.nibi.sharcnet: 1 pinned threads; allocated CPUs 114
rank 885 on c311.nibi.sharcnet: 1 pinned threads; allocated CPUs 117
rank 1499 on c314.nibi.sharcnet: 1 pinned threads; allocated CPUs 155
rank 555 on c288.nibi.sharcnet: 1 pinned threads; allocated CPUs 171
rank 559 on c288.nibi.sharcnet: 1 pinned threads; allocated CPUs 175
rank 889 on c311.nibi.sharcnet: 1 pinned threads; allocated CPUs 121
rank 647 on c289.nibi.sharcnet: 1 pinned threads; allocated CPUs 71
rank 1523 on c314.nibi.sharcnet: 1 pinned threads; allocated CPUs 179
rank 758 on c289.nibi.sharcnet: 1 pinned threads; allocated CPUs 182
rank 782 on c311.nibi.sharcnet: 1 pinned threads; allocated CPUs 14
rank 708 on c289.nibi.sharcnet: 1 pinned threads; allocated CPUs 132
rank 880 on c311.nibi.sharcnet: 1 pinned threads; allocated CPUs 112
rank 624 on c289.nibi.sharcnet: 1 pinned threads; allocated CPUs 48
rank 1384 on c314.nibi.sharcnet: 1 pinned threads; allocated CPUs 40
rank 560 on c288.nibi.sharcnet: 1 pinned threads; allocated CPUs 176
rank 1412 on c314.nibi.sharcnet: 1 pinned threads; allocated CPUs 68
rank 388 on c288.nibi.sharcnet: 1 pinned threads; allocated CPUs 4
rank 911 on c311.nibi.sharcnet: 1 pinned threads; allocated CPUs 143
rank 674 on c289.nibi.sharcnet: 1 pinned threads; allocated CPUs 98
rank 1357 on c314.nibi.sharcnet: 1 pinned threads; allocated CPUs 13
rank 827 on c311.nibi.sharcnet: 1 pinned threads; allocated CPUs 59
rank 602 on c289.nibi.sharcnet: 1 pinned threads; allocated CPUs 26
rank 1461 on c314.nibi.sharcnet: 1 pinned threads; allocated CPUs 117
rank 893 on c311.nibi.sharcnet: 1 pinned threads; allocated CPUs 125
rank 1482 on c314.nibi.sharcnet: 1 pinned threads; allocated CPUs 138
rank 391 on c288.nibi.sharcnet: 1 pinned threads; allocated CPUs 7
rank 400 on c288.nibi.sharcnet: 1 pinned threads; allocated CPUs 16
rank 453 on c288.nibi.sharcnet: 1 pinned threads; allocated CPUs 69
rank 632 on c289.nibi.sharcnet: 1 pinned threads; allocated CPUs 56
rank 610 on c289.nibi.sharcnet: 1 pinned threads; allocated CPUs 34
rank 1372 on c314.nibi.sharcnet: 1 pinned threads; allocated CPUs 28
rank 891 on c311.nibi.sharcnet: 1 pinned threads; allocated CPUs 123
rank 619 on c289.nibi.sharcnet: 1 pinned threads; allocated CPUs 43
rank 473 on c288.nibi.sharcnet: 1 pinned threads; allocated CPUs 89
rank 781 on c311.nibi.sharcnet: 1 pinned threads; allocated CPUs 13
rank 690 on c289.nibi.sharcnet: 1 pinned threads; allocated CPUs 114
rank 484 on c288.nibi.sharcnet: 1 pinned threads; allocated CPUs 100
rank 792 on c311.nibi.sharcnet: 1 pinned threads; allocated CPUs 24
rank 1498 on c314.nibi.sharcnet: 1 pinned threads; allocated CPUs 154
rank 1483 on c314.nibi.sharcnet: 1 pinned threads; allocated CPUs 139
rank 875 on c311.nibi.sharcnet: 1 pinned threads; allocated CPUs 107
rank 487 on c288.nibi.sharcnet: 1 pinned threads; allocated CPUs 103
rank 601 on c289.nibi.sharcnet: 1 pinned threads; allocated CPUs 25
rank 492 on c288.nibi.sharcnet: 1 pinned threads; allocated CPUs 108
rank 1440 on c314.nibi.sharcnet: 1 pinned threads; allocated CPUs 96
rank 598 on c289.nibi.sharcnet: 1 pinned threads; allocated CPUs 22
rank 1452 on c314.nibi.sharcnet: 1 pinned threads; allocated CPUs 108
rank 879 on c311.nibi.sharcnet: 1 pinned threads; allocated CPUs 111
rank 384 on c288.nibi.sharcnet: 1 pinned threads; allocated CPUs 0
rank 896 on c311.nibi.sharcnet: 1 pinned threads; allocated CPUs 128
rank 389 on c288.nibi.sharcnet: 1 pinned threads; allocated CPUs 5
rank 644 on c289.nibi.sharcnet: 1 pinned threads; allocated CPUs 68
rank 1366 on c314.nibi.sharcnet: 1 pinned threads; allocated CPUs 22
rank 724 on c289.nibi.sharcnet: 1 pinned threads; allocated CPUs 148
rank 397 on c288.nibi.sharcnet: 1 pinned threads; allocated CPUs 13
rank 772 on c311.nibi.sharcnet: 1 pinned threads; allocated CPUs 4
rank 878 on c311.nibi.sharcnet: 1 pinned threads; allocated CPUs 110
rank 445 on c288.nibi.sharcnet: 1 pinned threads; allocated CPUs 61
rank 721 on c289.nibi.sharcnet: 1 pinned threads; allocated CPUs 145
rank 1351 on c314.nibi.sharcnet: 1 pinned threads; allocated CPUs 7
rank 1353 on c314.nibi.sharcnet: 1 pinned threads; allocated CPUs 9
rank 1356 on c314.nibi.sharcnet: 1 pinned threads; allocated CPUs 12
rank 504 on c288.nibi.sharcnet: 1 pinned threads; allocated CPUs 120
rank 745 on c289.nibi.sharcnet: 1 pinned threads; allocated CPUs 169
rank 1362 on c314.nibi.sharcnet: 1 pinned threads; allocated CPUs 18
rank 659 on c289.nibi.sharcnet: 1 pinned threads; allocated CPUs 83
rank 768 on c311.nibi.sharcnet: 1 pinned threads; allocated CPUs 0
rank 770 on c311.nibi.sharcnet: 1 pinned threads; allocated CPUs 2
rank 775 on c311.nibi.sharcnet: 1 pinned threads; allocated CPUs 7
rank 549 on c288.nibi.sharcnet: 1 pinned threads; allocated CPUs 165
rank 707 on c289.nibi.sharcnet: 1 pinned threads; allocated CPUs 131
rank 1347 on c314.nibi.sharcnet: 1 pinned threads; allocated CPUs 3
rank 664 on c289.nibi.sharcnet: 1 pinned threads; allocated CPUs 88
rank 1422 on c314.nibi.sharcnet: 1 pinned threads; allocated CPUs 78
rank 460 on c288.nibi.sharcnet: 1 pinned threads; allocated CPUs 76
rank 778 on c311.nibi.sharcnet: 1 pinned threads; allocated CPUs 10
rank 783 on c311.nibi.sharcnet: 1 pinned threads; allocated CPUs 15
rank 503 on c288.nibi.sharcnet: 1 pinned threads; allocated CPUs 119
rank 1416 on c314.nibi.sharcnet: 1 pinned threads; allocated CPUs 72
rank 791 on c311.nibi.sharcnet: 1 pinned threads; allocated CPUs 23
rank 1419 on c314.nibi.sharcnet: 1 pinned threads; allocated CPUs 75
rank 416 on c288.nibi.sharcnet: 1 pinned threads; allocated CPUs 32
rank 799 on c311.nibi.sharcnet: 1 pinned threads; allocated CPUs 31
rank 1363 on c314.nibi.sharcnet: 1 pinned threads; allocated CPUs 19
rank 1469 on c314.nibi.sharcnet: 1 pinned threads; allocated CPUs 125
rank 457 on c288.nibi.sharcnet: 1 pinned threads; allocated CPUs 73
rank 506 on c288.nibi.sharcnet: 1 pinned threads; allocated CPUs 122
rank 866 on c311.nibi.sharcnet: 1 pinned threads; allocated CPUs 98
rank 869 on c311.nibi.sharcnet: 1 pinned threads; allocated CPUs 101
rank 1450 on c314.nibi.sharcnet: 1 pinned threads; allocated CPUs 106
rank 872 on c311.nibi.sharcnet: 1 pinned threads; allocated CPUs 104
rank 573 on c288.nibi.sharcnet: 1 pinned threads; allocated CPUs 189
rank 1368 on c314.nibi.sharcnet: 1 pinned threads; allocated CPUs 24
rank 1471 on c314.nibi.sharcnet: 1 pinned threads; allocated CPUs 127
rank 881 on c311.nibi.sharcnet: 1 pinned threads; allocated CPUs 113
rank 892 on c311.nibi.sharcnet: 1 pinned threads; allocated CPUs 124
rank 459 on c288.nibi.sharcnet: 1 pinned threads; allocated CPUs 75
rank 477 on c288.nibi.sharcnet: 1 pinned threads; allocated CPUs 93
rank 545 on c288.nibi.sharcnet: 1 pinned threads; allocated CPUs 161
rank 1533 on c314.nibi.sharcnet: 1 pinned threads; allocated CPUs 189
rank 410 on c288.nibi.sharcnet: 1 pinned threads; allocated CPUs 26
rank 769 on c311.nibi.sharcnet: 1 pinned threads; allocated CPUs 1
rank 776 on c311.nibi.sharcnet: 1 pinned threads; allocated CPUs 8
rank 1427 on c314.nibi.sharcnet: 1 pinned threads; allocated CPUs 83
rank 1439 on c314.nibi.sharcnet: 1 pinned threads; allocated CPUs 95
rank 786 on c311.nibi.sharcnet: 1 pinned threads; allocated CPUs 18
rank 1459 on c314.nibi.sharcnet: 1 pinned threads; allocated CPUs 115
rank 415 on c288.nibi.sharcnet: 1 pinned threads; allocated CPUs 31
rank 798 on c311.nibi.sharcnet: 1 pinned threads; allocated CPUs 30
rank 455 on c288.nibi.sharcnet: 1 pinned threads; allocated CPUs 71
rank 1527 on c314.nibi.sharcnet: 1 pinned threads; allocated CPUs 183
rank 458 on c288.nibi.sharcnet: 1 pinned threads; allocated CPUs 74
rank 821 on c311.nibi.sharcnet: 1 pinned threads; allocated CPUs 53
rank 486 on c288.nibi.sharcnet: 1 pinned threads; allocated CPUs 102
rank 841 on c311.nibi.sharcnet: 1 pinned threads; allocated CPUs 73
rank 849 on c311.nibi.sharcnet: 1 pinned threads; allocated CPUs 81
rank 488 on c288.nibi.sharcnet: 1 pinned threads; allocated CPUs 104
rank 494 on c288.nibi.sharcnet: 1 pinned threads; allocated CPUs 110
rank 864 on c311.nibi.sharcnet: 1 pinned threads; allocated CPUs 96
rank 536 on c288.nibi.sharcnet: 1 pinned threads; allocated CPUs 152
rank 574 on c288.nibi.sharcnet: 1 pinned threads; allocated CPUs 190
rank 870 on c311.nibi.sharcnet: 1 pinned threads; allocated CPUs 102
rank 871 on c311.nibi.sharcnet: 1 pinned threads; allocated CPUs 103
rank 456 on c288.nibi.sharcnet: 1 pinned threads; allocated CPUs 72
rank 873 on c311.nibi.sharcnet: 1 pinned threads; allocated CPUs 105
rank 876 on c311.nibi.sharcnet: 1 pinned threads; allocated CPUs 108
rank 461 on c288.nibi.sharcnet: 1 pinned threads; allocated CPUs 77
rank 462 on c288.nibi.sharcnet: 1 pinned threads; allocated CPUs 78
rank 884 on c311.nibi.sharcnet: 1 pinned threads; allocated CPUs 116
rank 468 on c288.nibi.sharcnet: 1 pinned threads; allocated CPUs 84
rank 887 on c311.nibi.sharcnet: 1 pinned threads; allocated CPUs 119
rank 502 on c288.nibi.sharcnet: 1 pinned threads; allocated CPUs 118
rank 888 on c311.nibi.sharcnet: 1 pinned threads; allocated CPUs 120
rank 547 on c288.nibi.sharcnet: 1 pinned threads; allocated CPUs 163
rank 890 on c311.nibi.sharcnet: 1 pinned threads; allocated CPUs 122
rank 422 on c288.nibi.sharcnet: 1 pinned threads; allocated CPUs 38
rank 895 on c311.nibi.sharcnet: 1 pinned threads; allocated CPUs 127
rank 489 on c288.nibi.sharcnet: 1 pinned threads; allocated CPUs 105
rank 945 on c311.nibi.sharcnet: 1 pinned threads; allocated CPUs 177
rank 501 on c288.nibi.sharcnet: 1 pinned threads; allocated CPUs 117
rank 771 on c311.nibi.sharcnet: 1 pinned threads; allocated CPUs 3
rank 575 on c288.nibi.sharcnet: 1 pinned threads; allocated CPUs 191
rank 773 on c311.nibi.sharcnet: 1 pinned threads; allocated CPUs 5
rank 398 on c288.nibi.sharcnet: 1 pinned threads; allocated CPUs 14
rank 774 on c311.nibi.sharcnet: 1 pinned threads; allocated CPUs 6
rank 394 on c288.nibi.sharcnet: 1 pinned threads; allocated CPUs 10
rank 777 on c311.nibi.sharcnet: 1 pinned threads; allocated CPUs 9
rank 407 on c288.nibi.sharcnet: 1 pinned threads; allocated CPUs 23
rank 784 on c311.nibi.sharcnet: 1 pinned threads; allocated CPUs 16
rank 785 on c311.nibi.sharcnet: 1 pinned threads; allocated CPUs 17
rank 426 on c288.nibi.sharcnet: 1 pinned threads; allocated CPUs 42
rank 469 on c288.nibi.sharcnet: 1 pinned threads; allocated CPUs 85
rank 485 on c288.nibi.sharcnet: 1 pinned threads; allocated CPUs 101
rank 788 on c311.nibi.sharcnet: 1 pinned threads; allocated CPUs 20
rank 1015 on c312.nibi.sharcnet: 1 pinned threads; allocated CPUs 55
rank 790 on c311.nibi.sharcnet: 1 pinned threads; allocated CPUs 22
rank 793 on c311.nibi.sharcnet: 1 pinned threads; allocated CPUs 25
rank 500 on c288.nibi.sharcnet: 1 pinned threads; allocated CPUs 116
rank 794 on c311.nibi.sharcnet: 1 pinned threads; allocated CPUs 26
rank 507 on c288.nibi.sharcnet: 1 pinned threads; allocated CPUs 123
rank 566 on c288.nibi.sharcnet: 1 pinned threads; allocated CPUs 182
rank 795 on c311.nibi.sharcnet: 1 pinned threads; allocated CPUs 27
rank 567 on c288.nibi.sharcnet: 1 pinned threads; allocated CPUs 183
rank 796 on c311.nibi.sharcnet: 1 pinned threads; allocated CPUs 28
rank 386 on c288.nibi.sharcnet: 1 pinned threads; allocated CPUs 2
rank 396 on c288.nibi.sharcnet: 1 pinned threads; allocated CPUs 12
rank 797 on c311.nibi.sharcnet: 1 pinned threads; allocated CPUs 29
rank 402 on c288.nibi.sharcnet: 1 pinned threads; allocated CPUs 18
rank 824 on c311.nibi.sharcnet: 1 pinned threads; allocated CPUs 56
rank 868 on c311.nibi.sharcnet: 1 pinned threads; allocated CPUs 100
rank 404 on c288.nibi.sharcnet: 1 pinned threads; allocated CPUs 20
rank 874 on c311.nibi.sharcnet: 1 pinned threads; allocated CPUs 106
rank 408 on c288.nibi.sharcnet: 1 pinned threads; allocated CPUs 24
rank 883 on c311.nibi.sharcnet: 1 pinned threads; allocated CPUs 115
rank 411 on c288.nibi.sharcnet: 1 pinned threads; allocated CPUs 27
rank 886 on c311.nibi.sharcnet: 1 pinned threads; allocated CPUs 118
rank 414 on c288.nibi.sharcnet: 1 pinned threads; allocated CPUs 30
rank 894 on c311.nibi.sharcnet: 1 pinned threads; allocated CPUs 126
rank 447 on c288.nibi.sharcnet: 1 pinned threads; allocated CPUs 63
rank 909 on c311.nibi.sharcnet: 1 pinned threads; allocated CPUs 141
rank 450 on c288.nibi.sharcnet: 1 pinned threads; allocated CPUs 66
rank 451 on c288.nibi.sharcnet: 1 pinned threads; allocated CPUs 67
rank 814 on c311.nibi.sharcnet: 1 pinned threads; allocated CPUs 46
rank 452 on c288.nibi.sharcnet: 1 pinned threads; allocated CPUs 68
rank 859 on c311.nibi.sharcnet: 1 pinned threads; allocated CPUs 91
rank 470 on c288.nibi.sharcnet: 1 pinned threads; allocated CPUs 86
rank 846 on c311.nibi.sharcnet: 1 pinned threads; allocated CPUs 78
rank 810 on c311.nibi.sharcnet: 1 pinned threads; allocated CPUs 42
rank 822 on c311.nibi.sharcnet: 1 pinned threads; allocated CPUs 54
rank 471 on c288.nibi.sharcnet: 1 pinned threads; allocated CPUs 87
rank 475 on c288.nibi.sharcnet: 1 pinned threads; allocated CPUs 91
rank 476 on c288.nibi.sharcnet: 1 pinned threads; allocated CPUs 92
rank 843 on c311.nibi.sharcnet: 1 pinned threads; allocated CPUs 75
rank 562 on c288.nibi.sharcnet: 1 pinned threads; allocated CPUs 178
rank 867 on c311.nibi.sharcnet: 1 pinned threads; allocated CPUs 99
rank 811 on c311.nibi.sharcnet: 1 pinned threads; allocated CPUs 43
rank 570 on c288.nibi.sharcnet: 1 pinned threads; allocated CPUs 186
rank 571 on c288.nibi.sharcnet: 1 pinned threads; allocated CPUs 187
rank 882 on c311.nibi.sharcnet: 1 pinned threads; allocated CPUs 114
rank 823 on c311.nibi.sharcnet: 1 pinned threads; allocated CPUs 55
rank 395 on c288.nibi.sharcnet: 1 pinned threads; allocated CPUs 11
rank 787 on c311.nibi.sharcnet: 1 pinned threads; allocated CPUs 19
rank 409 on c288.nibi.sharcnet: 1 pinned threads; allocated CPUs 25
rank 434 on c288.nibi.sharcnet: 1 pinned threads; allocated CPUs 50
rank 779 on c311.nibi.sharcnet: 1 pinned threads; allocated CPUs 11
rank 440 on c288.nibi.sharcnet: 1 pinned threads; allocated CPUs 56
rank 463 on c288.nibi.sharcnet: 1 pinned threads; allocated CPUs 79
rank 478 on c288.nibi.sharcnet: 1 pinned threads; allocated CPUs 94
rank 789 on c311.nibi.sharcnet: 1 pinned threads; allocated CPUs 21
rank 514 on c288.nibi.sharcnet: 1 pinned threads; allocated CPUs 130
rank 528 on c288.nibi.sharcnet: 1 pinned threads; allocated CPUs 144
rank 542 on c288.nibi.sharcnet: 1 pinned threads; allocated CPUs 158
rank 572 on c288.nibi.sharcnet: 1 pinned threads; allocated CPUs 188
rank 474 on c288.nibi.sharcnet: 1 pinned threads; allocated CPUs 90
rank 437 on c288.nibi.sharcnet: 1 pinned threads; allocated CPUs 53
rank 454 on c288.nibi.sharcnet: 1 pinned threads; allocated CPUs 70
rank 428 on c288.nibi.sharcnet: 1 pinned threads; allocated CPUs 44
rank 438 on c288.nibi.sharcnet: 1 pinned threads; allocated CPUs 54
rank 511 on c288.nibi.sharcnet: 1 pinned threads; allocated CPUs 127
rank 442 on c288.nibi.sharcnet: 1 pinned threads; allocated CPUs 58
rank 393 on c288.nibi.sharcnet: 1 pinned threads; allocated CPUs 9
rank 427 on c288.nibi.sharcnet: 1 pinned threads; allocated CPUs 43
rank 429 on c288.nibi.sharcnet: 1 pinned threads; allocated CPUs 45
rank 436 on c288.nibi.sharcnet: 1 pinned threads; allocated CPUs 52
rank 537 on c288.nibi.sharcnet: 1 pinned threads; allocated CPUs 153
rank 544 on c288.nibi.sharcnet: 1 pinned threads; allocated CPUs 160
rank 550 on c288.nibi.sharcnet: 1 pinned threads; allocated CPUs 166
rank 564 on c288.nibi.sharcnet: 1 pinned threads; allocated CPUs 180
rank 387 on c288.nibi.sharcnet: 1 pinned threads; allocated CPUs 3
rank 403 on c288.nibi.sharcnet: 1 pinned threads; allocated CPUs 19
rank 406 on c288.nibi.sharcnet: 1 pinned threads; allocated CPUs 22
rank 412 on c288.nibi.sharcnet: 1 pinned threads; allocated CPUs 28
rank 413 on c288.nibi.sharcnet: 1 pinned threads; allocated CPUs 29
rank 431 on c288.nibi.sharcnet: 1 pinned threads; allocated CPUs 47
rank 443 on c288.nibi.sharcnet: 1 pinned threads; allocated CPUs 59
rank 472 on c288.nibi.sharcnet: 1 pinned threads; allocated CPUs 88
rank 479 on c288.nibi.sharcnet: 1 pinned threads; allocated CPUs 95
rank 499 on c288.nibi.sharcnet: 1 pinned threads; allocated CPUs 115
rank 563 on c288.nibi.sharcnet: 1 pinned threads; allocated CPUs 179
rank 569 on c288.nibi.sharcnet: 1 pinned threads; allocated CPUs 185
PASS: CPU MPI ring and explicitly pinned Julia threads
CONFIGURATION: {"cores":1536,"nodes":8,"ranks":1536,"ranks_per_node":192,"threads_per_rank":1,"layout":"mpi","partition":[32,48,1],"global_resolution":[1440,720,200],"grid_type":"LatitudeLongitudeGrid","x_sizes":[45,45,45,45,45,45,45,45,45,45,45,45,45,45,45,45,45,45,45,45,45,45,45,45,45,45,45,45,45,45,45,45],"y_sizes":[15,15,15,15,15,15,15,15,15,15,15,15,15,15,15,15,15,15,15,15,15,15,15,15,15,15,15,15,15,15,15,15,15,15,15,15,15,15,15,15,15,15,15,15,15,15,15,15],"float_type":"Float64","samples":5,"time_steps":10,"warmup_steps":2,"dt":60,"free_surface_substeps":30,"extend_free_surface_halos":false,"momentum_advection":"WENOVectorInvariantDefault","tracer_advection":"WENO7","closure":"CATKE","tracers":["T","S"],"timestepper":"SplitRungeKutta3"}
[ Info: Benchmark: EarthOcean_lat_lon_1440x720x200_F64_WENOVectorInvariantDefault_WENO7_CATKE_2tr
┌ Info:   Architecture: Distributed{CPU} on 32×48×1 across 1536 = 32×48×1 ranks:
│ ├── local_rank: 0 of 0-1535
│ ├── local_index: [1, 1, 1]
└ └── connectivity: east=48 west=1488 north=1 south=47 southwest=1535 southeast=95 northwest=1489 northeast=49
[ Info:   Float type: Float64
[ Info:   Grid size: 45 × 15 × 200 (135000 points)
[ Info:   Time step: 60 s
[ Info:   Warmup steps: 2
[ Info:   Benchmark steps: 10 × 5 windows
[ Info:   Running warmup...
[ Info:   Running benchmark...
