The following modules were not unloaded:
  (Use "module --force purge" to unload all):

  1) CCconfig        6)  ucx/1.14.1         11) flexiblas/3.3.1
  2) gentoo/2023     7)  libfabric/1.18.0   12) imkl/2023.2.0
  3) gcccore/.12.3   8)  pmix/4.2.4         13) StdEnv/2023
  4) gcc/12.3        9)  ucc/1.2.0
  5) hwloc/2.9.1     10) openmpi/4.1.5
Oceananigans-DRAC environment (Nibi): repo=/home/anditse/Oceananigans-DRAC, depot=/scratch/anditse/julia_depot
rank 936 on c106.nibi.sharcnet: 1 pinned threads; allocated CPUs 168
rank 925 on c106.nibi.sharcnet: 1 pinned threads; allocated CPUs 157
rank 950 on c106.nibi.sharcnet: 1 pinned threads; allocated CPUs 182
rank 959 on c106.nibi.sharcnet: 1 pinned threads; allocated CPUs 191
rank 902 on c106.nibi.sharcnet: 1 pinned threads; allocated CPUs 134
rank 911 on c106.nibi.sharcnet: 1 pinned threads; allocated CPUs 143
rank 912 on c106.nibi.sharcnet: 1 pinned threads; allocated CPUs 144
rank 923 on c106.nibi.sharcnet: 1 pinned threads; allocated CPUs 155
rank 928 on c106.nibi.sharcnet: 1 pinned threads; allocated CPUs 160
rank 930 on c106.nibi.sharcnet: 1 pinned threads; allocated CPUs 162
rank 1537 on c272.nibi.sharcnet: 1 pinned threads; allocated CPUs 1
rank 933 on c106.nibi.sharcnet: 1 pinned threads; allocated CPUs 165
rank 949 on c106.nibi.sharcnet: 1 pinned threads; allocated CPUs 181
rank 897 on c106.nibi.sharcnet: 1 pinned threads; allocated CPUs 129
rank 898 on c106.nibi.sharcnet: 1 pinned threads; allocated CPUs 130
rank 903 on c106.nibi.sharcnet: 1 pinned threads; allocated CPUs 135
rank 906 on c106.nibi.sharcnet: 1 pinned threads; allocated CPUs 138
rank 922 on c106.nibi.sharcnet: 1 pinned threads; allocated CPUs 154
rank 938 on c106.nibi.sharcnet: 1 pinned threads; allocated CPUs 170
rank 943 on c106.nibi.sharcnet: 1 pinned threads; allocated CPUs 175
rank 956 on c106.nibi.sharcnet: 1 pinned threads; allocated CPUs 188
rank 888 on c106.nibi.sharcnet: 1 pinned threads; allocated CPUs 120
rank 921 on c106.nibi.sharcnet: 1 pinned threads; allocated CPUs 153
rank 939 on c106.nibi.sharcnet: 1 pinned threads; allocated CPUs 171
rank 940 on c106.nibi.sharcnet: 1 pinned threads; allocated CPUs 172
rank 941 on c106.nibi.sharcnet: 1 pinned threads; allocated CPUs 173
rank 951 on c106.nibi.sharcnet: 1 pinned threads; allocated CPUs 183
rank 954 on c106.nibi.sharcnet: 1 pinned threads; allocated CPUs 186
rank 900 on c106.nibi.sharcnet: 1 pinned threads; allocated CPUs 132
rank 904 on c106.nibi.sharcnet: 1 pinned threads; allocated CPUs 136
rank 915 on c106.nibi.sharcnet: 1 pinned threads; allocated CPUs 147
rank 917 on c106.nibi.sharcnet: 1 pinned threads; allocated CPUs 149
rank 924 on c106.nibi.sharcnet: 1 pinned threads; allocated CPUs 156
rank 957 on c106.nibi.sharcnet: 1 pinned threads; allocated CPUs 189
rank 893 on c106.nibi.sharcnet: 1 pinned threads; allocated CPUs 125
rank 899 on c106.nibi.sharcnet: 1 pinned threads; allocated CPUs 131
rank 908 on c106.nibi.sharcnet: 1 pinned threads; allocated CPUs 140
rank 914 on c106.nibi.sharcnet: 1 pinned threads; allocated CPUs 146
rank 1549 on c272.nibi.sharcnet: 1 pinned threads; allocated CPUs 13
rank 934 on c106.nibi.sharcnet: 1 pinned threads; allocated CPUs 166
rank 942 on c106.nibi.sharcnet: 1 pinned threads; allocated CPUs 174
rank 870 on c106.nibi.sharcnet: 1 pinned threads; allocated CPUs 102
rank 876 on c106.nibi.sharcnet: 1 pinned threads; allocated CPUs 108
rank 901 on c106.nibi.sharcnet: 1 pinned threads; allocated CPUs 133
rank 910 on c106.nibi.sharcnet: 1 pinned threads; allocated CPUs 142
rank 931 on c106.nibi.sharcnet: 1 pinned threads; allocated CPUs 163
rank 935 on c106.nibi.sharcnet: 1 pinned threads; allocated CPUs 167
rank 945 on c106.nibi.sharcnet: 1 pinned threads; allocated CPUs 177
rank 947 on c106.nibi.sharcnet: 1 pinned threads; allocated CPUs 179
rank 948 on c106.nibi.sharcnet: 1 pinned threads; allocated CPUs 180
rank 927 on c106.nibi.sharcnet: 1 pinned threads; allocated CPUs 159
rank 929 on c106.nibi.sharcnet: 1 pinned threads; allocated CPUs 161
rank 946 on c106.nibi.sharcnet: 1 pinned threads; allocated CPUs 178
rank 952 on c106.nibi.sharcnet: 1 pinned threads; allocated CPUs 184
rank 955 on c106.nibi.sharcnet: 1 pinned threads; allocated CPUs 187
rank 958 on c106.nibi.sharcnet: 1 pinned threads; allocated CPUs 190
rank 868 on c106.nibi.sharcnet: 1 pinned threads; allocated CPUs 100
rank 896 on c106.nibi.sharcnet: 1 pinned threads; allocated CPUs 128
rank 1550 on c272.nibi.sharcnet: 1 pinned threads; allocated CPUs 14
rank 909 on c106.nibi.sharcnet: 1 pinned threads; allocated CPUs 141
rank 953 on c106.nibi.sharcnet: 1 pinned threads; allocated CPUs 185
rank 913 on c106.nibi.sharcnet: 1 pinned threads; allocated CPUs 145
rank 877 on c106.nibi.sharcnet: 1 pinned threads; allocated CPUs 109
rank 874 on c106.nibi.sharcnet: 1 pinned threads; allocated CPUs 106
rank 881 on c106.nibi.sharcnet: 1 pinned threads; allocated CPUs 113
rank 887 on c106.nibi.sharcnet: 1 pinned threads; allocated CPUs 119
rank 894 on c106.nibi.sharcnet: 1 pinned threads; allocated CPUs 126
rank 920 on c106.nibi.sharcnet: 1 pinned threads; allocated CPUs 152
rank 880 on c106.nibi.sharcnet: 1 pinned threads; allocated CPUs 112
rank 214 on c94.nibi.sharcnet: 1 pinned threads; allocated CPUs 22
rank 905 on c106.nibi.sharcnet: 1 pinned threads; allocated CPUs 137
rank 875 on c106.nibi.sharcnet: 1 pinned threads; allocated CPUs 107
rank 884 on c106.nibi.sharcnet: 1 pinned threads; allocated CPUs 116
rank 1561 on c272.nibi.sharcnet: 1 pinned threads; allocated CPUs 25
rank 889 on c106.nibi.sharcnet: 1 pinned threads; allocated CPUs 121
rank 891 on c106.nibi.sharcnet: 1 pinned threads; allocated CPUs 123
rank 2144 on c311.nibi.sharcnet: 1 pinned threads; allocated CPUs 32
rank 872 on c106.nibi.sharcnet: 1 pinned threads; allocated CPUs 104
rank 869 on c106.nibi.sharcnet: 1 pinned threads; allocated CPUs 101
rank 1564 on c272.nibi.sharcnet: 1 pinned threads; allocated CPUs 28
rank 883 on c106.nibi.sharcnet: 1 pinned threads; allocated CPUs 115
rank 1565 on c272.nibi.sharcnet: 1 pinned threads; allocated CPUs 29
rank 2149 on c311.nibi.sharcnet: 1 pinned threads; allocated CPUs 37
rank 2150 on c311.nibi.sharcnet: 1 pinned threads; allocated CPUs 38
rank 879 on c106.nibi.sharcnet: 1 pinned threads; allocated CPUs 111
rank 1577 on c272.nibi.sharcnet: 1 pinned threads; allocated CPUs 41
rank 926 on c106.nibi.sharcnet: 1 pinned threads; allocated CPUs 158
rank 2151 on c311.nibi.sharcnet: 1 pinned threads; allocated CPUs 39
rank 864 on c106.nibi.sharcnet: 1 pinned threads; allocated CPUs 96
rank 2152 on c311.nibi.sharcnet: 1 pinned threads; allocated CPUs 40
rank 865 on c106.nibi.sharcnet: 1 pinned threads; allocated CPUs 97
rank 919 on c106.nibi.sharcnet: 1 pinned threads; allocated CPUs 151
rank 1632 on c272.nibi.sharcnet: 1 pinned threads; allocated CPUs 96
rank 878 on c106.nibi.sharcnet: 1 pinned threads; allocated CPUs 110
rank 2154 on c311.nibi.sharcnet: 1 pinned threads; allocated CPUs 42
rank 2156 on c311.nibi.sharcnet: 1 pinned threads; allocated CPUs 44
rank 217 on c94.nibi.sharcnet: 1 pinned threads; allocated CPUs 25
rank 220 on c94.nibi.sharcnet: 1 pinned threads; allocated CPUs 28
rank 224 on c94.nibi.sharcnet: 1 pinned threads; allocated CPUs 32
rank 1634 on c272.nibi.sharcnet: 1 pinned threads; allocated CPUs 98
rank 2157 on c311.nibi.sharcnet: 1 pinned threads; allocated CPUs 45
rank 225 on c94.nibi.sharcnet: 1 pinned threads; allocated CPUs 33
rank 226 on c94.nibi.sharcnet: 1 pinned threads; allocated CPUs 34
rank 227 on c94.nibi.sharcnet: 1 pinned threads; allocated CPUs 35
rank 2160 on c311.nibi.sharcnet: 1 pinned threads; allocated CPUs 48
rank 1641 on c272.nibi.sharcnet: 1 pinned threads; allocated CPUs 105
rank 228 on c94.nibi.sharcnet: 1 pinned threads; allocated CPUs 36
rank 229 on c94.nibi.sharcnet: 1 pinned threads; allocated CPUs 37
rank 2162 on c311.nibi.sharcnet: 1 pinned threads; allocated CPUs 50
rank 1642 on c272.nibi.sharcnet: 1 pinned threads; allocated CPUs 106
rank 231 on c94.nibi.sharcnet: 1 pinned threads; allocated CPUs 39
rank 2166 on c311.nibi.sharcnet: 1 pinned threads; allocated CPUs 54
rank 2171 on c311.nibi.sharcnet: 1 pinned threads; allocated CPUs 59
rank 232 on c94.nibi.sharcnet: 1 pinned threads; allocated CPUs 40
rank 2174 on c311.nibi.sharcnet: 1 pinned threads; allocated CPUs 62
rank 234 on c94.nibi.sharcnet: 1 pinned threads; allocated CPUs 42
rank 1643 on c272.nibi.sharcnet: 1 pinned threads; allocated CPUs 107
rank 1644 on c272.nibi.sharcnet: 1 pinned threads; allocated CPUs 108
rank 2176 on c311.nibi.sharcnet: 1 pinned threads; allocated CPUs 64
rank 1645 on c272.nibi.sharcnet: 1 pinned threads; allocated CPUs 109
rank 235 on c94.nibi.sharcnet: 1 pinned threads; allocated CPUs 43
rank 236 on c94.nibi.sharcnet: 1 pinned threads; allocated CPUs 44
rank 2177 on c311.nibi.sharcnet: 1 pinned threads; allocated CPUs 65
rank 238 on c94.nibi.sharcnet: 1 pinned threads; allocated CPUs 46
rank 2178 on c311.nibi.sharcnet: 1 pinned threads; allocated CPUs 66
rank 1650 on c272.nibi.sharcnet: 1 pinned threads; allocated CPUs 114
rank 2179 on c311.nibi.sharcnet: 1 pinned threads; allocated CPUs 67
rank 1653 on c272.nibi.sharcnet: 1 pinned threads; allocated CPUs 117
rank 239 on c94.nibi.sharcnet: 1 pinned threads; allocated CPUs 47
rank 240 on c94.nibi.sharcnet: 1 pinned threads; allocated CPUs 48
rank 2181 on c311.nibi.sharcnet: 1 pinned threads; allocated CPUs 69
rank 1657 on c272.nibi.sharcnet: 1 pinned threads; allocated CPUs 121
rank 2182 on c311.nibi.sharcnet: 1 pinned threads; allocated CPUs 70
rank 241 on c94.nibi.sharcnet: 1 pinned threads; allocated CPUs 49
rank 1660 on c272.nibi.sharcnet: 1 pinned threads; allocated CPUs 124
rank 2185 on c311.nibi.sharcnet: 1 pinned threads; allocated CPUs 73
rank 242 on c94.nibi.sharcnet: 1 pinned threads; allocated CPUs 50
rank 2186 on c311.nibi.sharcnet: 1 pinned threads; allocated CPUs 74
rank 244 on c94.nibi.sharcnet: 1 pinned threads; allocated CPUs 52
rank 1665 on c272.nibi.sharcnet: 1 pinned threads; allocated CPUs 129
rank 245 on c94.nibi.sharcnet: 1 pinned threads; allocated CPUs 53
rank 2187 on c311.nibi.sharcnet: 1 pinned threads; allocated CPUs 75
rank 1666 on c272.nibi.sharcnet: 1 pinned threads; allocated CPUs 130
rank 246 on c94.nibi.sharcnet: 1 pinned threads; allocated CPUs 54
rank 1667 on c272.nibi.sharcnet: 1 pinned threads; allocated CPUs 131
rank 2188 on c311.nibi.sharcnet: 1 pinned threads; allocated CPUs 76
rank 247 on c94.nibi.sharcnet: 1 pinned threads; allocated CPUs 55
rank 2189 on c311.nibi.sharcnet: 1 pinned threads; allocated CPUs 77
rank 1672 on c272.nibi.sharcnet: 1 pinned threads; allocated CPUs 136
rank 248 on c94.nibi.sharcnet: 1 pinned threads; allocated CPUs 56
rank 1678 on c272.nibi.sharcnet: 1 pinned threads; allocated CPUs 142
rank 2881 on c315.nibi.sharcnet: 1 pinned threads; allocated CPUs 1
rank 2191 on c311.nibi.sharcnet: 1 pinned threads; allocated CPUs 79
rank 1681 on c272.nibi.sharcnet: 1 pinned threads; allocated CPUs 145
rank 2192 on c311.nibi.sharcnet: 1 pinned threads; allocated CPUs 80
rank 249 on c94.nibi.sharcnet: 1 pinned threads; allocated CPUs 57
rank 2193 on c311.nibi.sharcnet: 1 pinned threads; allocated CPUs 81
rank 1687 on c272.nibi.sharcnet: 1 pinned threads; allocated CPUs 151
rank 250 on c94.nibi.sharcnet: 1 pinned threads; allocated CPUs 58
rank 1711 on c272.nibi.sharcnet: 1 pinned threads; allocated CPUs 175
rank 251 on c94.nibi.sharcnet: 1 pinned threads; allocated CPUs 59
rank 2194 on c311.nibi.sharcnet: 1 pinned threads; allocated CPUs 82
rank 2887 on c315.nibi.sharcnet: 1 pinned threads; allocated CPUs 7
rank 252 on c94.nibi.sharcnet: 1 pinned threads; allocated CPUs 60
rank 2195 on c311.nibi.sharcnet: 1 pinned threads; allocated CPUs 83
rank 1538 on c272.nibi.sharcnet: 1 pinned threads; allocated CPUs 2
rank 254 on c94.nibi.sharcnet: 1 pinned threads; allocated CPUs 62
rank 2198 on c311.nibi.sharcnet: 1 pinned threads; allocated CPUs 86
rank 1541 on c272.nibi.sharcnet: 1 pinned threads; allocated CPUs 5
rank 2892 on c315.nibi.sharcnet: 1 pinned threads; allocated CPUs 12
rank 2199 on c311.nibi.sharcnet: 1 pinned threads; allocated CPUs 87
rank 1547 on c272.nibi.sharcnet: 1 pinned threads; allocated CPUs 11
rank 255 on c94.nibi.sharcnet: 1 pinned threads; allocated CPUs 63
rank 1548 on c272.nibi.sharcnet: 1 pinned threads; allocated CPUs 12
rank 2894 on c315.nibi.sharcnet: 1 pinned threads; allocated CPUs 14
rank 280 on c94.nibi.sharcnet: 1 pinned threads; allocated CPUs 88
rank 2201 on c311.nibi.sharcnet: 1 pinned threads; allocated CPUs 89
rank 320 on c94.nibi.sharcnet: 1 pinned threads; allocated CPUs 128
rank 2202 on c311.nibi.sharcnet: 1 pinned threads; allocated CPUs 90
rank 321 on c94.nibi.sharcnet: 1 pinned threads; allocated CPUs 129
rank 2203 on c311.nibi.sharcnet: 1 pinned threads; allocated CPUs 91
rank 1551 on c272.nibi.sharcnet: 1 pinned threads; allocated CPUs 15
rank 2896 on c315.nibi.sharcnet: 1 pinned threads; allocated CPUs 16
rank 323 on c94.nibi.sharcnet: 1 pinned threads; allocated CPUs 131
rank 1554 on c272.nibi.sharcnet: 1 pinned threads; allocated CPUs 18
rank 2898 on c315.nibi.sharcnet: 1 pinned threads; allocated CPUs 18
rank 2205 on c311.nibi.sharcnet: 1 pinned threads; allocated CPUs 93
rank 2496 on c313.nibi.sharcnet: 1 pinned threads; allocated CPUs 0
rank 1562 on c272.nibi.sharcnet: 1 pinned threads; allocated CPUs 26
rank 2902 on c315.nibi.sharcnet: 1 pinned threads; allocated CPUs 22
rank 324 on c94.nibi.sharcnet: 1 pinned threads; allocated CPUs 132
rank 2206 on c311.nibi.sharcnet: 1 pinned threads; allocated CPUs 94
rank 1566 on c272.nibi.sharcnet: 1 pinned threads; allocated CPUs 30
rank 2497 on c313.nibi.sharcnet: 1 pinned threads; allocated CPUs 1
rank 2905 on c315.nibi.sharcnet: 1 pinned threads; allocated CPUs 25
rank 2207 on c311.nibi.sharcnet: 1 pinned threads; allocated CPUs 95
rank 325 on c94.nibi.sharcnet: 1 pinned threads; allocated CPUs 133
rank 1569 on c272.nibi.sharcnet: 1 pinned threads; allocated CPUs 33
rank 326 on c94.nibi.sharcnet: 1 pinned threads; allocated CPUs 134
rank 2260 on c311.nibi.sharcnet: 1 pinned threads; allocated CPUs 148
rank 1571 on c272.nibi.sharcnet: 1 pinned threads; allocated CPUs 35
rank 2498 on c313.nibi.sharcnet: 1 pinned threads; allocated CPUs 2
rank 2906 on c315.nibi.sharcnet: 1 pinned threads; allocated CPUs 26
rank 328 on c94.nibi.sharcnet: 1 pinned threads; allocated CPUs 136
rank 2264 on c311.nibi.sharcnet: 1 pinned threads; allocated CPUs 152
rank 1572 on c272.nibi.sharcnet: 1 pinned threads; allocated CPUs 36
rank 2499 on c313.nibi.sharcnet: 1 pinned threads; allocated CPUs 3
rank 2907 on c315.nibi.sharcnet: 1 pinned threads; allocated CPUs 27
rank 329 on c94.nibi.sharcnet: 1 pinned threads; allocated CPUs 137
rank 2265 on c311.nibi.sharcnet: 1 pinned threads; allocated CPUs 153
rank 1573 on c272.nibi.sharcnet: 1 pinned threads; allocated CPUs 37
rank 2500 on c313.nibi.sharcnet: 1 pinned threads; allocated CPUs 4
rank 2908 on c315.nibi.sharcnet: 1 pinned threads; allocated CPUs 28
rank 330 on c94.nibi.sharcnet: 1 pinned threads; allocated CPUs 138
rank 2270 on c311.nibi.sharcnet: 1 pinned threads; allocated CPUs 158
rank 2912 on c315.nibi.sharcnet: 1 pinned threads; allocated CPUs 32
rank 2501 on c313.nibi.sharcnet: 1 pinned threads; allocated CPUs 5
rank 331 on c94.nibi.sharcnet: 1 pinned threads; allocated CPUs 139
rank 1574 on c272.nibi.sharcnet: 1 pinned threads; allocated CPUs 38
rank 2913 on c315.nibi.sharcnet: 1 pinned threads; allocated CPUs 33
rank 2272 on c311.nibi.sharcnet: 1 pinned threads; allocated CPUs 160
rank 2914 on c315.nibi.sharcnet: 1 pinned threads; allocated CPUs 34
rank 1576 on c272.nibi.sharcnet: 1 pinned threads; allocated CPUs 40
rank 2503 on c313.nibi.sharcnet: 1 pinned threads; allocated CPUs 7
rank 332 on c94.nibi.sharcnet: 1 pinned threads; allocated CPUs 140
rank 333 on c94.nibi.sharcnet: 1 pinned threads; allocated CPUs 141
rank 2916 on c315.nibi.sharcnet: 1 pinned threads; allocated CPUs 36
rank 2273 on c311.nibi.sharcnet: 1 pinned threads; allocated CPUs 161
rank 2274 on c311.nibi.sharcnet: 1 pinned threads; allocated CPUs 162
rank 1579 on c272.nibi.sharcnet: 1 pinned threads; allocated CPUs 43
rank 2505 on c313.nibi.sharcnet: 1 pinned threads; allocated CPUs 9
rank 2506 on c313.nibi.sharcnet: 1 pinned threads; allocated CPUs 10
rank 2917 on c315.nibi.sharcnet: 1 pinned threads; allocated CPUs 37
rank 334 on c94.nibi.sharcnet: 1 pinned threads; allocated CPUs 142
rank 2276 on c311.nibi.sharcnet: 1 pinned threads; allocated CPUs 164
rank 335 on c94.nibi.sharcnet: 1 pinned threads; allocated CPUs 143
rank 2507 on c313.nibi.sharcnet: 1 pinned threads; allocated CPUs 11
rank 1580 on c272.nibi.sharcnet: 1 pinned threads; allocated CPUs 44
rank 338 on c94.nibi.sharcnet: 1 pinned threads; allocated CPUs 146
rank 2277 on c311.nibi.sharcnet: 1 pinned threads; allocated CPUs 165
rank 1582 on c272.nibi.sharcnet: 1 pinned threads; allocated CPUs 46
rank 2918 on c315.nibi.sharcnet: 1 pinned threads; allocated CPUs 38
rank 1584 on c272.nibi.sharcnet: 1 pinned threads; allocated CPUs 48
rank 2509 on c313.nibi.sharcnet: 1 pinned threads; allocated CPUs 13
rank 2919 on c315.nibi.sharcnet: 1 pinned threads; allocated CPUs 39
rank 340 on c94.nibi.sharcnet: 1 pinned threads; allocated CPUs 148
rank 2278 on c311.nibi.sharcnet: 1 pinned threads; allocated CPUs 166
rank 2510 on c313.nibi.sharcnet: 1 pinned threads; allocated CPUs 14
rank 2920 on c315.nibi.sharcnet: 1 pinned threads; allocated CPUs 40
rank 344 on c94.nibi.sharcnet: 1 pinned threads; allocated CPUs 152
rank 1920 on c289.nibi.sharcnet: 1 pinned threads; allocated CPUs 0
rank 2921 on c315.nibi.sharcnet: 1 pinned threads; allocated CPUs 41
rank 1585 on c272.nibi.sharcnet: 1 pinned threads; allocated CPUs 49
rank 2511 on c313.nibi.sharcnet: 1 pinned threads; allocated CPUs 15
rank 345 on c94.nibi.sharcnet: 1 pinned threads; allocated CPUs 153
rank 2279 on c311.nibi.sharcnet: 1 pinned threads; allocated CPUs 167
rank 2280 on c311.nibi.sharcnet: 1 pinned threads; allocated CPUs 168
rank 1586 on c272.nibi.sharcnet: 1 pinned threads; allocated CPUs 50
rank 2512 on c313.nibi.sharcnet: 1 pinned threads; allocated CPUs 16
rank 2922 on c315.nibi.sharcnet: 1 pinned threads; allocated CPUs 42
rank 350 on c94.nibi.sharcnet: 1 pinned threads; allocated CPUs 158
rank 2281 on c311.nibi.sharcnet: 1 pinned threads; allocated CPUs 169
rank 1921 on c289.nibi.sharcnet: 1 pinned threads; allocated CPUs 1
rank 1588 on c272.nibi.sharcnet: 1 pinned threads; allocated CPUs 52
rank 351 on c94.nibi.sharcnet: 1 pinned threads; allocated CPUs 159
rank 2282 on c311.nibi.sharcnet: 1 pinned threads; allocated CPUs 170
rank 1922 on c289.nibi.sharcnet: 1 pinned threads; allocated CPUs 2
rank 2513 on c313.nibi.sharcnet: 1 pinned threads; allocated CPUs 17
rank 2923 on c315.nibi.sharcnet: 1 pinned threads; allocated CPUs 43
rank 384 on c95.nibi.sharcnet: 1 pinned threads; allocated CPUs 0
rank 1591 on c272.nibi.sharcnet: 1 pinned threads; allocated CPUs 55
rank 2514 on c313.nibi.sharcnet: 1 pinned threads; allocated CPUs 18
rank 2283 on c311.nibi.sharcnet: 1 pinned threads; allocated CPUs 171
rank 1592 on c272.nibi.sharcnet: 1 pinned threads; allocated CPUs 56
rank 2515 on c313.nibi.sharcnet: 1 pinned threads; allocated CPUs 19
rank 2924 on c315.nibi.sharcnet: 1 pinned threads; allocated CPUs 44
rank 1923 on c289.nibi.sharcnet: 1 pinned threads; allocated CPUs 3
rank 2925 on c315.nibi.sharcnet: 1 pinned threads; allocated CPUs 45
rank 360 on c94.nibi.sharcnet: 1 pinned threads; allocated CPUs 168
rank 2285 on c311.nibi.sharcnet: 1 pinned threads; allocated CPUs 173
rank 1924 on c289.nibi.sharcnet: 1 pinned threads; allocated CPUs 4
rank 2926 on c315.nibi.sharcnet: 1 pinned threads; allocated CPUs 46
rank 376 on c94.nibi.sharcnet: 1 pinned threads; allocated CPUs 184
rank 385 on c95.nibi.sharcnet: 1 pinned threads; allocated CPUs 1
rank 1925 on c289.nibi.sharcnet: 1 pinned threads; allocated CPUs 5
rank 1596 on c272.nibi.sharcnet: 1 pinned threads; allocated CPUs 60
rank 386 on c95.nibi.sharcnet: 1 pinned threads; allocated CPUs 2
rank 2516 on c313.nibi.sharcnet: 1 pinned threads; allocated CPUs 20
rank 2929 on c315.nibi.sharcnet: 1 pinned threads; allocated CPUs 49
rank 194 on c94.nibi.sharcnet: 1 pinned threads; allocated CPUs 2
rank 2286 on c311.nibi.sharcnet: 1 pinned threads; allocated CPUs 174
rank 2518 on c313.nibi.sharcnet: 1 pinned threads; allocated CPUs 22
rank 1597 on c272.nibi.sharcnet: 1 pinned threads; allocated CPUs 61
rank 195 on c94.nibi.sharcnet: 1 pinned threads; allocated CPUs 3
rank 2287 on c311.nibi.sharcnet: 1 pinned threads; allocated CPUs 175
rank 1926 on c289.nibi.sharcnet: 1 pinned threads; allocated CPUs 6
rank 2519 on c313.nibi.sharcnet: 1 pinned threads; allocated CPUs 23
rank 196 on c94.nibi.sharcnet: 1 pinned threads; allocated CPUs 4
rank 1636 on c272.nibi.sharcnet: 1 pinned threads; allocated CPUs 100
rank 2930 on c315.nibi.sharcnet: 1 pinned threads; allocated CPUs 50
rank 2288 on c311.nibi.sharcnet: 1 pinned threads; allocated CPUs 176
rank 387 on c95.nibi.sharcnet: 1 pinned threads; allocated CPUs 3
rank 388 on c95.nibi.sharcnet: 1 pinned threads; allocated CPUs 4
rank 1927 on c289.nibi.sharcnet: 1 pinned threads; allocated CPUs 7
rank 2520 on c313.nibi.sharcnet: 1 pinned threads; allocated CPUs 24
rank 2931 on c315.nibi.sharcnet: 1 pinned threads; allocated CPUs 51
rank 1928 on c289.nibi.sharcnet: 1 pinned threads; allocated CPUs 8
rank 2932 on c315.nibi.sharcnet: 1 pinned threads; allocated CPUs 52
rank 1637 on c272.nibi.sharcnet: 1 pinned threads; allocated CPUs 101
rank 198 on c94.nibi.sharcnet: 1 pinned threads; allocated CPUs 6
rank 2289 on c311.nibi.sharcnet: 1 pinned threads; allocated CPUs 177
rank 1648 on c272.nibi.sharcnet: 1 pinned threads; allocated CPUs 112
rank 2521 on c313.nibi.sharcnet: 1 pinned threads; allocated CPUs 25
rank 204 on c94.nibi.sharcnet: 1 pinned threads; allocated CPUs 12
rank 2290 on c311.nibi.sharcnet: 1 pinned threads; allocated CPUs 178
rank 389 on c95.nibi.sharcnet: 1 pinned threads; allocated CPUs 5
rank 206 on c94.nibi.sharcnet: 1 pinned threads; allocated CPUs 14
rank 2522 on c313.nibi.sharcnet: 1 pinned threads; allocated CPUs 26
rank 1649 on c272.nibi.sharcnet: 1 pinned threads; allocated CPUs 113
rank 390 on c95.nibi.sharcnet: 1 pinned threads; allocated CPUs 6
rank 1929 on c289.nibi.sharcnet: 1 pinned threads; allocated CPUs 9
rank 2291 on c311.nibi.sharcnet: 1 pinned threads; allocated CPUs 179
rank 2304 on c312.nibi.sharcnet: 1 pinned threads; allocated CPUs 0
rank 1931 on c289.nibi.sharcnet: 1 pinned threads; allocated CPUs 11
rank 1651 on c272.nibi.sharcnet: 1 pinned threads; allocated CPUs 115
rank 2933 on c315.nibi.sharcnet: 1 pinned threads; allocated CPUs 53
rank 207 on c94.nibi.sharcnet: 1 pinned threads; allocated CPUs 15
rank 2523 on c313.nibi.sharcnet: 1 pinned threads; allocated CPUs 27
rank 2934 on c315.nibi.sharcnet: 1 pinned threads; allocated CPUs 54
rank 391 on c95.nibi.sharcnet: 1 pinned threads; allocated CPUs 7
rank 1932 on c289.nibi.sharcnet: 1 pinned threads; allocated CPUs 12
rank 2936 on c315.nibi.sharcnet: 1 pinned threads; allocated CPUs 56
rank 1662 on c272.nibi.sharcnet: 1 pinned threads; allocated CPUs 126
rank 2524 on c313.nibi.sharcnet: 1 pinned threads; allocated CPUs 28
rank 2295 on c311.nibi.sharcnet: 1 pinned threads; allocated CPUs 183
rank 208 on c94.nibi.sharcnet: 1 pinned threads; allocated CPUs 16
rank 2296 on c311.nibi.sharcnet: 1 pinned threads; allocated CPUs 184
rank 2305 on c312.nibi.sharcnet: 1 pinned threads; allocated CPUs 1
rank 392 on c95.nibi.sharcnet: 1 pinned threads; allocated CPUs 8
rank 1933 on c289.nibi.sharcnet: 1 pinned threads; allocated CPUs 13
rank 0 on c93.nibi.sharcnet: 1 pinned threads; allocated CPUs 0
rank 2525 on c313.nibi.sharcnet: 1 pinned threads; allocated CPUs 29
rank 2937 on c315.nibi.sharcnet: 1 pinned threads; allocated CPUs 57
rank 2297 on c311.nibi.sharcnet: 1 pinned threads; allocated CPUs 185
rank 393 on c95.nibi.sharcnet: 1 pinned threads; allocated CPUs 9
rank 960 on c147.nibi.sharcnet: 1 pinned threads; allocated CPUs 0
rank 211 on c94.nibi.sharcnet: 1 pinned threads; allocated CPUs 19
rank 2306 on c312.nibi.sharcnet: 1 pinned threads; allocated CPUs 2
rank 1668 on c272.nibi.sharcnet: 1 pinned threads; allocated CPUs 132
rank 1934 on c289.nibi.sharcnet: 1 pinned threads; allocated CPUs 14
rank 2298 on c311.nibi.sharcnet: 1 pinned threads; allocated CPUs 186
rank 2307 on c312.nibi.sharcnet: 1 pinned threads; allocated CPUs 3
rank 394 on c95.nibi.sharcnet: 1 pinned threads; allocated CPUs 10
rank 1 on c93.nibi.sharcnet: 1 pinned threads; allocated CPUs 1
rank 2938 on c315.nibi.sharcnet: 1 pinned threads; allocated CPUs 58
rank 1935 on c289.nibi.sharcnet: 1 pinned threads; allocated CPUs 15
rank 1670 on c272.nibi.sharcnet: 1 pinned threads; allocated CPUs 134
rank 212 on c94.nibi.sharcnet: 1 pinned threads; allocated CPUs 20
rank 2526 on c313.nibi.sharcnet: 1 pinned threads; allocated CPUs 30
rank 2939 on c315.nibi.sharcnet: 1 pinned threads; allocated CPUs 59
rank 961 on c147.nibi.sharcnet: 1 pinned threads; allocated CPUs 1
rank 2527 on c313.nibi.sharcnet: 1 pinned threads; allocated CPUs 31
rank 2299 on c311.nibi.sharcnet: 1 pinned threads; allocated CPUs 187
rank 2308 on c312.nibi.sharcnet: 1 pinned threads; allocated CPUs 4
rank 1675 on c272.nibi.sharcnet: 1 pinned threads; allocated CPUs 139
rank 2 on c93.nibi.sharcnet: 1 pinned threads; allocated CPUs 2
rank 1937 on c289.nibi.sharcnet: 1 pinned threads; allocated CPUs 17
rank 213 on c94.nibi.sharcnet: 1 pinned threads; allocated CPUs 21
rank 395 on c95.nibi.sharcnet: 1 pinned threads; allocated CPUs 11
rank 2528 on c313.nibi.sharcnet: 1 pinned threads; allocated CPUs 32
rank 215 on c94.nibi.sharcnet: 1 pinned threads; allocated CPUs 23
rank 2302 on c311.nibi.sharcnet: 1 pinned threads; allocated CPUs 190
rank 2940 on c315.nibi.sharcnet: 1 pinned threads; allocated CPUs 60
rank 396 on c95.nibi.sharcnet: 1 pinned threads; allocated CPUs 12
rank 2309 on c312.nibi.sharcnet: 1 pinned threads; allocated CPUs 5
rank 962 on c147.nibi.sharcnet: 1 pinned threads; allocated CPUs 2
rank 3 on c93.nibi.sharcnet: 1 pinned threads; allocated CPUs 3
rank 1938 on c289.nibi.sharcnet: 1 pinned threads; allocated CPUs 18
rank 1677 on c272.nibi.sharcnet: 1 pinned threads; allocated CPUs 141
rank 2941 on c315.nibi.sharcnet: 1 pinned threads; allocated CPUs 61
rank 218 on c94.nibi.sharcnet: 1 pinned threads; allocated CPUs 26
rank 2148 on c311.nibi.sharcnet: 1 pinned threads; allocated CPUs 36
rank 2310 on c312.nibi.sharcnet: 1 pinned threads; allocated CPUs 6
rank 1939 on c289.nibi.sharcnet: 1 pinned threads; allocated CPUs 19
rank 1682 on c272.nibi.sharcnet: 1 pinned threads; allocated CPUs 146
rank 4 on c93.nibi.sharcnet: 1 pinned threads; allocated CPUs 4
rank 397 on c95.nibi.sharcnet: 1 pinned threads; allocated CPUs 13
rank 2942 on c315.nibi.sharcnet: 1 pinned threads; allocated CPUs 62
rank 222 on c94.nibi.sharcnet: 1 pinned threads; allocated CPUs 30
rank 963 on c147.nibi.sharcnet: 1 pinned threads; allocated CPUs 3
rank 2529 on c313.nibi.sharcnet: 1 pinned threads; allocated CPUs 33
rank 2311 on c312.nibi.sharcnet: 1 pinned threads; allocated CPUs 7
rank 2530 on c313.nibi.sharcnet: 1 pinned threads; allocated CPUs 34
rank 2153 on c311.nibi.sharcnet: 1 pinned threads; allocated CPUs 41
rank 2155 on c311.nibi.sharcnet: 1 pinned threads; allocated CPUs 43
rank 1940 on c289.nibi.sharcnet: 1 pinned threads; allocated CPUs 20
rank 5 on c93.nibi.sharcnet: 1 pinned threads; allocated CPUs 5
rank 223 on c94.nibi.sharcnet: 1 pinned threads; allocated CPUs 31
rank 398 on c95.nibi.sharcnet: 1 pinned threads; allocated CPUs 14
rank 1684 on c272.nibi.sharcnet: 1 pinned threads; allocated CPUs 148
rank 964 on c147.nibi.sharcnet: 1 pinned threads; allocated CPUs 4
rank 1344 on c258.nibi.sharcnet: 1 pinned threads; allocated CPUs 0
rank 2531 on c313.nibi.sharcnet: 1 pinned threads; allocated CPUs 35
rank 399 on c95.nibi.sharcnet: 1 pinned threads; allocated CPUs 15
rank 2312 on c312.nibi.sharcnet: 1 pinned threads; allocated CPUs 8
rank 1543 on c272.nibi.sharcnet: 1 pinned threads; allocated CPUs 7
rank 6 on c93.nibi.sharcnet: 1 pinned threads; allocated CPUs 6
rank 1941 on c289.nibi.sharcnet: 1 pinned threads; allocated CPUs 21
rank 230 on c94.nibi.sharcnet: 1 pinned threads; allocated CPUs 38
rank 965 on c147.nibi.sharcnet: 1 pinned threads; allocated CPUs 5
rank 2943 on c315.nibi.sharcnet: 1 pinned threads; allocated CPUs 63
rank 233 on c94.nibi.sharcnet: 1 pinned threads; allocated CPUs 41
rank 2161 on c311.nibi.sharcnet: 1 pinned threads; allocated CPUs 49
rank 2945 on c315.nibi.sharcnet: 1 pinned threads; allocated CPUs 65
rank 401 on c95.nibi.sharcnet: 1 pinned threads; allocated CPUs 17
rank 7 on c93.nibi.sharcnet: 1 pinned threads; allocated CPUs 7
rank 2314 on c312.nibi.sharcnet: 1 pinned threads; allocated CPUs 10
rank 1942 on c289.nibi.sharcnet: 1 pinned threads; allocated CPUs 22
rank 1553 on c272.nibi.sharcnet: 1 pinned threads; allocated CPUs 17
rank 967 on c147.nibi.sharcnet: 1 pinned threads; allocated CPUs 7
rank 2163 on c311.nibi.sharcnet: 1 pinned threads; allocated CPUs 51
rank 1345 on c258.nibi.sharcnet: 1 pinned threads; allocated CPUs 1
rank 2532 on c313.nibi.sharcnet: 1 pinned threads; allocated CPUs 36
rank 2960 on c315.nibi.sharcnet: 1 pinned threads; allocated CPUs 80
rank 2164 on c311.nibi.sharcnet: 1 pinned threads; allocated CPUs 52
rank 2533 on c313.nibi.sharcnet: 1 pinned threads; allocated CPUs 37
rank 8 on c93.nibi.sharcnet: 1 pinned threads; allocated CPUs 8
rank 2165 on c311.nibi.sharcnet: 1 pinned threads; allocated CPUs 53
rank 402 on c95.nibi.sharcnet: 1 pinned threads; allocated CPUs 18
rank 1943 on c289.nibi.sharcnet: 1 pinned threads; allocated CPUs 23
rank 1346 on c258.nibi.sharcnet: 1 pinned threads; allocated CPUs 2
rank 243 on c94.nibi.sharcnet: 1 pinned threads; allocated CPUs 51
rank 2167 on c311.nibi.sharcnet: 1 pinned threads; allocated CPUs 55
rank 969 on c147.nibi.sharcnet: 1 pinned threads; allocated CPUs 9
rank 2964 on c315.nibi.sharcnet: 1 pinned threads; allocated CPUs 84
rank 2688 on c314.nibi.sharcnet: 1 pinned threads; allocated CPUs 0
rank 253 on c94.nibi.sharcnet: 1 pinned threads; allocated CPUs 61
rank 2315 on c312.nibi.sharcnet: 1 pinned threads; allocated CPUs 11
rank 1556 on c272.nibi.sharcnet: 1 pinned threads; allocated CPUs 20
rank 258 on c94.nibi.sharcnet: 1 pinned threads; allocated CPUs 66
rank 403 on c95.nibi.sharcnet: 1 pinned threads; allocated CPUs 19
rank 1944 on c289.nibi.sharcnet: 1 pinned threads; allocated CPUs 24
rank 1557 on c272.nibi.sharcnet: 1 pinned threads; allocated CPUs 21
rank 9 on c93.nibi.sharcnet: 1 pinned threads; allocated CPUs 9
rank 2534 on c313.nibi.sharcnet: 1 pinned threads; allocated CPUs 38
rank 2170 on c311.nibi.sharcnet: 1 pinned threads; allocated CPUs 58
rank 2316 on c312.nibi.sharcnet: 1 pinned threads; allocated CPUs 12
rank 970 on c147.nibi.sharcnet: 1 pinned threads; allocated CPUs 10
rank 2965 on c315.nibi.sharcnet: 1 pinned threads; allocated CPUs 85
rank 2689 on c314.nibi.sharcnet: 1 pinned threads; allocated CPUs 1
rank 1728 on c288.nibi.sharcnet: 1 pinned threads; allocated CPUs 0
rank 1558 on c272.nibi.sharcnet: 1 pinned threads; allocated CPUs 22
rank 1152 on c152.nibi.sharcnet: 1 pinned threads; allocated CPUs 0
rank 2535 on c313.nibi.sharcnet: 1 pinned threads; allocated CPUs 39
rank 404 on c95.nibi.sharcnet: 1 pinned threads; allocated CPUs 20
rank 1945 on c289.nibi.sharcnet: 1 pinned threads; allocated CPUs 25
rank 10 on c93.nibi.sharcnet: 1 pinned threads; allocated CPUs 10
rank 260 on c94.nibi.sharcnet: 1 pinned threads; allocated CPUs 68
rank 2183 on c311.nibi.sharcnet: 1 pinned threads; allocated CPUs 71
rank 2317 on c312.nibi.sharcnet: 1 pinned threads; allocated CPUs 13
rank 1559 on c272.nibi.sharcnet: 1 pinned threads; allocated CPUs 23
rank 264 on c94.nibi.sharcnet: 1 pinned threads; allocated CPUs 72
rank 971 on c147.nibi.sharcnet: 1 pinned threads; allocated CPUs 11
rank 1348 on c258.nibi.sharcnet: 1 pinned threads; allocated CPUs 4
rank 1349 on c258.nibi.sharcnet: 1 pinned threads; allocated CPUs 5
rank 265 on c94.nibi.sharcnet: 1 pinned threads; allocated CPUs 73
rank 405 on c95.nibi.sharcnet: 1 pinned threads; allocated CPUs 21
rank 1946 on c289.nibi.sharcnet: 1 pinned threads; allocated CPUs 26
rank 1729 on c288.nibi.sharcnet: 1 pinned threads; allocated CPUs 1
rank 2184 on c311.nibi.sharcnet: 1 pinned threads; allocated CPUs 72
rank 2318 on c312.nibi.sharcnet: 1 pinned threads; allocated CPUs 14
rank 1563 on c272.nibi.sharcnet: 1 pinned threads; allocated CPUs 27
rank 11 on c93.nibi.sharcnet: 1 pinned threads; allocated CPUs 11
rank 2536 on c313.nibi.sharcnet: 1 pinned threads; allocated CPUs 40
rank 2196 on c311.nibi.sharcnet: 1 pinned threads; allocated CPUs 84
rank 2968 on c315.nibi.sharcnet: 1 pinned threads; allocated CPUs 88
rank 270 on c94.nibi.sharcnet: 1 pinned threads; allocated CPUs 78
rank 406 on c95.nibi.sharcnet: 1 pinned threads; allocated CPUs 22
rank 2970 on c315.nibi.sharcnet: 1 pinned threads; allocated CPUs 90
rank 1947 on c289.nibi.sharcnet: 1 pinned threads; allocated CPUs 27
rank 972 on c147.nibi.sharcnet: 1 pinned threads; allocated CPUs 12
rank 1350 on c258.nibi.sharcnet: 1 pinned threads; allocated CPUs 6
rank 12 on c93.nibi.sharcnet: 1 pinned threads; allocated CPUs 12
rank 2537 on c313.nibi.sharcnet: 1 pinned threads; allocated CPUs 41
rank 2690 on c314.nibi.sharcnet: 1 pinned threads; allocated CPUs 2
rank 272 on c94.nibi.sharcnet: 1 pinned threads; allocated CPUs 80
rank 2319 on c312.nibi.sharcnet: 1 pinned threads; allocated CPUs 15
rank 1567 on c272.nibi.sharcnet: 1 pinned threads; allocated CPUs 31
rank 1153 on c152.nibi.sharcnet: 1 pinned threads; allocated CPUs 1
rank 2978 on c315.nibi.sharcnet: 1 pinned threads; allocated CPUs 98
rank 2691 on c314.nibi.sharcnet: 1 pinned threads; allocated CPUs 3
rank 2538 on c313.nibi.sharcnet: 1 pinned threads; allocated CPUs 42
rank 276 on c94.nibi.sharcnet: 1 pinned threads; allocated CPUs 84
rank 13 on c93.nibi.sharcnet: 1 pinned threads; allocated CPUs 13
rank 1948 on c289.nibi.sharcnet: 1 pinned threads; allocated CPUs 28
rank 1154 on c152.nibi.sharcnet: 1 pinned threads; allocated CPUs 2
rank 2692 on c314.nibi.sharcnet: 1 pinned threads; allocated CPUs 4
rank 1575 on c272.nibi.sharcnet: 1 pinned threads; allocated CPUs 39
rank 973 on c147.nibi.sharcnet: 1 pinned threads; allocated CPUs 13
rank 1351 on c258.nibi.sharcnet: 1 pinned threads; allocated CPUs 7
rank 2982 on c315.nibi.sharcnet: 1 pinned threads; allocated CPUs 102
rank 277 on c94.nibi.sharcnet: 1 pinned threads; allocated CPUs 85
rank 2200 on c311.nibi.sharcnet: 1 pinned threads; allocated CPUs 88
rank 2320 on c312.nibi.sharcnet: 1 pinned threads; allocated CPUs 16
rank 1581 on c272.nibi.sharcnet: 1 pinned threads; allocated CPUs 45
rank 974 on c147.nibi.sharcnet: 1 pinned threads; allocated CPUs 14
rank 2539 on c313.nibi.sharcnet: 1 pinned threads; allocated CPUs 43
rank 1730 on c288.nibi.sharcnet: 1 pinned threads; allocated CPUs 2
rank 2204 on c311.nibi.sharcnet: 1 pinned threads; allocated CPUs 92
rank 407 on c95.nibi.sharcnet: 1 pinned threads; allocated CPUs 23
rank 2321 on c312.nibi.sharcnet: 1 pinned threads; allocated CPUs 17
rank 1949 on c289.nibi.sharcnet: 1 pinned threads; allocated CPUs 29
rank 1155 on c152.nibi.sharcnet: 1 pinned threads; allocated CPUs 3
rank 1352 on c258.nibi.sharcnet: 1 pinned threads; allocated CPUs 8
rank 14 on c93.nibi.sharcnet: 1 pinned threads; allocated CPUs 14
rank 2693 on c314.nibi.sharcnet: 1 pinned threads; allocated CPUs 5
rank 1732 on c288.nibi.sharcnet: 1 pinned threads; allocated CPUs 4
rank 2240 on c311.nibi.sharcnet: 1 pinned threads; allocated CPUs 128
rank 408 on c95.nibi.sharcnet: 1 pinned threads; allocated CPUs 24
rank 2322 on c312.nibi.sharcnet: 1 pinned threads; allocated CPUs 18
rank 975 on c147.nibi.sharcnet: 1 pinned threads; allocated CPUs 15
rank 1353 on c258.nibi.sharcnet: 1 pinned threads; allocated CPUs 9
rank 2983 on c315.nibi.sharcnet: 1 pinned threads; allocated CPUs 103
rank 278 on c94.nibi.sharcnet: 1 pinned threads; allocated CPUs 86
rank 1733 on c288.nibi.sharcnet: 1 pinned threads; allocated CPUs 5
rank 409 on c95.nibi.sharcnet: 1 pinned threads; allocated CPUs 25
rank 1950 on c289.nibi.sharcnet: 1 pinned threads; allocated CPUs 30
rank 15 on c93.nibi.sharcnet: 1 pinned threads; allocated CPUs 15
rank 2540 on c313.nibi.sharcnet: 1 pinned threads; allocated CPUs 44
rank 279 on c94.nibi.sharcnet: 1 pinned threads; allocated CPUs 87
rank 1583 on c272.nibi.sharcnet: 1 pinned threads; allocated CPUs 47
rank 2984 on c315.nibi.sharcnet: 1 pinned threads; allocated CPUs 104
rank 2241 on c311.nibi.sharcnet: 1 pinned threads; allocated CPUs 129
rank 1590 on c272.nibi.sharcnet: 1 pinned threads; allocated CPUs 54
rank 2242 on c311.nibi.sharcnet: 1 pinned threads; allocated CPUs 130
rank 2243 on c311.nibi.sharcnet: 1 pinned threads; allocated CPUs 131
rank 2323 on c312.nibi.sharcnet: 1 pinned threads; allocated CPUs 19
rank 1354 on c258.nibi.sharcnet: 1 pinned threads; allocated CPUs 10
rank 2541 on c313.nibi.sharcnet: 1 pinned threads; allocated CPUs 45
rank 2694 on c314.nibi.sharcnet: 1 pinned threads; allocated CPUs 6
rank 1734 on c288.nibi.sharcnet: 1 pinned threads; allocated CPUs 6
rank 410 on c95.nibi.sharcnet: 1 pinned threads; allocated CPUs 26
rank 1951 on c289.nibi.sharcnet: 1 pinned threads; allocated CPUs 31
rank 976 on c147.nibi.sharcnet: 1 pinned threads; allocated CPUs 16
rank 1156 on c152.nibi.sharcnet: 1 pinned threads; allocated CPUs 4
rank 16 on c93.nibi.sharcnet: 1 pinned threads; allocated CPUs 16
rank 1598 on c272.nibi.sharcnet: 1 pinned threads; allocated CPUs 62
rank 977 on c147.nibi.sharcnet: 1 pinned threads; allocated CPUs 17
rank 2985 on c315.nibi.sharcnet: 1 pinned threads; allocated CPUs 105
rank 411 on c95.nibi.sharcnet: 1 pinned threads; allocated CPUs 27
rank 1599 on c272.nibi.sharcnet: 1 pinned threads; allocated CPUs 63
rank 2324 on c312.nibi.sharcnet: 1 pinned threads; allocated CPUs 20
rank 281 on c94.nibi.sharcnet: 1 pinned threads; allocated CPUs 89
rank 1952 on c289.nibi.sharcnet: 1 pinned threads; allocated CPUs 32
rank 2542 on c313.nibi.sharcnet: 1 pinned threads; allocated CPUs 46
rank 2987 on c315.nibi.sharcnet: 1 pinned threads; allocated CPUs 107
rank 2695 on c314.nibi.sharcnet: 1 pinned threads; allocated CPUs 7
rank 285 on c94.nibi.sharcnet: 1 pinned threads; allocated CPUs 93
rank 17 on c93.nibi.sharcnet: 1 pinned threads; allocated CPUs 17
rank 2696 on c314.nibi.sharcnet: 1 pinned threads; allocated CPUs 8
rank 294 on c94.nibi.sharcnet: 1 pinned threads; allocated CPUs 102
rank 1735 on c288.nibi.sharcnet: 1 pinned threads; allocated CPUs 7
rank 2325 on c312.nibi.sharcnet: 1 pinned threads; allocated CPUs 21
rank 1157 on c152.nibi.sharcnet: 1 pinned threads; allocated CPUs 5
rank 1355 on c258.nibi.sharcnet: 1 pinned threads; allocated CPUs 11
rank 2245 on c311.nibi.sharcnet: 1 pinned threads; allocated CPUs 133
rank 412 on c95.nibi.sharcnet: 1 pinned threads; allocated CPUs 28
rank 1953 on c289.nibi.sharcnet: 1 pinned threads; allocated CPUs 33
rank 978 on c147.nibi.sharcnet: 1 pinned threads; allocated CPUs 18
rank 1158 on c152.nibi.sharcnet: 1 pinned threads; allocated CPUs 6
rank 1356 on c258.nibi.sharcnet: 1 pinned threads; allocated CPUs 12
rank 2543 on c313.nibi.sharcnet: 1 pinned threads; allocated CPUs 47
rank 2246 on c311.nibi.sharcnet: 1 pinned threads; allocated CPUs 134
rank 18 on c93.nibi.sharcnet: 1 pinned threads; allocated CPUs 18
rank 2697 on c314.nibi.sharcnet: 1 pinned threads; allocated CPUs 9
rank 2248 on c311.nibi.sharcnet: 1 pinned threads; allocated CPUs 136
rank 2249 on c311.nibi.sharcnet: 1 pinned threads; allocated CPUs 137
rank 2326 on c312.nibi.sharcnet: 1 pinned threads; allocated CPUs 22
rank 2544 on c313.nibi.sharcnet: 1 pinned threads; allocated CPUs 48
rank 1954 on c289.nibi.sharcnet: 1 pinned threads; allocated CPUs 34
rank 1633 on c272.nibi.sharcnet: 1 pinned threads; allocated CPUs 97
rank 979 on c147.nibi.sharcnet: 1 pinned threads; allocated CPUs 19
rank 2988 on c315.nibi.sharcnet: 1 pinned threads; allocated CPUs 108
rank 302 on c94.nibi.sharcnet: 1 pinned threads; allocated CPUs 110
rank 1736 on c288.nibi.sharcnet: 1 pinned threads; allocated CPUs 8
rank 413 on c95.nibi.sharcnet: 1 pinned threads; allocated CPUs 29
rank 1635 on c272.nibi.sharcnet: 1 pinned threads; allocated CPUs 99
rank 980 on c147.nibi.sharcnet: 1 pinned threads; allocated CPUs 20
rank 1159 on c152.nibi.sharcnet: 1 pinned threads; allocated CPUs 7
rank 19 on c93.nibi.sharcnet: 1 pinned threads; allocated CPUs 19
rank 2991 on c315.nibi.sharcnet: 1 pinned threads; allocated CPUs 111
rank 303 on c94.nibi.sharcnet: 1 pinned threads; allocated CPUs 111
rank 1737 on c288.nibi.sharcnet: 1 pinned threads; allocated CPUs 9
rank 2327 on c312.nibi.sharcnet: 1 pinned threads; allocated CPUs 23
rank 1638 on c272.nibi.sharcnet: 1 pinned threads; allocated CPUs 102
rank 1357 on c258.nibi.sharcnet: 1 pinned threads; allocated CPUs 13
rank 2698 on c314.nibi.sharcnet: 1 pinned threads; allocated CPUs 10
rank 304 on c94.nibi.sharcnet: 1 pinned threads; allocated CPUs 112
rank 415 on c95.nibi.sharcnet: 1 pinned threads; allocated CPUs 31
rank 1955 on c289.nibi.sharcnet: 1 pinned threads; allocated CPUs 35
rank 1160 on c152.nibi.sharcnet: 1 pinned threads; allocated CPUs 8
rank 308 on c94.nibi.sharcnet: 1 pinned threads; allocated CPUs 116
rank 2250 on c311.nibi.sharcnet: 1 pinned threads; allocated CPUs 138
rank 1639 on c272.nibi.sharcnet: 1 pinned threads; allocated CPUs 103
rank 1358 on c258.nibi.sharcnet: 1 pinned threads; allocated CPUs 14
rank 21 on c93.nibi.sharcnet: 1 pinned threads; allocated CPUs 21
rank 2251 on c311.nibi.sharcnet: 1 pinned threads; allocated CPUs 139
rank 2328 on c312.nibi.sharcnet: 1 pinned threads; allocated CPUs 24
rank 981 on c147.nibi.sharcnet: 1 pinned threads; allocated CPUs 21
rank 1359 on c258.nibi.sharcnet: 1 pinned threads; allocated CPUs 15
rank 2997 on c315.nibi.sharcnet: 1 pinned threads; allocated CPUs 117
rank 2252 on c311.nibi.sharcnet: 1 pinned threads; allocated CPUs 140
rank 1956 on c289.nibi.sharcnet: 1 pinned threads; allocated CPUs 36
rank 1640 on c272.nibi.sharcnet: 1 pinned threads; allocated CPUs 104
rank 1161 on c152.nibi.sharcnet: 1 pinned threads; allocated CPUs 9
rank 2545 on c313.nibi.sharcnet: 1 pinned threads; allocated CPUs 49
rank 311 on c94.nibi.sharcnet: 1 pinned threads; allocated CPUs 119
rank 417 on c95.nibi.sharcnet: 1 pinned threads; allocated CPUs 33
rank 1360 on c258.nibi.sharcnet: 1 pinned threads; allocated CPUs 16
rank 22 on c93.nibi.sharcnet: 1 pinned threads; allocated CPUs 22
rank 2546 on c313.nibi.sharcnet: 1 pinned threads; allocated CPUs 50
rank 2999 on c315.nibi.sharcnet: 1 pinned threads; allocated CPUs 119
rank 2699 on c314.nibi.sharcnet: 1 pinned threads; allocated CPUs 11
rank 313 on c94.nibi.sharcnet: 1 pinned threads; allocated CPUs 121
rank 1738 on c288.nibi.sharcnet: 1 pinned threads; allocated CPUs 10
rank 2253 on c311.nibi.sharcnet: 1 pinned threads; allocated CPUs 141
rank 2329 on c312.nibi.sharcnet: 1 pinned threads; allocated CPUs 25
rank 1647 on c272.nibi.sharcnet: 1 pinned threads; allocated CPUs 111
rank 982 on c147.nibi.sharcnet: 1 pinned threads; allocated CPUs 22
rank 2547 on c313.nibi.sharcnet: 1 pinned threads; allocated CPUs 51
rank 2700 on c314.nibi.sharcnet: 1 pinned threads; allocated CPUs 12
rank 2254 on c311.nibi.sharcnet: 1 pinned threads; allocated CPUs 142
rank 418 on c95.nibi.sharcnet: 1 pinned threads; allocated CPUs 34
rank 1957 on c289.nibi.sharcnet: 1 pinned threads; allocated CPUs 37
rank 1162 on c152.nibi.sharcnet: 1 pinned threads; allocated CPUs 10
rank 23 on c93.nibi.sharcnet: 1 pinned threads; allocated CPUs 23
rank 3000 on c315.nibi.sharcnet: 1 pinned threads; allocated CPUs 120
rank 2701 on c314.nibi.sharcnet: 1 pinned threads; allocated CPUs 13
rank 315 on c94.nibi.sharcnet: 1 pinned threads; allocated CPUs 123
rank 1739 on c288.nibi.sharcnet: 1 pinned threads; allocated CPUs 11
rank 419 on c95.nibi.sharcnet: 1 pinned threads; allocated CPUs 35
rank 2330 on c312.nibi.sharcnet: 1 pinned threads; allocated CPUs 26
rank 1361 on c258.nibi.sharcnet: 1 pinned threads; allocated CPUs 17
rank 327 on c94.nibi.sharcnet: 1 pinned threads; allocated CPUs 135
rank 2548 on c313.nibi.sharcnet: 1 pinned threads; allocated CPUs 52
rank 3001 on c315.nibi.sharcnet: 1 pinned threads; allocated CPUs 121
rank 1958 on c289.nibi.sharcnet: 1 pinned threads; allocated CPUs 38
rank 1163 on c152.nibi.sharcnet: 1 pinned threads; allocated CPUs 11
rank 1654 on c272.nibi.sharcnet: 1 pinned threads; allocated CPUs 118
rank 983 on c147.nibi.sharcnet: 1 pinned threads; allocated CPUs 23
rank 24 on c93.nibi.sharcnet: 1 pinned threads; allocated CPUs 24
rank 2258 on c311.nibi.sharcnet: 1 pinned threads; allocated CPUs 146
rank 420 on c95.nibi.sharcnet: 1 pinned threads; allocated CPUs 36
rank 1655 on c272.nibi.sharcnet: 1 pinned threads; allocated CPUs 119
rank 984 on c147.nibi.sharcnet: 1 pinned threads; allocated CPUs 24
rank 2261 on c311.nibi.sharcnet: 1 pinned threads; allocated CPUs 149
rank 2331 on c312.nibi.sharcnet: 1 pinned threads; allocated CPUs 27
rank 1959 on c289.nibi.sharcnet: 1 pinned threads; allocated CPUs 39
rank 1658 on c272.nibi.sharcnet: 1 pinned threads; allocated CPUs 122
rank 1164 on c152.nibi.sharcnet: 1 pinned threads; allocated CPUs 12
rank 3003 on c315.nibi.sharcnet: 1 pinned threads; allocated CPUs 123
rank 2702 on c314.nibi.sharcnet: 1 pinned threads; allocated CPUs 14
rank 337 on c94.nibi.sharcnet: 1 pinned threads; allocated CPUs 145
rank 1740 on c288.nibi.sharcnet: 1 pinned threads; allocated CPUs 12
rank 1661 on c272.nibi.sharcnet: 1 pinned threads; allocated CPUs 125
rank 25 on c93.nibi.sharcnet: 1 pinned threads; allocated CPUs 25
rank 2549 on c313.nibi.sharcnet: 1 pinned threads; allocated CPUs 53
rank 1741 on c288.nibi.sharcnet: 1 pinned threads; allocated CPUs 13
rank 1362 on c258.nibi.sharcnet: 1 pinned threads; allocated CPUs 18
rank 421 on c95.nibi.sharcnet: 1 pinned threads; allocated CPUs 37
rank 2332 on c312.nibi.sharcnet: 1 pinned threads; allocated CPUs 28
rank 1960 on c289.nibi.sharcnet: 1 pinned threads; allocated CPUs 40
rank 1363 on c258.nibi.sharcnet: 1 pinned threads; allocated CPUs 19
rank 2262 on c311.nibi.sharcnet: 1 pinned threads; allocated CPUs 150
rank 2263 on c311.nibi.sharcnet: 1 pinned threads; allocated CPUs 151
rank 1664 on c272.nibi.sharcnet: 1 pinned threads; allocated CPUs 128
rank 985 on c147.nibi.sharcnet: 1 pinned threads; allocated CPUs 25
rank 1165 on c152.nibi.sharcnet: 1 pinned threads; allocated CPUs 13
rank 2550 on c313.nibi.sharcnet: 1 pinned threads; allocated CPUs 54
rank 339 on c94.nibi.sharcnet: 1 pinned threads; allocated CPUs 147
rank 26 on c93.nibi.sharcnet: 1 pinned threads; allocated CPUs 26
rank 3005 on c315.nibi.sharcnet: 1 pinned threads; allocated CPUs 125
rank 341 on c94.nibi.sharcnet: 1 pinned threads; allocated CPUs 149
rank 422 on c95.nibi.sharcnet: 1 pinned threads; allocated CPUs 38
rank 2703 on c314.nibi.sharcnet: 1 pinned threads; allocated CPUs 15
rank 1364 on c258.nibi.sharcnet: 1 pinned threads; allocated CPUs 20
rank 2704 on c314.nibi.sharcnet: 1 pinned threads; allocated CPUs 16
rank 2266 on c311.nibi.sharcnet: 1 pinned threads; allocated CPUs 154
rank 2333 on c312.nibi.sharcnet: 1 pinned threads; allocated CPUs 29
rank 1961 on c289.nibi.sharcnet: 1 pinned threads; allocated CPUs 41
rank 986 on c147.nibi.sharcnet: 1 pinned threads; allocated CPUs 26
rank 1166 on c152.nibi.sharcnet: 1 pinned threads; allocated CPUs 14
rank 2551 on c313.nibi.sharcnet: 1 pinned threads; allocated CPUs 55
rank 1742 on c288.nibi.sharcnet: 1 pinned threads; allocated CPUs 14
rank 2267 on c311.nibi.sharcnet: 1 pinned threads; allocated CPUs 155
rank 2334 on c312.nibi.sharcnet: 1 pinned threads; allocated CPUs 30
rank 1962 on c289.nibi.sharcnet: 1 pinned threads; allocated CPUs 42
rank 1669 on c272.nibi.sharcnet: 1 pinned threads; allocated CPUs 133
rank 1167 on c152.nibi.sharcnet: 1 pinned threads; allocated CPUs 15
rank 27 on c93.nibi.sharcnet: 1 pinned threads; allocated CPUs 27
rank 3006 on c315.nibi.sharcnet: 1 pinned threads; allocated CPUs 126
rank 2705 on c314.nibi.sharcnet: 1 pinned threads; allocated CPUs 17
rank 343 on c94.nibi.sharcnet: 1 pinned threads; allocated CPUs 151
rank 1743 on c288.nibi.sharcnet: 1 pinned threads; allocated CPUs 15
rank 346 on c94.nibi.sharcnet: 1 pinned threads; allocated CPUs 154
rank 1744 on c288.nibi.sharcnet: 1 pinned threads; allocated CPUs 16
rank 423 on c95.nibi.sharcnet: 1 pinned threads; allocated CPUs 39
rank 28 on c93.nibi.sharcnet: 1 pinned threads; allocated CPUs 28
rank 3007 on c315.nibi.sharcnet: 1 pinned threads; allocated CPUs 127
rank 347 on c94.nibi.sharcnet: 1 pinned threads; allocated CPUs 155
rank 2268 on c311.nibi.sharcnet: 1 pinned threads; allocated CPUs 156
rank 424 on c95.nibi.sharcnet: 1 pinned threads; allocated CPUs 40
rank 2335 on c312.nibi.sharcnet: 1 pinned threads; allocated CPUs 31
rank 1963 on c289.nibi.sharcnet: 1 pinned threads; allocated CPUs 43
rank 1671 on c272.nibi.sharcnet: 1 pinned threads; allocated CPUs 135
rank 987 on c147.nibi.sharcnet: 1 pinned threads; allocated CPUs 27
rank 1168 on c152.nibi.sharcnet: 1 pinned threads; allocated CPUs 16
rank 1365 on c258.nibi.sharcnet: 1 pinned threads; allocated CPUs 21
rank 3008 on c315.nibi.sharcnet: 1 pinned threads; allocated CPUs 128
rank 348 on c94.nibi.sharcnet: 1 pinned threads; allocated CPUs 156
rank 1745 on c288.nibi.sharcnet: 1 pinned threads; allocated CPUs 17
rank 1673 on c272.nibi.sharcnet: 1 pinned threads; allocated CPUs 137
rank 988 on c147.nibi.sharcnet: 1 pinned threads; allocated CPUs 28
rank 1366 on c258.nibi.sharcnet: 1 pinned threads; allocated CPUs 22
rank 2552 on c313.nibi.sharcnet: 1 pinned threads; allocated CPUs 56
rank 2269 on c311.nibi.sharcnet: 1 pinned threads; allocated CPUs 157
rank 1367 on c258.nibi.sharcnet: 1 pinned threads; allocated CPUs 23
rank 576 on c105.nibi.sharcnet: 1 pinned threads; allocated CPUs 0
rank 29 on c93.nibi.sharcnet: 1 pinned threads; allocated CPUs 29
rank 2553 on c313.nibi.sharcnet: 1 pinned threads; allocated CPUs 57
rank 349 on c94.nibi.sharcnet: 1 pinned threads; allocated CPUs 157
rank 1746 on c288.nibi.sharcnet: 1 pinned threads; allocated CPUs 18
rank 2271 on c311.nibi.sharcnet: 1 pinned threads; allocated CPUs 159
rank 2336 on c312.nibi.sharcnet: 1 pinned threads; allocated CPUs 32
rank 1964 on c289.nibi.sharcnet: 1 pinned threads; allocated CPUs 44
rank 1169 on c152.nibi.sharcnet: 1 pinned threads; allocated CPUs 17
rank 2706 on c314.nibi.sharcnet: 1 pinned threads; allocated CPUs 18
rank 425 on c95.nibi.sharcnet: 1 pinned threads; allocated CPUs 41
rank 2554 on c313.nibi.sharcnet: 1 pinned threads; allocated CPUs 58
rank 3009 on c315.nibi.sharcnet: 1 pinned threads; allocated CPUs 129
rank 2707 on c314.nibi.sharcnet: 1 pinned threads; allocated CPUs 19
rank 30 on c93.nibi.sharcnet: 1 pinned threads; allocated CPUs 30
rank 1965 on c289.nibi.sharcnet: 1 pinned threads; allocated CPUs 45
rank 1679 on c272.nibi.sharcnet: 1 pinned threads; allocated CPUs 143
rank 1170 on c152.nibi.sharcnet: 1 pinned threads; allocated CPUs 18
rank 1368 on c258.nibi.sharcnet: 1 pinned threads; allocated CPUs 24
rank 577 on c105.nibi.sharcnet: 1 pinned threads; allocated CPUs 1
rank 353 on c94.nibi.sharcnet: 1 pinned threads; allocated CPUs 161
rank 426 on c95.nibi.sharcnet: 1 pinned threads; allocated CPUs 42
rank 2337 on c312.nibi.sharcnet: 1 pinned threads; allocated CPUs 33
rank 1680 on c272.nibi.sharcnet: 1 pinned threads; allocated CPUs 144
rank 989 on c147.nibi.sharcnet: 1 pinned threads; allocated CPUs 29
rank 2555 on c313.nibi.sharcnet: 1 pinned threads; allocated CPUs 59
rank 2708 on c314.nibi.sharcnet: 1 pinned threads; allocated CPUs 20
rank 357 on c94.nibi.sharcnet: 1 pinned threads; allocated CPUs 165
rank 1683 on c272.nibi.sharcnet: 1 pinned threads; allocated CPUs 147
rank 31 on c93.nibi.sharcnet: 1 pinned threads; allocated CPUs 31
rank 359 on c94.nibi.sharcnet: 1 pinned threads; allocated CPUs 167
rank 1747 on c288.nibi.sharcnet: 1 pinned threads; allocated CPUs 19
rank 2275 on c311.nibi.sharcnet: 1 pinned threads; allocated CPUs 163
rank 427 on c95.nibi.sharcnet: 1 pinned threads; allocated CPUs 43
rank 890 on c106.nibi.sharcnet: 1 pinned threads; allocated CPUs 122
rank 990 on c147.nibi.sharcnet: 1 pinned threads; allocated CPUs 30
rank 1172 on c152.nibi.sharcnet: 1 pinned threads; allocated CPUs 20
rank 3010 on c315.nibi.sharcnet: 1 pinned threads; allocated CPUs 130
rank 2709 on c314.nibi.sharcnet: 1 pinned threads; allocated CPUs 21
rank 1748 on c288.nibi.sharcnet: 1 pinned threads; allocated CPUs 20
rank 2284 on c311.nibi.sharcnet: 1 pinned threads; allocated CPUs 172
rank 2338 on c312.nibi.sharcnet: 1 pinned threads; allocated CPUs 34
rank 1966 on c289.nibi.sharcnet: 1 pinned threads; allocated CPUs 46
rank 1686 on c272.nibi.sharcnet: 1 pinned threads; allocated CPUs 150
rank 1369 on c258.nibi.sharcnet: 1 pinned threads; allocated CPUs 25
rank 578 on c105.nibi.sharcnet: 1 pinned threads; allocated CPUs 2
rank 3011 on c315.nibi.sharcnet: 1 pinned threads; allocated CPUs 131
rank 2292 on c311.nibi.sharcnet: 1 pinned threads; allocated CPUs 180
rank 1689 on c272.nibi.sharcnet: 1 pinned threads; allocated CPUs 153
rank 991 on c147.nibi.sharcnet: 1 pinned threads; allocated CPUs 31
rank 1173 on c152.nibi.sharcnet: 1 pinned threads; allocated CPUs 21
rank 1370 on c258.nibi.sharcnet: 1 pinned threads; allocated CPUs 26
rank 579 on c105.nibi.sharcnet: 1 pinned threads; allocated CPUs 3
rank 32 on c93.nibi.sharcnet: 1 pinned threads; allocated CPUs 32
rank 2556 on c313.nibi.sharcnet: 1 pinned threads; allocated CPUs 60
rank 3012 on c315.nibi.sharcnet: 1 pinned threads; allocated CPUs 132
rank 361 on c94.nibi.sharcnet: 1 pinned threads; allocated CPUs 169
rank 2293 on c311.nibi.sharcnet: 1 pinned threads; allocated CPUs 181
rank 428 on c95.nibi.sharcnet: 1 pinned threads; allocated CPUs 44
rank 895 on c106.nibi.sharcnet: 1 pinned threads; allocated CPUs 127
rank 2339 on c312.nibi.sharcnet: 1 pinned threads; allocated CPUs 35
rank 1967 on c289.nibi.sharcnet: 1 pinned threads; allocated CPUs 47
rank 992 on c147.nibi.sharcnet: 1 pinned threads; allocated CPUs 32
rank 2710 on c314.nibi.sharcnet: 1 pinned threads; allocated CPUs 22
rank 362 on c94.nibi.sharcnet: 1 pinned threads; allocated CPUs 170
rank 2300 on c311.nibi.sharcnet: 1 pinned threads; allocated CPUs 188
rank 1174 on c152.nibi.sharcnet: 1 pinned threads; allocated CPUs 22
rank 33 on c93.nibi.sharcnet: 1 pinned threads; allocated CPUs 33
rank 1749 on c288.nibi.sharcnet: 1 pinned threads; allocated CPUs 21
rank 2340 on c312.nibi.sharcnet: 1 pinned threads; allocated CPUs 36
rank 1968 on c289.nibi.sharcnet: 1 pinned threads; allocated CPUs 48
rank 1693 on c272.nibi.sharcnet: 1 pinned threads; allocated CPUs 157
rank 1371 on c258.nibi.sharcnet: 1 pinned threads; allocated CPUs 27
rank 3016 on c315.nibi.sharcnet: 1 pinned threads; allocated CPUs 136
rank 2711 on c314.nibi.sharcnet: 1 pinned threads; allocated CPUs 23
rank 2301 on c311.nibi.sharcnet: 1 pinned threads; allocated CPUs 189
rank 918 on c106.nibi.sharcnet: 1 pinned threads; allocated CPUs 150
rank 1694 on c272.nibi.sharcnet: 1 pinned threads; allocated CPUs 158
rank 993 on c147.nibi.sharcnet: 1 pinned threads; allocated CPUs 33
rank 580 on c105.nibi.sharcnet: 1 pinned threads; allocated CPUs 4
rank 2557 on c313.nibi.sharcnet: 1 pinned threads; allocated CPUs 61
rank 364 on c94.nibi.sharcnet: 1 pinned threads; allocated CPUs 172
rank 1750 on c288.nibi.sharcnet: 1 pinned threads; allocated CPUs 22
rank 429 on c95.nibi.sharcnet: 1 pinned threads; allocated CPUs 45
rank 885 on c106.nibi.sharcnet: 1 pinned threads; allocated CPUs 117
rank 34 on c93.nibi.sharcnet: 1 pinned threads; allocated CPUs 34
rank 2558 on c313.nibi.sharcnet: 1 pinned threads; allocated CPUs 62
rank 3017 on c315.nibi.sharcnet: 1 pinned threads; allocated CPUs 137
rank 369 on c94.nibi.sharcnet: 1 pinned threads; allocated CPUs 177
rank 431 on c95.nibi.sharcnet: 1 pinned threads; allocated CPUs 47
rank 2341 on c312.nibi.sharcnet: 1 pinned threads; allocated CPUs 37
rank 1969 on c289.nibi.sharcnet: 1 pinned threads; allocated CPUs 49
rank 1695 on c272.nibi.sharcnet: 1 pinned threads; allocated CPUs 159
rank 1372 on c258.nibi.sharcnet: 1 pinned threads; allocated CPUs 28
rank 3019 on c315.nibi.sharcnet: 1 pinned threads; allocated CPUs 139
rank 1751 on c288.nibi.sharcnet: 1 pinned threads; allocated CPUs 23
rank 2126 on c311.nibi.sharcnet: 1 pinned threads; allocated CPUs 14
rank 1536 on c272.nibi.sharcnet: 1 pinned threads; allocated CPUs 0
rank 2559 on c313.nibi.sharcnet: 1 pinned threads; allocated CPUs 63
rank 2712 on c314.nibi.sharcnet: 1 pinned threads; allocated CPUs 24
rank 2133 on c311.nibi.sharcnet: 1 pinned threads; allocated CPUs 21
rank 432 on c95.nibi.sharcnet: 1 pinned threads; allocated CPUs 48
rank 866 on c106.nibi.sharcnet: 1 pinned threads; allocated CPUs 98
rank 1970 on c289.nibi.sharcnet: 1 pinned threads; allocated CPUs 50
rank 994 on c147.nibi.sharcnet: 1 pinned threads; allocated CPUs 34
rank 1175 on c152.nibi.sharcnet: 1 pinned threads; allocated CPUs 23
rank 1373 on c258.nibi.sharcnet: 1 pinned threads; allocated CPUs 29
rank 581 on c105.nibi.sharcnet: 1 pinned threads; allocated CPUs 5
rank 35 on c93.nibi.sharcnet: 1 pinned threads; allocated CPUs 35
rank 3020 on c315.nibi.sharcnet: 1 pinned threads; allocated CPUs 140
rank 892 on c106.nibi.sharcnet: 1 pinned threads; allocated CPUs 124
rank 1176 on c152.nibi.sharcnet: 1 pinned threads; allocated CPUs 24
rank 582 on c105.nibi.sharcnet: 1 pinned threads; allocated CPUs 6
rank 2713 on c314.nibi.sharcnet: 1 pinned threads; allocated CPUs 25
rank 1752 on c288.nibi.sharcnet: 1 pinned threads; allocated CPUs 24
rank 2342 on c312.nibi.sharcnet: 1 pinned threads; allocated CPUs 38
rank 3022 on c315.nibi.sharcnet: 1 pinned threads; allocated CPUs 142
rank 433 on c95.nibi.sharcnet: 1 pinned threads; allocated CPUs 49
rank 1971 on c289.nibi.sharcnet: 1 pinned threads; allocated CPUs 51
rank 1374 on c258.nibi.sharcnet: 1 pinned threads; allocated CPUs 30
rank 583 on c105.nibi.sharcnet: 1 pinned threads; allocated CPUs 7
rank 36 on c93.nibi.sharcnet: 1 pinned threads; allocated CPUs 36
rank 871 on c106.nibi.sharcnet: 1 pinned threads; allocated CPUs 103
rank 2343 on c312.nibi.sharcnet: 1 pinned threads; allocated CPUs 39
rank 1542 on c272.nibi.sharcnet: 1 pinned threads; allocated CPUs 6
rank 995 on c147.nibi.sharcnet: 1 pinned threads; allocated CPUs 35
rank 1178 on c152.nibi.sharcnet: 1 pinned threads; allocated CPUs 26
rank 3024 on c315.nibi.sharcnet: 1 pinned threads; allocated CPUs 144
rank 2714 on c314.nibi.sharcnet: 1 pinned threads; allocated CPUs 26
rank 372 on c94.nibi.sharcnet: 1 pinned threads; allocated CPUs 180
rank 2344 on c312.nibi.sharcnet: 1 pinned threads; allocated CPUs 40
rank 1544 on c272.nibi.sharcnet: 1 pinned threads; allocated CPUs 8
rank 996 on c147.nibi.sharcnet: 1 pinned threads; allocated CPUs 36
rank 2560 on c313.nibi.sharcnet: 1 pinned threads; allocated CPUs 64
rank 373 on c94.nibi.sharcnet: 1 pinned threads; allocated CPUs 181
rank 2142 on c311.nibi.sharcnet: 1 pinned threads; allocated CPUs 30
rank 434 on c95.nibi.sharcnet: 1 pinned threads; allocated CPUs 50
rank 1972 on c289.nibi.sharcnet: 1 pinned threads; allocated CPUs 52
rank 1179 on c152.nibi.sharcnet: 1 pinned threads; allocated CPUs 27
rank 1375 on c258.nibi.sharcnet: 1 pinned threads; allocated CPUs 31
rank 584 on c105.nibi.sharcnet: 1 pinned threads; allocated CPUs 8
rank 37 on c93.nibi.sharcnet: 1 pinned threads; allocated CPUs 37
rank 2561 on c313.nibi.sharcnet: 1 pinned threads; allocated CPUs 65
rank 377 on c94.nibi.sharcnet: 1 pinned threads; allocated CPUs 185
rank 2145 on c311.nibi.sharcnet: 1 pinned threads; allocated CPUs 33
rank 1546 on c272.nibi.sharcnet: 1 pinned threads; allocated CPUs 10
rank 2563 on c313.nibi.sharcnet: 1 pinned threads; allocated CPUs 67
rank 3025 on c315.nibi.sharcnet: 1 pinned threads; allocated CPUs 145
rank 2715 on c314.nibi.sharcnet: 1 pinned threads; allocated CPUs 27
rank 1753 on c288.nibi.sharcnet: 1 pinned threads; allocated CPUs 25
rank 2147 on c311.nibi.sharcnet: 1 pinned threads; allocated CPUs 35
rank 882 on c106.nibi.sharcnet: 1 pinned threads; allocated CPUs 114
rank 997 on c147.nibi.sharcnet: 1 pinned threads; allocated CPUs 37
rank 1376 on c258.nibi.sharcnet: 1 pinned threads; allocated CPUs 32
rank 1754 on c288.nibi.sharcnet: 1 pinned threads; allocated CPUs 26
rank 867 on c106.nibi.sharcnet: 1 pinned threads; allocated CPUs 99
rank 2345 on c312.nibi.sharcnet: 1 pinned threads; allocated CPUs 41
rank 1180 on c152.nibi.sharcnet: 1 pinned threads; allocated CPUs 28
rank 585 on c105.nibi.sharcnet: 1 pinned threads; allocated CPUs 9
rank 38 on c93.nibi.sharcnet: 1 pinned threads; allocated CPUs 38
rank 1755 on c288.nibi.sharcnet: 1 pinned threads; allocated CPUs 27
rank 435 on c95.nibi.sharcnet: 1 pinned threads; allocated CPUs 51
rank 1973 on c289.nibi.sharcnet: 1 pinned threads; allocated CPUs 53
rank 998 on c147.nibi.sharcnet: 1 pinned threads; allocated CPUs 38
rank 3026 on c315.nibi.sharcnet: 1 pinned threads; allocated CPUs 146
rank 381 on c94.nibi.sharcnet: 1 pinned threads; allocated CPUs 189
rank 1377 on c258.nibi.sharcnet: 1 pinned threads; allocated CPUs 33
rank 2565 on c313.nibi.sharcnet: 1 pinned threads; allocated CPUs 69
rank 3027 on c315.nibi.sharcnet: 1 pinned threads; allocated CPUs 147
rank 2716 on c314.nibi.sharcnet: 1 pinned threads; allocated CPUs 28
rank 382 on c94.nibi.sharcnet: 1 pinned threads; allocated CPUs 190
rank 2197 on c311.nibi.sharcnet: 1 pinned threads; allocated CPUs 85
rank 436 on c95.nibi.sharcnet: 1 pinned threads; allocated CPUs 52
rank 907 on c106.nibi.sharcnet: 1 pinned threads; allocated CPUs 139
rank 39 on c93.nibi.sharcnet: 1 pinned threads; allocated CPUs 39
rank 383 on c94.nibi.sharcnet: 1 pinned threads; allocated CPUs 191
rank 2221 on c311.nibi.sharcnet: 1 pinned threads; allocated CPUs 109
rank 2346 on c312.nibi.sharcnet: 1 pinned threads; allocated CPUs 42
rank 1181 on c152.nibi.sharcnet: 1 pinned threads; allocated CPUs 29
rank 586 on c105.nibi.sharcnet: 1 pinned threads; allocated CPUs 10
rank 193 on c94.nibi.sharcnet: 1 pinned threads; allocated CPUs 1
rank 1756 on c288.nibi.sharcnet: 1 pinned threads; allocated CPUs 28
rank 2255 on c311.nibi.sharcnet: 1 pinned threads; allocated CPUs 143
rank 825 on c106.nibi.sharcnet: 1 pinned threads; allocated CPUs 57
rank 1974 on c289.nibi.sharcnet: 1 pinned threads; allocated CPUs 54
rank 2717 on c314.nibi.sharcnet: 1 pinned threads; allocated CPUs 29
rank 199 on c94.nibi.sharcnet: 1 pinned threads; allocated CPUs 7
rank 1378 on c258.nibi.sharcnet: 1 pinned threads; allocated CPUs 34
rank 2568 on c313.nibi.sharcnet: 1 pinned threads; allocated CPUs 72
rank 437 on c95.nibi.sharcnet: 1 pinned threads; allocated CPUs 53
rank 2347 on c312.nibi.sharcnet: 1 pinned threads; allocated CPUs 43
rank 999 on c147.nibi.sharcnet: 1 pinned threads; allocated CPUs 39
rank 1183 on c152.nibi.sharcnet: 1 pinned threads; allocated CPUs 31
rank 40 on c93.nibi.sharcnet: 1 pinned threads; allocated CPUs 40
rank 1975 on c289.nibi.sharcnet: 1 pinned threads; allocated CPUs 55
rank 587 on c105.nibi.sharcnet: 1 pinned threads; allocated CPUs 11
rank 202 on c94.nibi.sharcnet: 1 pinned threads; allocated CPUs 10
rank 817 on c106.nibi.sharcnet: 1 pinned threads; allocated CPUs 49
rank 1000 on c147.nibi.sharcnet: 1 pinned threads; allocated CPUs 40
rank 1379 on c258.nibi.sharcnet: 1 pinned threads; allocated CPUs 35
rank 3028 on c315.nibi.sharcnet: 1 pinned threads; allocated CPUs 148
rank 438 on c95.nibi.sharcnet: 1 pinned threads; allocated CPUs 54
rank 823 on c106.nibi.sharcnet: 1 pinned threads; allocated CPUs 55
rank 1184 on c152.nibi.sharcnet: 1 pinned threads; allocated CPUs 32
rank 3029 on c315.nibi.sharcnet: 1 pinned threads; allocated CPUs 149
rank 2718 on c314.nibi.sharcnet: 1 pinned threads; allocated CPUs 30
rank 1757 on c288.nibi.sharcnet: 1 pinned threads; allocated CPUs 29
rank 2348 on c312.nibi.sharcnet: 1 pinned threads; allocated CPUs 44
rank 588 on c105.nibi.sharcnet: 1 pinned threads; allocated CPUs 12
rank 41 on c93.nibi.sharcnet: 1 pinned threads; allocated CPUs 41
rank 2570 on c313.nibi.sharcnet: 1 pinned threads; allocated CPUs 74
rank 3030 on c315.nibi.sharcnet: 1 pinned threads; allocated CPUs 150
rank 2256 on c311.nibi.sharcnet: 1 pinned threads; allocated CPUs 144
rank 1976 on c289.nibi.sharcnet: 1 pinned threads; allocated CPUs 56
rank 2573 on c313.nibi.sharcnet: 1 pinned threads; allocated CPUs 77
rank 2719 on c314.nibi.sharcnet: 1 pinned threads; allocated CPUs 31
rank 2259 on c311.nibi.sharcnet: 1 pinned threads; allocated CPUs 147
rank 1001 on c147.nibi.sharcnet: 1 pinned threads; allocated CPUs 41
rank 1185 on c152.nibi.sharcnet: 1 pinned threads; allocated CPUs 33
rank 203 on c94.nibi.sharcnet: 1 pinned threads; allocated CPUs 11
rank 2128 on c311.nibi.sharcnet: 1 pinned threads; allocated CPUs 16
rank 439 on c95.nibi.sharcnet: 1 pinned threads; allocated CPUs 55
rank 2349 on c312.nibi.sharcnet: 1 pinned threads; allocated CPUs 45
rank 1977 on c289.nibi.sharcnet: 1 pinned threads; allocated CPUs 57
rank 42 on c93.nibi.sharcnet: 1 pinned threads; allocated CPUs 42
rank 205 on c94.nibi.sharcnet: 1 pinned threads; allocated CPUs 13
rank 1758 on c288.nibi.sharcnet: 1 pinned threads; allocated CPUs 30
rank 2294 on c311.nibi.sharcnet: 1 pinned threads; allocated CPUs 182
rank 826 on c106.nibi.sharcnet: 1 pinned threads; allocated CPUs 58
rank 589 on c105.nibi.sharcnet: 1 pinned threads; allocated CPUs 13
rank 2720 on c314.nibi.sharcnet: 1 pinned threads; allocated CPUs 32
rank 2137 on c311.nibi.sharcnet: 1 pinned threads; allocated CPUs 25
rank 827 on c106.nibi.sharcnet: 1 pinned threads; allocated CPUs 59
rank 1186 on c152.nibi.sharcnet: 1 pinned threads; allocated CPUs 34
rank 1380 on c258.nibi.sharcnet: 1 pinned threads; allocated CPUs 36
rank 3031 on c315.nibi.sharcnet: 1 pinned threads; allocated CPUs 151
rank 1759 on c288.nibi.sharcnet: 1 pinned threads; allocated CPUs 31
rank 441 on c95.nibi.sharcnet: 1 pinned threads; allocated CPUs 57
rank 2350 on c312.nibi.sharcnet: 1 pinned threads; allocated CPUs 46
rank 1978 on c289.nibi.sharcnet: 1 pinned threads; allocated CPUs 58
rank 1002 on c147.nibi.sharcnet: 1 pinned threads; allocated CPUs 42
rank 1381 on c258.nibi.sharcnet: 1 pinned threads; allocated CPUs 37
rank 590 on c105.nibi.sharcnet: 1 pinned threads; allocated CPUs 14
rank 43 on c93.nibi.sharcnet: 1 pinned threads; allocated CPUs 43
rank 2574 on c313.nibi.sharcnet: 1 pinned threads; allocated CPUs 78
rank 3033 on c315.nibi.sharcnet: 1 pinned threads; allocated CPUs 153
rank 209 on c94.nibi.sharcnet: 1 pinned threads; allocated CPUs 17
rank 1760 on c288.nibi.sharcnet: 1 pinned threads; allocated CPUs 32
rank 1003 on c147.nibi.sharcnet: 1 pinned threads; allocated CPUs 43
rank 1382 on c258.nibi.sharcnet: 1 pinned threads; allocated CPUs 38
rank 2575 on c313.nibi.sharcnet: 1 pinned threads; allocated CPUs 79
rank 3034 on c315.nibi.sharcnet: 1 pinned threads; allocated CPUs 154
rank 219 on c94.nibi.sharcnet: 1 pinned threads; allocated CPUs 27
rank 442 on c95.nibi.sharcnet: 1 pinned threads; allocated CPUs 58
rank 850 on c106.nibi.sharcnet: 1 pinned threads; allocated CPUs 82
rank 1187 on c152.nibi.sharcnet: 1 pinned threads; allocated CPUs 35
rank 2576 on c313.nibi.sharcnet: 1 pinned threads; allocated CPUs 80
rank 3035 on c315.nibi.sharcnet: 1 pinned threads; allocated CPUs 155
rank 221 on c94.nibi.sharcnet: 1 pinned threads; allocated CPUs 29
rank 2143 on c311.nibi.sharcnet: 1 pinned threads; allocated CPUs 31
rank 2351 on c312.nibi.sharcnet: 1 pinned threads; allocated CPUs 47
rank 1979 on c289.nibi.sharcnet: 1 pinned threads; allocated CPUs 59
rank 1004 on c147.nibi.sharcnet: 1 pinned threads; allocated CPUs 44
rank 591 on c105.nibi.sharcnet: 1 pinned threads; allocated CPUs 15
rank 44 on c93.nibi.sharcnet: 1 pinned threads; allocated CPUs 44
rank 2303 on c311.nibi.sharcnet: 1 pinned threads; allocated CPUs 191
rank 838 on c106.nibi.sharcnet: 1 pinned threads; allocated CPUs 70
rank 2352 on c312.nibi.sharcnet: 1 pinned threads; allocated CPUs 48
rank 1383 on c258.nibi.sharcnet: 1 pinned threads; allocated CPUs 39
rank 2577 on c313.nibi.sharcnet: 1 pinned threads; allocated CPUs 81
rank 3036 on c315.nibi.sharcnet: 1 pinned threads; allocated CPUs 156
rank 2721 on c314.nibi.sharcnet: 1 pinned threads; allocated CPUs 33
rank 237 on c94.nibi.sharcnet: 1 pinned threads; allocated CPUs 45
rank 1761 on c288.nibi.sharcnet: 1 pinned threads; allocated CPUs 33
rank 2141 on c311.nibi.sharcnet: 1 pinned threads; allocated CPUs 29
rank 443 on c95.nibi.sharcnet: 1 pinned threads; allocated CPUs 59
rank 1980 on c289.nibi.sharcnet: 1 pinned threads; allocated CPUs 60
rank 1188 on c152.nibi.sharcnet: 1 pinned threads; allocated CPUs 36
rank 45 on c93.nibi.sharcnet: 1 pinned threads; allocated CPUs 45
rank 2578 on c313.nibi.sharcnet: 1 pinned threads; allocated CPUs 82
rank 3037 on c315.nibi.sharcnet: 1 pinned threads; allocated CPUs 157
rank 2722 on c314.nibi.sharcnet: 1 pinned threads; allocated CPUs 34
rank 256 on c94.nibi.sharcnet: 1 pinned threads; allocated CPUs 64
rank 848 on c106.nibi.sharcnet: 1 pinned threads; allocated CPUs 80
rank 1384 on c258.nibi.sharcnet: 1 pinned threads; allocated CPUs 40
rank 592 on c105.nibi.sharcnet: 1 pinned threads; allocated CPUs 16
rank 3039 on c315.nibi.sharcnet: 1 pinned threads; allocated CPUs 159
rank 833 on c106.nibi.sharcnet: 1 pinned threads; allocated CPUs 65
rank 2353 on c312.nibi.sharcnet: 1 pinned threads; allocated CPUs 49
rank 1005 on c147.nibi.sharcnet: 1 pinned threads; allocated CPUs 45
rank 1189 on c152.nibi.sharcnet: 1 pinned threads; allocated CPUs 37
rank 593 on c105.nibi.sharcnet: 1 pinned threads; allocated CPUs 17
rank 2579 on c313.nibi.sharcnet: 1 pinned threads; allocated CPUs 83
rank 1762 on c288.nibi.sharcnet: 1 pinned threads; allocated CPUs 34
rank 2159 on c311.nibi.sharcnet: 1 pinned threads; allocated CPUs 47
rank 46 on c93.nibi.sharcnet: 1 pinned threads; allocated CPUs 46
rank 2247 on c311.nibi.sharcnet: 1 pinned threads; allocated CPUs 135
rank 444 on c95.nibi.sharcnet: 1 pinned threads; allocated CPUs 60
rank 445 on c95.nibi.sharcnet: 1 pinned threads; allocated CPUs 61
rank 1981 on c289.nibi.sharcnet: 1 pinned threads; allocated CPUs 61
rank 1190 on c152.nibi.sharcnet: 1 pinned threads; allocated CPUs 38
rank 1385 on c258.nibi.sharcnet: 1 pinned threads; allocated CPUs 41
rank 2580 on c313.nibi.sharcnet: 1 pinned threads; allocated CPUs 84
rank 2723 on c314.nibi.sharcnet: 1 pinned threads; allocated CPUs 35
rank 257 on c94.nibi.sharcnet: 1 pinned threads; allocated CPUs 65
rank 2138 on c311.nibi.sharcnet: 1 pinned threads; allocated CPUs 26
rank 2354 on c312.nibi.sharcnet: 1 pinned threads; allocated CPUs 50
rank 1982 on c289.nibi.sharcnet: 1 pinned threads; allocated CPUs 62
rank 47 on c93.nibi.sharcnet: 1 pinned threads; allocated CPUs 47
rank 3057 on c315.nibi.sharcnet: 1 pinned threads; allocated CPUs 177
rank 2724 on c314.nibi.sharcnet: 1 pinned threads; allocated CPUs 36
rank 259 on c94.nibi.sharcnet: 1 pinned threads; allocated CPUs 67
rank 1763 on c288.nibi.sharcnet: 1 pinned threads; allocated CPUs 35
rank 446 on c95.nibi.sharcnet: 1 pinned threads; allocated CPUs 62
rank 1006 on c147.nibi.sharcnet: 1 pinned threads; allocated CPUs 46
rank 2581 on c313.nibi.sharcnet: 1 pinned threads; allocated CPUs 85
rank 3061 on c315.nibi.sharcnet: 1 pinned threads; allocated CPUs 181
rank 2725 on c314.nibi.sharcnet: 1 pinned threads; allocated CPUs 37
rank 261 on c94.nibi.sharcnet: 1 pinned threads; allocated CPUs 69
rank 2213 on c311.nibi.sharcnet: 1 pinned threads; allocated CPUs 101
rank 852 on c106.nibi.sharcnet: 1 pinned threads; allocated CPUs 84
rank 2355 on c312.nibi.sharcnet: 1 pinned threads; allocated CPUs 51
rank 1983 on c289.nibi.sharcnet: 1 pinned threads; allocated CPUs 63
rank 1007 on c147.nibi.sharcnet: 1 pinned threads; allocated CPUs 47
rank 1191 on c152.nibi.sharcnet: 1 pinned threads; allocated CPUs 39
rank 1386 on c258.nibi.sharcnet: 1 pinned threads; allocated CPUs 42
rank 594 on c105.nibi.sharcnet: 1 pinned threads; allocated CPUs 18
rank 820 on c106.nibi.sharcnet: 1 pinned threads; allocated CPUs 52
rank 595 on c105.nibi.sharcnet: 1 pinned threads; allocated CPUs 19
rank 48 on c93.nibi.sharcnet: 1 pinned threads; allocated CPUs 48
rank 835 on c106.nibi.sharcnet: 1 pinned threads; allocated CPUs 67
rank 1387 on c258.nibi.sharcnet: 1 pinned threads; allocated CPUs 43
rank 3065 on c315.nibi.sharcnet: 1 pinned threads; allocated CPUs 185
rank 2112 on c311.nibi.sharcnet: 1 pinned threads; allocated CPUs 0
rank 447 on c95.nibi.sharcnet: 1 pinned threads; allocated CPUs 63
rank 2356 on c312.nibi.sharcnet: 1 pinned threads; allocated CPUs 52
rank 2583 on c313.nibi.sharcnet: 1 pinned threads; allocated CPUs 87
rank 3066 on c315.nibi.sharcnet: 1 pinned threads; allocated CPUs 186
rank 262 on c94.nibi.sharcnet: 1 pinned threads; allocated CPUs 70
rank 1764 on c288.nibi.sharcnet: 1 pinned threads; allocated CPUs 36
rank 1984 on c289.nibi.sharcnet: 1 pinned threads; allocated CPUs 64
rank 1008 on c147.nibi.sharcnet: 1 pinned threads; allocated CPUs 48
rank 2584 on c313.nibi.sharcnet: 1 pinned threads; allocated CPUs 88
rank 2726 on c314.nibi.sharcnet: 1 pinned threads; allocated CPUs 38
rank 263 on c94.nibi.sharcnet: 1 pinned threads; allocated CPUs 71
rank 1765 on c288.nibi.sharcnet: 1 pinned threads; allocated CPUs 37
rank 1388 on c258.nibi.sharcnet: 1 pinned threads; allocated CPUs 44
rank 596 on c105.nibi.sharcnet: 1 pinned threads; allocated CPUs 20
rank 49 on c93.nibi.sharcnet: 1 pinned threads; allocated CPUs 49
rank 2125 on c311.nibi.sharcnet: 1 pinned threads; allocated CPUs 13
rank 3069 on c315.nibi.sharcnet: 1 pinned threads; allocated CPUs 189
rank 2727 on c314.nibi.sharcnet: 1 pinned threads; allocated CPUs 39
rank 2135 on c311.nibi.sharcnet: 1 pinned threads; allocated CPUs 23
rank 1192 on c152.nibi.sharcnet: 1 pinned threads; allocated CPUs 40
rank 849 on c106.nibi.sharcnet: 1 pinned threads; allocated CPUs 81
rank 2357 on c312.nibi.sharcnet: 1 pinned threads; allocated CPUs 53
rank 1193 on c152.nibi.sharcnet: 1 pinned threads; allocated CPUs 41
rank 2880 on c315.nibi.sharcnet: 1 pinned threads; allocated CPUs 0
rank 1766 on c288.nibi.sharcnet: 1 pinned threads; allocated CPUs 38
rank 448 on c95.nibi.sharcnet: 1 pinned threads; allocated CPUs 64
rank 916 on c106.nibi.sharcnet: 1 pinned threads; allocated CPUs 148
rank 597 on c105.nibi.sharcnet: 1 pinned threads; allocated CPUs 21
rank 50 on c93.nibi.sharcnet: 1 pinned threads; allocated CPUs 50
rank 843 on c106.nibi.sharcnet: 1 pinned threads; allocated CPUs 75
rank 1985 on c289.nibi.sharcnet: 1 pinned threads; allocated CPUs 65
rank 1009 on c147.nibi.sharcnet: 1 pinned threads; allocated CPUs 49
rank 2585 on c313.nibi.sharcnet: 1 pinned threads; allocated CPUs 89
rank 2728 on c314.nibi.sharcnet: 1 pinned threads; allocated CPUs 40
rank 2140 on c311.nibi.sharcnet: 1 pinned threads; allocated CPUs 28
rank 449 on c95.nibi.sharcnet: 1 pinned threads; allocated CPUs 65
rank 2358 on c312.nibi.sharcnet: 1 pinned threads; allocated CPUs 54
rank 1194 on c152.nibi.sharcnet: 1 pinned threads; allocated CPUs 42
rank 2586 on c313.nibi.sharcnet: 1 pinned threads; allocated CPUs 90
rank 2883 on c315.nibi.sharcnet: 1 pinned threads; allocated CPUs 3
rank 1767 on c288.nibi.sharcnet: 1 pinned threads; allocated CPUs 39
rank 812 on c106.nibi.sharcnet: 1 pinned threads; allocated CPUs 44
rank 598 on c105.nibi.sharcnet: 1 pinned threads; allocated CPUs 22
rank 266 on c94.nibi.sharcnet: 1 pinned threads; allocated CPUs 74
rank 51 on c93.nibi.sharcnet: 1 pinned threads; allocated CPUs 51
rank 269 on c94.nibi.sharcnet: 1 pinned threads; allocated CPUs 77
rank 821 on c106.nibi.sharcnet: 1 pinned threads; allocated CPUs 53
rank 275 on c94.nibi.sharcnet: 1 pinned threads; allocated CPUs 83
rank 1389 on c258.nibi.sharcnet: 1 pinned threads; allocated CPUs 45
rank 1986 on c289.nibi.sharcnet: 1 pinned threads; allocated CPUs 66
rank 1010 on c147.nibi.sharcnet: 1 pinned threads; allocated CPUs 50
rank 1390 on c258.nibi.sharcnet: 1 pinned threads; allocated CPUs 46
rank 282 on c94.nibi.sharcnet: 1 pinned threads; allocated CPUs 90
rank 1768 on c288.nibi.sharcnet: 1 pinned threads; allocated CPUs 40
rank 2168 on c311.nibi.sharcnet: 1 pinned threads; allocated CPUs 56
rank 2359 on c312.nibi.sharcnet: 1 pinned threads; allocated CPUs 55
rank 1012 on c147.nibi.sharcnet: 1 pinned threads; allocated CPUs 52
rank 52 on c93.nibi.sharcnet: 1 pinned threads; allocated CPUs 52
rank 2588 on c313.nibi.sharcnet: 1 pinned threads; allocated CPUs 92
rank 2885 on c315.nibi.sharcnet: 1 pinned threads; allocated CPUs 5
rank 2222 on c311.nibi.sharcnet: 1 pinned threads; allocated CPUs 110
rank 450 on c95.nibi.sharcnet: 1 pinned threads; allocated CPUs 66
rank 2360 on c312.nibi.sharcnet: 1 pinned threads; allocated CPUs 56
rank 1987 on c289.nibi.sharcnet: 1 pinned threads; allocated CPUs 67
rank 599 on c105.nibi.sharcnet: 1 pinned threads; allocated CPUs 23
rank 2589 on c313.nibi.sharcnet: 1 pinned threads; allocated CPUs 93
rank 2886 on c315.nibi.sharcnet: 1 pinned threads; allocated CPUs 6
rank 2729 on c314.nibi.sharcnet: 1 pinned threads; allocated CPUs 41
rank 283 on c94.nibi.sharcnet: 1 pinned threads; allocated CPUs 91
rank 451 on c95.nibi.sharcnet: 1 pinned threads; allocated CPUs 67
rank 837 on c106.nibi.sharcnet: 1 pinned threads; allocated CPUs 69
rank 1988 on c289.nibi.sharcnet: 1 pinned threads; allocated CPUs 68
rank 1195 on c152.nibi.sharcnet: 1 pinned threads; allocated CPUs 43
rank 1391 on c258.nibi.sharcnet: 1 pinned threads; allocated CPUs 47
rank 600 on c105.nibi.sharcnet: 1 pinned threads; allocated CPUs 24
rank 2889 on c315.nibi.sharcnet: 1 pinned threads; allocated CPUs 9
rank 2730 on c314.nibi.sharcnet: 1 pinned threads; allocated CPUs 42
rank 284 on c94.nibi.sharcnet: 1 pinned threads; allocated CPUs 92
rank 452 on c95.nibi.sharcnet: 1 pinned threads; allocated CPUs 68
rank 845 on c106.nibi.sharcnet: 1 pinned threads; allocated CPUs 77
rank 1196 on c152.nibi.sharcnet: 1 pinned threads; allocated CPUs 44
rank 1392 on c258.nibi.sharcnet: 1 pinned threads; allocated CPUs 48
rank 601 on c105.nibi.sharcnet: 1 pinned threads; allocated CPUs 25
rank 53 on c93.nibi.sharcnet: 1 pinned threads; allocated CPUs 53
rank 1769 on c288.nibi.sharcnet: 1 pinned threads; allocated CPUs 41
rank 858 on c106.nibi.sharcnet: 1 pinned threads; allocated CPUs 90
rank 2361 on c312.nibi.sharcnet: 1 pinned threads; allocated CPUs 57
rank 1989 on c289.nibi.sharcnet: 1 pinned threads; allocated CPUs 69
rank 1013 on c147.nibi.sharcnet: 1 pinned threads; allocated CPUs 53
rank 2235 on c311.nibi.sharcnet: 1 pinned threads; allocated CPUs 123
rank 453 on c95.nibi.sharcnet: 1 pinned threads; allocated CPUs 69
rank 2236 on c311.nibi.sharcnet: 1 pinned threads; allocated CPUs 124
rank 1014 on c147.nibi.sharcnet: 1 pinned threads; allocated CPUs 54
rank 1197 on c152.nibi.sharcnet: 1 pinned threads; allocated CPUs 45
rank 54 on c93.nibi.sharcnet: 1 pinned threads; allocated CPUs 54
rank 2590 on c313.nibi.sharcnet: 1 pinned threads; allocated CPUs 94
rank 2893 on c315.nibi.sharcnet: 1 pinned threads; allocated CPUs 13
rank 286 on c94.nibi.sharcnet: 1 pinned threads; allocated CPUs 94
rank 1770 on c288.nibi.sharcnet: 1 pinned threads; allocated CPUs 42
rank 2238 on c311.nibi.sharcnet: 1 pinned threads; allocated CPUs 126
rank 1990 on c289.nibi.sharcnet: 1 pinned threads; allocated CPUs 70
rank 1393 on c258.nibi.sharcnet: 1 pinned threads; allocated CPUs 49
rank 602 on c105.nibi.sharcnet: 1 pinned threads; allocated CPUs 26
rank 2591 on c313.nibi.sharcnet: 1 pinned threads; allocated CPUs 95
rank 2897 on c315.nibi.sharcnet: 1 pinned threads; allocated CPUs 17
rank 2731 on c314.nibi.sharcnet: 1 pinned threads; allocated CPUs 43
rank 287 on c94.nibi.sharcnet: 1 pinned threads; allocated CPUs 95
rank 1771 on c288.nibi.sharcnet: 1 pinned threads; allocated CPUs 43
rank 860 on c106.nibi.sharcnet: 1 pinned threads; allocated CPUs 92
rank 2362 on c312.nibi.sharcnet: 1 pinned threads; allocated CPUs 58
rank 1991 on c289.nibi.sharcnet: 1 pinned threads; allocated CPUs 71
rank 1198 on c152.nibi.sharcnet: 1 pinned threads; allocated CPUs 46
rank 2592 on c313.nibi.sharcnet: 1 pinned threads; allocated CPUs 96
rank 2732 on c314.nibi.sharcnet: 1 pinned threads; allocated CPUs 44
rank 454 on c95.nibi.sharcnet: 1 pinned threads; allocated CPUs 70
rank 937 on c106.nibi.sharcnet: 1 pinned threads; allocated CPUs 169
rank 1992 on c289.nibi.sharcnet: 1 pinned threads; allocated CPUs 72
rank 1015 on c147.nibi.sharcnet: 1 pinned threads; allocated CPUs 55
rank 55 on c93.nibi.sharcnet: 1 pinned threads; allocated CPUs 55
rank 2257 on c311.nibi.sharcnet: 1 pinned threads; allocated CPUs 145
rank 1394 on c258.nibi.sharcnet: 1 pinned threads; allocated CPUs 50
rank 1772 on c288.nibi.sharcnet: 1 pinned threads; allocated CPUs 44
rank 2113 on c311.nibi.sharcnet: 1 pinned threads; allocated CPUs 1
rank 2733 on c314.nibi.sharcnet: 1 pinned threads; allocated CPUs 45
rank 290 on c94.nibi.sharcnet: 1 pinned threads; allocated CPUs 98
rank 455 on c95.nibi.sharcnet: 1 pinned threads; allocated CPUs 71
rank 292 on c94.nibi.sharcnet: 1 pinned threads; allocated CPUs 100
rank 2363 on c312.nibi.sharcnet: 1 pinned threads; allocated CPUs 59
rank 1016 on c147.nibi.sharcnet: 1 pinned threads; allocated CPUs 56
rank 1199 on c152.nibi.sharcnet: 1 pinned threads; allocated CPUs 47
rank 56 on c93.nibi.sharcnet: 1 pinned threads; allocated CPUs 56
rank 2899 on c315.nibi.sharcnet: 1 pinned threads; allocated CPUs 19
rank 801 on c106.nibi.sharcnet: 1 pinned threads; allocated CPUs 33
rank 1993 on c289.nibi.sharcnet: 1 pinned threads; allocated CPUs 73
rank 1395 on c258.nibi.sharcnet: 1 pinned threads; allocated CPUs 51
rank 2593 on c313.nibi.sharcnet: 1 pinned threads; allocated CPUs 97
rank 2900 on c315.nibi.sharcnet: 1 pinned threads; allocated CPUs 20
rank 293 on c94.nibi.sharcnet: 1 pinned threads; allocated CPUs 101
rank 603 on c105.nibi.sharcnet: 1 pinned threads; allocated CPUs 27
rank 2594 on c313.nibi.sharcnet: 1 pinned threads; allocated CPUs 98
rank 2901 on c315.nibi.sharcnet: 1 pinned threads; allocated CPUs 21
rank 604 on c105.nibi.sharcnet: 1 pinned threads; allocated CPUs 28
rank 2595 on c313.nibi.sharcnet: 1 pinned threads; allocated CPUs 99
rank 2364 on c312.nibi.sharcnet: 1 pinned threads; allocated CPUs 60
rank 1017 on c147.nibi.sharcnet: 1 pinned threads; allocated CPUs 57
rank 1200 on c152.nibi.sharcnet: 1 pinned threads; allocated CPUs 48
rank 2596 on c313.nibi.sharcnet: 1 pinned threads; allocated CPUs 100
rank 456 on c95.nibi.sharcnet: 1 pinned threads; allocated CPUs 72
rank 57 on c93.nibi.sharcnet: 1 pinned threads; allocated CPUs 57
rank 458 on c95.nibi.sharcnet: 1 pinned threads; allocated CPUs 74
rank 1994 on c289.nibi.sharcnet: 1 pinned threads; allocated CPUs 74
rank 295 on c94.nibi.sharcnet: 1 pinned threads; allocated CPUs 103
rank 2116 on c311.nibi.sharcnet: 1 pinned threads; allocated CPUs 4
rank 804 on c106.nibi.sharcnet: 1 pinned threads; allocated CPUs 36
rank 1995 on c289.nibi.sharcnet: 1 pinned threads; allocated CPUs 75
rank 605 on c105.nibi.sharcnet: 1 pinned threads; allocated CPUs 29
rank 2734 on c314.nibi.sharcnet: 1 pinned threads; allocated CPUs 46
rank 2122 on c311.nibi.sharcnet: 1 pinned threads; allocated CPUs 10
rank 816 on c106.nibi.sharcnet: 1 pinned threads; allocated CPUs 48
rank 2365 on c312.nibi.sharcnet: 1 pinned threads; allocated CPUs 61
rank 1201 on c152.nibi.sharcnet: 1 pinned threads; allocated CPUs 49
rank 2597 on c313.nibi.sharcnet: 1 pinned threads; allocated CPUs 101
rank 2735 on c314.nibi.sharcnet: 1 pinned threads; allocated CPUs 47
rank 1773 on c288.nibi.sharcnet: 1 pinned threads; allocated CPUs 45
rank 2124 on c311.nibi.sharcnet: 1 pinned threads; allocated CPUs 12
rank 836 on c106.nibi.sharcnet: 1 pinned threads; allocated CPUs 68
rank 1396 on c258.nibi.sharcnet: 1 pinned threads; allocated CPUs 52
rank 58 on c93.nibi.sharcnet: 1 pinned threads; allocated CPUs 58
rank 2904 on c315.nibi.sharcnet: 1 pinned threads; allocated CPUs 24
rank 1775 on c288.nibi.sharcnet: 1 pinned threads; allocated CPUs 47
rank 2127 on c311.nibi.sharcnet: 1 pinned threads; allocated CPUs 15
rank 1397 on c258.nibi.sharcnet: 1 pinned threads; allocated CPUs 53
rank 2909 on c315.nibi.sharcnet: 1 pinned threads; allocated CPUs 29
rank 839 on c106.nibi.sharcnet: 1 pinned threads; allocated CPUs 71
rank 1018 on c147.nibi.sharcnet: 1 pinned threads; allocated CPUs 58
rank 2736 on c314.nibi.sharcnet: 1 pinned threads; allocated CPUs 48
rank 296 on c94.nibi.sharcnet: 1 pinned threads; allocated CPUs 104
rank 1776 on c288.nibi.sharcnet: 1 pinned threads; allocated CPUs 48
rank 2366 on c312.nibi.sharcnet: 1 pinned threads; allocated CPUs 62
rank 1996 on c289.nibi.sharcnet: 1 pinned threads; allocated CPUs 76
rank 1019 on c147.nibi.sharcnet: 1 pinned threads; allocated CPUs 59
rank 2598 on c313.nibi.sharcnet: 1 pinned threads; allocated CPUs 102
rank 2910 on c315.nibi.sharcnet: 1 pinned threads; allocated CPUs 30
rank 297 on c94.nibi.sharcnet: 1 pinned threads; allocated CPUs 105
rank 2129 on c311.nibi.sharcnet: 1 pinned threads; allocated CPUs 17
rank 1997 on c289.nibi.sharcnet: 1 pinned threads; allocated CPUs 77
rank 1398 on c258.nibi.sharcnet: 1 pinned threads; allocated CPUs 54
rank 59 on c93.nibi.sharcnet: 1 pinned threads; allocated CPUs 59
rank 2911 on c315.nibi.sharcnet: 1 pinned threads; allocated CPUs 31
rank 460 on c95.nibi.sharcnet: 1 pinned threads; allocated CPUs 76
rank 2367 on c312.nibi.sharcnet: 1 pinned threads; allocated CPUs 63
rank 1998 on c289.nibi.sharcnet: 1 pinned threads; allocated CPUs 78
rank 606 on c105.nibi.sharcnet: 1 pinned threads; allocated CPUs 30
rank 1777 on c288.nibi.sharcnet: 1 pinned threads; allocated CPUs 49
rank 2131 on c311.nibi.sharcnet: 1 pinned threads; allocated CPUs 19
rank 461 on c95.nibi.sharcnet: 1 pinned threads; allocated CPUs 77
rank 607 on c105.nibi.sharcnet: 1 pinned threads; allocated CPUs 31
rank 462 on c95.nibi.sharcnet: 1 pinned threads; allocated CPUs 78
rank 1020 on c147.nibi.sharcnet: 1 pinned threads; allocated CPUs 60
rank 1202 on c152.nibi.sharcnet: 1 pinned threads; allocated CPUs 50
rank 2599 on c313.nibi.sharcnet: 1 pinned threads; allocated CPUs 103
rank 2915 on c315.nibi.sharcnet: 1 pinned threads; allocated CPUs 35
rank 863 on c106.nibi.sharcnet: 1 pinned threads; allocated CPUs 95
rank 1203 on c152.nibi.sharcnet: 1 pinned threads; allocated CPUs 51
rank 60 on c93.nibi.sharcnet: 1 pinned threads; allocated CPUs 60
rank 2600 on c313.nibi.sharcnet: 1 pinned threads; allocated CPUs 104
rank 2927 on c315.nibi.sharcnet: 1 pinned threads; allocated CPUs 47
rank 802 on c106.nibi.sharcnet: 1 pinned threads; allocated CPUs 34
rank 2601 on c313.nibi.sharcnet: 1 pinned threads; allocated CPUs 105
rank 2737 on c314.nibi.sharcnet: 1 pinned threads; allocated CPUs 49
rank 2368 on c312.nibi.sharcnet: 1 pinned threads; allocated CPUs 64
rank 1999 on c289.nibi.sharcnet: 1 pinned threads; allocated CPUs 79
rank 1204 on c152.nibi.sharcnet: 1 pinned threads; allocated CPUs 52
rank 2738 on c314.nibi.sharcnet: 1 pinned threads; allocated CPUs 50
rank 298 on c94.nibi.sharcnet: 1 pinned threads; allocated CPUs 106
rank 2139 on c311.nibi.sharcnet: 1 pinned threads; allocated CPUs 27
rank 299 on c94.nibi.sharcnet: 1 pinned threads; allocated CPUs 107
rank 1778 on c288.nibi.sharcnet: 1 pinned threads; allocated CPUs 50
rank 2208 on c311.nibi.sharcnet: 1 pinned threads; allocated CPUs 96
rank 463 on c95.nibi.sharcnet: 1 pinned threads; allocated CPUs 79
rank 1399 on c258.nibi.sharcnet: 1 pinned threads; allocated CPUs 55
rank 608 on c105.nibi.sharcnet: 1 pinned threads; allocated CPUs 32
rank 300 on c94.nibi.sharcnet: 1 pinned threads; allocated CPUs 108
rank 464 on c95.nibi.sharcnet: 1 pinned threads; allocated CPUs 80
rank 1400 on c258.nibi.sharcnet: 1 pinned threads; allocated CPUs 56
rank 61 on c93.nibi.sharcnet: 1 pinned threads; allocated CPUs 61
rank 465 on c95.nibi.sharcnet: 1 pinned threads; allocated CPUs 81
rank 814 on c106.nibi.sharcnet: 1 pinned threads; allocated CPUs 46
rank 2369 on c312.nibi.sharcnet: 1 pinned threads; allocated CPUs 65
rank 2000 on c289.nibi.sharcnet: 1 pinned threads; allocated CPUs 80
rank 1021 on c147.nibi.sharcnet: 1 pinned threads; allocated CPUs 61
rank 1205 on c152.nibi.sharcnet: 1 pinned threads; allocated CPUs 53
rank 609 on c105.nibi.sharcnet: 1 pinned threads; allocated CPUs 33
rank 2602 on c313.nibi.sharcnet: 1 pinned threads; allocated CPUs 106
rank 2928 on c315.nibi.sharcnet: 1 pinned threads; allocated CPUs 48
rank 2739 on c314.nibi.sharcnet: 1 pinned threads; allocated CPUs 51
rank 2214 on c311.nibi.sharcnet: 1 pinned threads; allocated CPUs 102
rank 855 on c106.nibi.sharcnet: 1 pinned threads; allocated CPUs 87
rank 2001 on c289.nibi.sharcnet: 1 pinned threads; allocated CPUs 81
rank 1401 on c258.nibi.sharcnet: 1 pinned threads; allocated CPUs 57
rank 2935 on c315.nibi.sharcnet: 1 pinned threads; allocated CPUs 55
rank 466 on c95.nibi.sharcnet: 1 pinned threads; allocated CPUs 82
rank 2370 on c312.nibi.sharcnet: 1 pinned threads; allocated CPUs 66
rank 1022 on c147.nibi.sharcnet: 1 pinned threads; allocated CPUs 62
rank 62 on c93.nibi.sharcnet: 1 pinned threads; allocated CPUs 62
rank 2603 on c313.nibi.sharcnet: 1 pinned threads; allocated CPUs 107
rank 831 on c106.nibi.sharcnet: 1 pinned threads; allocated CPUs 63
rank 2371 on c312.nibi.sharcnet: 1 pinned threads; allocated CPUs 67
rank 1206 on c152.nibi.sharcnet: 1 pinned threads; allocated CPUs 54
rank 301 on c94.nibi.sharcnet: 1 pinned threads; allocated CPUs 109
rank 1779 on c288.nibi.sharcnet: 1 pinned threads; allocated CPUs 51
rank 610 on c105.nibi.sharcnet: 1 pinned threads; allocated CPUs 34
rank 2604 on c313.nibi.sharcnet: 1 pinned threads; allocated CPUs 108
rank 305 on c94.nibi.sharcnet: 1 pinned threads; allocated CPUs 113
rank 1780 on c288.nibi.sharcnet: 1 pinned threads; allocated CPUs 52
rank 2215 on c311.nibi.sharcnet: 1 pinned threads; allocated CPUs 103
rank 467 on c95.nibi.sharcnet: 1 pinned threads; allocated CPUs 83
rank 873 on c106.nibi.sharcnet: 1 pinned threads; allocated CPUs 105
rank 2002 on c289.nibi.sharcnet: 1 pinned threads; allocated CPUs 82
rank 1023 on c147.nibi.sharcnet: 1 pinned threads; allocated CPUs 63
rank 63 on c93.nibi.sharcnet: 1 pinned threads; allocated CPUs 63
rank 2944 on c315.nibi.sharcnet: 1 pinned threads; allocated CPUs 64
rank 307 on c94.nibi.sharcnet: 1 pinned threads; allocated CPUs 115
rank 2372 on c312.nibi.sharcnet: 1 pinned threads; allocated CPUs 68
rank 2003 on c289.nibi.sharcnet: 1 pinned threads; allocated CPUs 83
rank 2946 on c315.nibi.sharcnet: 1 pinned threads; allocated CPUs 66
rank 1207 on c152.nibi.sharcnet: 1 pinned threads; allocated CPUs 55
rank 2740 on c314.nibi.sharcnet: 1 pinned threads; allocated CPUs 52
rank 1781 on c288.nibi.sharcnet: 1 pinned threads; allocated CPUs 53
rank 805 on c106.nibi.sharcnet: 1 pinned threads; allocated CPUs 37
rank 2741 on c314.nibi.sharcnet: 1 pinned threads; allocated CPUs 53
rank 2004 on c289.nibi.sharcnet: 1 pinned threads; allocated CPUs 84
rank 1024 on c147.nibi.sharcnet: 1 pinned threads; allocated CPUs 64
rank 1402 on c258.nibi.sharcnet: 1 pinned threads; allocated CPUs 58
rank 611 on c105.nibi.sharcnet: 1 pinned threads; allocated CPUs 35
rank 2605 on c313.nibi.sharcnet: 1 pinned threads; allocated CPUs 109
rank 309 on c94.nibi.sharcnet: 1 pinned threads; allocated CPUs 117
rank 2216 on c311.nibi.sharcnet: 1 pinned threads; allocated CPUs 104
rank 468 on c95.nibi.sharcnet: 1 pinned threads; allocated CPUs 84
rank 2373 on c312.nibi.sharcnet: 1 pinned threads; allocated CPUs 69
rank 1208 on c152.nibi.sharcnet: 1 pinned threads; allocated CPUs 56
rank 1403 on c258.nibi.sharcnet: 1 pinned threads; allocated CPUs 59
rank 64 on c93.nibi.sharcnet: 1 pinned threads; allocated CPUs 64
rank 312 on c94.nibi.sharcnet: 1 pinned threads; allocated CPUs 120
rank 2217 on c311.nibi.sharcnet: 1 pinned threads; allocated CPUs 105
rank 469 on c95.nibi.sharcnet: 1 pinned threads; allocated CPUs 85
rank 2005 on c289.nibi.sharcnet: 1 pinned threads; allocated CPUs 85
rank 612 on c105.nibi.sharcnet: 1 pinned threads; allocated CPUs 36
rank 1782 on c288.nibi.sharcnet: 1 pinned threads; allocated CPUs 54
rank 1404 on c258.nibi.sharcnet: 1 pinned threads; allocated CPUs 60
rank 829 on c106.nibi.sharcnet: 1 pinned threads; allocated CPUs 61
rank 2742 on c314.nibi.sharcnet: 1 pinned threads; allocated CPUs 54
rank 2220 on c311.nibi.sharcnet: 1 pinned threads; allocated CPUs 108
rank 2374 on c312.nibi.sharcnet: 1 pinned threads; allocated CPUs 70
rank 1025 on c147.nibi.sharcnet: 1 pinned threads; allocated CPUs 65
rank 65 on c93.nibi.sharcnet: 1 pinned threads; allocated CPUs 65
rank 2947 on c315.nibi.sharcnet: 1 pinned threads; allocated CPUs 67
rank 2223 on c311.nibi.sharcnet: 1 pinned threads; allocated CPUs 111
rank 2948 on c315.nibi.sharcnet: 1 pinned threads; allocated CPUs 68
rank 834 on c106.nibi.sharcnet: 1 pinned threads; allocated CPUs 66
rank 2006 on c289.nibi.sharcnet: 1 pinned threads; allocated CPUs 86
rank 1209 on c152.nibi.sharcnet: 1 pinned threads; allocated CPUs 57
rank 613 on c105.nibi.sharcnet: 1 pinned threads; allocated CPUs 37
rank 2606 on c313.nibi.sharcnet: 1 pinned threads; allocated CPUs 110
rank 2949 on c315.nibi.sharcnet: 1 pinned threads; allocated CPUs 69
rank 470 on c95.nibi.sharcnet: 1 pinned threads; allocated CPUs 86
rank 944 on c106.nibi.sharcnet: 1 pinned threads; allocated CPUs 176
rank 2607 on c313.nibi.sharcnet: 1 pinned threads; allocated CPUs 111
rank 2743 on c314.nibi.sharcnet: 1 pinned threads; allocated CPUs 55
rank 471 on c95.nibi.sharcnet: 1 pinned threads; allocated CPUs 87
rank 2007 on c289.nibi.sharcnet: 1 pinned threads; allocated CPUs 87
rank 1026 on c147.nibi.sharcnet: 1 pinned threads; allocated CPUs 66
rank 66 on c93.nibi.sharcnet: 1 pinned threads; allocated CPUs 66
rank 1783 on c288.nibi.sharcnet: 1 pinned threads; allocated CPUs 55
rank 2225 on c311.nibi.sharcnet: 1 pinned threads; allocated CPUs 113
rank 1210 on c152.nibi.sharcnet: 1 pinned threads; allocated CPUs 58
rank 803 on c106.nibi.sharcnet: 1 pinned threads; allocated CPUs 35
rank 2375 on c312.nibi.sharcnet: 1 pinned threads; allocated CPUs 71
rank 314 on c94.nibi.sharcnet: 1 pinned threads; allocated CPUs 122
rank 472 on c95.nibi.sharcnet: 1 pinned threads; allocated CPUs 88
rank 67 on c93.nibi.sharcnet: 1 pinned threads; allocated CPUs 67
rank 318 on c94.nibi.sharcnet: 1 pinned threads; allocated CPUs 126
rank 473 on c95.nibi.sharcnet: 1 pinned threads; allocated CPUs 89
rank 2008 on c289.nibi.sharcnet: 1 pinned threads; allocated CPUs 88
rank 1405 on c258.nibi.sharcnet: 1 pinned threads; allocated CPUs 61
rank 614 on c105.nibi.sharcnet: 1 pinned threads; allocated CPUs 38
rank 2950 on c315.nibi.sharcnet: 1 pinned threads; allocated CPUs 70
rank 322 on c94.nibi.sharcnet: 1 pinned threads; allocated CPUs 130
rank 1784 on c288.nibi.sharcnet: 1 pinned threads; allocated CPUs 56
rank 2228 on c311.nibi.sharcnet: 1 pinned threads; allocated CPUs 116
rank 1406 on c258.nibi.sharcnet: 1 pinned threads; allocated CPUs 62
rank 2952 on c315.nibi.sharcnet: 1 pinned threads; allocated CPUs 72
rank 336 on c94.nibi.sharcnet: 1 pinned threads; allocated CPUs 144
rank 2744 on c314.nibi.sharcnet: 1 pinned threads; allocated CPUs 56
rank 2229 on c311.nibi.sharcnet: 1 pinned threads; allocated CPUs 117
rank 1211 on c152.nibi.sharcnet: 1 pinned threads; allocated CPUs 59
rank 68 on c93.nibi.sharcnet: 1 pinned threads; allocated CPUs 68
rank 809 on c106.nibi.sharcnet: 1 pinned threads; allocated CPUs 41
rank 2376 on c312.nibi.sharcnet: 1 pinned threads; allocated CPUs 72
rank 2009 on c289.nibi.sharcnet: 1 pinned threads; allocated CPUs 89
rank 1027 on c147.nibi.sharcnet: 1 pinned threads; allocated CPUs 67
rank 1407 on c258.nibi.sharcnet: 1 pinned threads; allocated CPUs 63
rank 615 on c105.nibi.sharcnet: 1 pinned threads; allocated CPUs 39
rank 2608 on c313.nibi.sharcnet: 1 pinned threads; allocated CPUs 112
rank 2953 on c315.nibi.sharcnet: 1 pinned threads; allocated CPUs 73
rank 474 on c95.nibi.sharcnet: 1 pinned threads; allocated CPUs 90
rank 2377 on c312.nibi.sharcnet: 1 pinned threads; allocated CPUs 73
rank 2609 on c313.nibi.sharcnet: 1 pinned threads; allocated CPUs 113
rank 2378 on c312.nibi.sharcnet: 1 pinned threads; allocated CPUs 74
rank 2010 on c289.nibi.sharcnet: 1 pinned threads; allocated CPUs 90
rank 1212 on c152.nibi.sharcnet: 1 pinned threads; allocated CPUs 60
rank 69 on c93.nibi.sharcnet: 1 pinned threads; allocated CPUs 69
rank 2610 on c313.nibi.sharcnet: 1 pinned threads; allocated CPUs 114
rank 2745 on c314.nibi.sharcnet: 1 pinned threads; allocated CPUs 57
rank 352 on c94.nibi.sharcnet: 1 pinned threads; allocated CPUs 160
rank 1785 on c288.nibi.sharcnet: 1 pinned threads; allocated CPUs 57
rank 475 on c95.nibi.sharcnet: 1 pinned threads; allocated CPUs 91
rank 828 on c106.nibi.sharcnet: 1 pinned threads; allocated CPUs 60
rank 1028 on c147.nibi.sharcnet: 1 pinned threads; allocated CPUs 68
rank 2954 on c315.nibi.sharcnet: 1 pinned threads; allocated CPUs 74
rank 354 on c94.nibi.sharcnet: 1 pinned threads; allocated CPUs 162
rank 2233 on c311.nibi.sharcnet: 1 pinned threads; allocated CPUs 121
rank 1029 on c147.nibi.sharcnet: 1 pinned threads; allocated CPUs 69
rank 2955 on c315.nibi.sharcnet: 1 pinned threads; allocated CPUs 75
rank 2746 on c314.nibi.sharcnet: 1 pinned threads; allocated CPUs 58
rank 1408 on c258.nibi.sharcnet: 1 pinned threads; allocated CPUs 64
rank 616 on c105.nibi.sharcnet: 1 pinned threads; allocated CPUs 40
rank 70 on c93.nibi.sharcnet: 1 pinned threads; allocated CPUs 70
rank 1786 on c288.nibi.sharcnet: 1 pinned threads; allocated CPUs 58
rank 2379 on c312.nibi.sharcnet: 1 pinned threads; allocated CPUs 75
rank 2011 on c289.nibi.sharcnet: 1 pinned threads; allocated CPUs 91
rank 2239 on c311.nibi.sharcnet: 1 pinned threads; allocated CPUs 127
rank 476 on c95.nibi.sharcnet: 1 pinned threads; allocated CPUs 92
rank 2380 on c312.nibi.sharcnet: 1 pinned threads; allocated CPUs 76
rank 2117 on c311.nibi.sharcnet: 1 pinned threads; allocated CPUs 5
rank 1030 on c147.nibi.sharcnet: 1 pinned threads; allocated CPUs 70
rank 617 on c105.nibi.sharcnet: 1 pinned threads; allocated CPUs 41
rank 832 on c106.nibi.sharcnet: 1 pinned threads; allocated CPUs 64
rank 1409 on c258.nibi.sharcnet: 1 pinned threads; allocated CPUs 65
rank 71 on c93.nibi.sharcnet: 1 pinned threads; allocated CPUs 71
rank 2747 on c314.nibi.sharcnet: 1 pinned threads; allocated CPUs 59
rank 842 on c106.nibi.sharcnet: 1 pinned threads; allocated CPUs 74
rank 2012 on c289.nibi.sharcnet: 1 pinned threads; allocated CPUs 92
rank 2611 on c313.nibi.sharcnet: 1 pinned threads; allocated CPUs 115
rank 2013 on c289.nibi.sharcnet: 1 pinned threads; allocated CPUs 93
rank 1213 on c152.nibi.sharcnet: 1 pinned threads; allocated CPUs 61
rank 2612 on c313.nibi.sharcnet: 1 pinned threads; allocated CPUs 116
rank 477 on c95.nibi.sharcnet: 1 pinned threads; allocated CPUs 93
rank 2381 on c312.nibi.sharcnet: 1 pinned threads; allocated CPUs 77
rank 1214 on c152.nibi.sharcnet: 1 pinned threads; allocated CPUs 62
rank 1410 on c258.nibi.sharcnet: 1 pinned threads; allocated CPUs 66
rank 72 on c93.nibi.sharcnet: 1 pinned threads; allocated CPUs 72
rank 2613 on c313.nibi.sharcnet: 1 pinned threads; allocated CPUs 117
rank 356 on c94.nibi.sharcnet: 1 pinned threads; allocated CPUs 164
rank 1787 on c288.nibi.sharcnet: 1 pinned threads; allocated CPUs 59
rank 478 on c95.nibi.sharcnet: 1 pinned threads; allocated CPUs 94
rank 358 on c94.nibi.sharcnet: 1 pinned threads; allocated CPUs 166
rank 2382 on c312.nibi.sharcnet: 1 pinned threads; allocated CPUs 78
rank 618 on c105.nibi.sharcnet: 1 pinned threads; allocated CPUs 42
rank 2614 on c313.nibi.sharcnet: 1 pinned threads; allocated CPUs 118
rank 363 on c94.nibi.sharcnet: 1 pinned threads; allocated CPUs 171
rank 1788 on c288.nibi.sharcnet: 1 pinned threads; allocated CPUs 60
rank 2120 on c311.nibi.sharcnet: 1 pinned threads; allocated CPUs 8
rank 2014 on c289.nibi.sharcnet: 1 pinned threads; allocated CPUs 94
rank 1031 on c147.nibi.sharcnet: 1 pinned threads; allocated CPUs 71
rank 73 on c93.nibi.sharcnet: 1 pinned threads; allocated CPUs 73
rank 2956 on c315.nibi.sharcnet: 1 pinned threads; allocated CPUs 76
rank 2748 on c314.nibi.sharcnet: 1 pinned threads; allocated CPUs 60
rank 2136 on c311.nibi.sharcnet: 1 pinned threads; allocated CPUs 24
rank 479 on c95.nibi.sharcnet: 1 pinned threads; allocated CPUs 95
rank 846 on c106.nibi.sharcnet: 1 pinned threads; allocated CPUs 78
rank 1032 on c147.nibi.sharcnet: 1 pinned threads; allocated CPUs 72
rank 2957 on c315.nibi.sharcnet: 1 pinned threads; allocated CPUs 77
rank 1215 on c152.nibi.sharcnet: 1 pinned threads; allocated CPUs 63
rank 1411 on c258.nibi.sharcnet: 1 pinned threads; allocated CPUs 67
rank 619 on c105.nibi.sharcnet: 1 pinned threads; allocated CPUs 43
rank 2958 on c315.nibi.sharcnet: 1 pinned threads; allocated CPUs 78
rank 2211 on c311.nibi.sharcnet: 1 pinned threads; allocated CPUs 99
rank 2383 on c312.nibi.sharcnet: 1 pinned threads; allocated CPUs 79
rank 1033 on c147.nibi.sharcnet: 1 pinned threads; allocated CPUs 73
rank 2959 on c315.nibi.sharcnet: 1 pinned threads; allocated CPUs 79
rank 2749 on c314.nibi.sharcnet: 1 pinned threads; allocated CPUs 61
rank 74 on c93.nibi.sharcnet: 1 pinned threads; allocated CPUs 74
rank 2616 on c313.nibi.sharcnet: 1 pinned threads; allocated CPUs 120
rank 365 on c94.nibi.sharcnet: 1 pinned threads; allocated CPUs 173
rank 2218 on c311.nibi.sharcnet: 1 pinned threads; allocated CPUs 106
rank 481 on c95.nibi.sharcnet: 1 pinned threads; allocated CPUs 97
rank 1216 on c152.nibi.sharcnet: 1 pinned threads; allocated CPUs 64
rank 620 on c105.nibi.sharcnet: 1 pinned threads; allocated CPUs 44
rank 2617 on c313.nibi.sharcnet: 1 pinned threads; allocated CPUs 121
rank 366 on c94.nibi.sharcnet: 1 pinned threads; allocated CPUs 174
rank 1789 on c288.nibi.sharcnet: 1 pinned threads; allocated CPUs 61
rank 482 on c95.nibi.sharcnet: 1 pinned threads; allocated CPUs 98
rank 853 on c106.nibi.sharcnet: 1 pinned threads; allocated CPUs 85
rank 2384 on c312.nibi.sharcnet: 1 pinned threads; allocated CPUs 80
rank 2015 on c289.nibi.sharcnet: 1 pinned threads; allocated CPUs 95
rank 1412 on c258.nibi.sharcnet: 1 pinned threads; allocated CPUs 68
rank 75 on c93.nibi.sharcnet: 1 pinned threads; allocated CPUs 75
rank 367 on c94.nibi.sharcnet: 1 pinned threads; allocated CPUs 175
rank 859 on c106.nibi.sharcnet: 1 pinned threads; allocated CPUs 91
rank 2385 on c312.nibi.sharcnet: 1 pinned threads; allocated CPUs 81
rank 2016 on c289.nibi.sharcnet: 1 pinned threads; allocated CPUs 96
rank 1413 on c258.nibi.sharcnet: 1 pinned threads; allocated CPUs 69
rank 886 on c106.nibi.sharcnet: 1 pinned threads; allocated CPUs 118
rank 2386 on c312.nibi.sharcnet: 1 pinned threads; allocated CPUs 82
rank 2017 on c289.nibi.sharcnet: 1 pinned threads; allocated CPUs 97
rank 1034 on c147.nibi.sharcnet: 1 pinned threads; allocated CPUs 74
rank 2961 on c315.nibi.sharcnet: 1 pinned threads; allocated CPUs 81
rank 1790 on c288.nibi.sharcnet: 1 pinned threads; allocated CPUs 62
rank 2231 on c311.nibi.sharcnet: 1 pinned threads; allocated CPUs 119
rank 800 on c106.nibi.sharcnet: 1 pinned threads; allocated CPUs 32
rank 1217 on c152.nibi.sharcnet: 1 pinned threads; allocated CPUs 65
rank 76 on c93.nibi.sharcnet: 1 pinned threads; allocated CPUs 76
rank 2962 on c315.nibi.sharcnet: 1 pinned threads; allocated CPUs 82
rank 2750 on c314.nibi.sharcnet: 1 pinned threads; allocated CPUs 62
rank 1036 on c147.nibi.sharcnet: 1 pinned threads; allocated CPUs 76
rank 1791 on c288.nibi.sharcnet: 1 pinned threads; allocated CPUs 63
rank 484 on c95.nibi.sharcnet: 1 pinned threads; allocated CPUs 100
rank 807 on c106.nibi.sharcnet: 1 pinned threads; allocated CPUs 39
rank 1037 on c147.nibi.sharcnet: 1 pinned threads; allocated CPUs 77
rank 485 on c95.nibi.sharcnet: 1 pinned threads; allocated CPUs 101
rank 2387 on c312.nibi.sharcnet: 1 pinned threads; allocated CPUs 83
rank 1218 on c152.nibi.sharcnet: 1 pinned threads; allocated CPUs 66
rank 1414 on c258.nibi.sharcnet: 1 pinned threads; allocated CPUs 70
rank 77 on c93.nibi.sharcnet: 1 pinned threads; allocated CPUs 77
rank 2618 on c313.nibi.sharcnet: 1 pinned threads; allocated CPUs 122
rank 2751 on c314.nibi.sharcnet: 1 pinned threads; allocated CPUs 63
rank 368 on c94.nibi.sharcnet: 1 pinned threads; allocated CPUs 176
rank 2018 on c289.nibi.sharcnet: 1 pinned threads; allocated CPUs 98
rank 621 on c105.nibi.sharcnet: 1 pinned threads; allocated CPUs 45
rank 2619 on c313.nibi.sharcnet: 1 pinned threads; allocated CPUs 123
rank 371 on c94.nibi.sharcnet: 1 pinned threads; allocated CPUs 179
rank 2114 on c311.nibi.sharcnet: 1 pinned threads; allocated CPUs 2
rank 2019 on c289.nibi.sharcnet: 1 pinned threads; allocated CPUs 99
rank 1038 on c147.nibi.sharcnet: 1 pinned threads; allocated CPUs 78
rank 622 on c105.nibi.sharcnet: 1 pinned threads; allocated CPUs 46
rank 2752 on c314.nibi.sharcnet: 1 pinned threads; allocated CPUs 64
rank 1792 on c288.nibi.sharcnet: 1 pinned threads; allocated CPUs 64
rank 2232 on c311.nibi.sharcnet: 1 pinned threads; allocated CPUs 120
rank 78 on c93.nibi.sharcnet: 1 pinned threads; allocated CPUs 78
rank 1219 on c152.nibi.sharcnet: 1 pinned threads; allocated CPUs 67
rank 1415 on c258.nibi.sharcnet: 1 pinned threads; allocated CPUs 71
rank 2620 on c313.nibi.sharcnet: 1 pinned threads; allocated CPUs 124
rank 2963 on c315.nibi.sharcnet: 1 pinned threads; allocated CPUs 83
rank 486 on c95.nibi.sharcnet: 1 pinned threads; allocated CPUs 102
rank 808 on c106.nibi.sharcnet: 1 pinned threads; allocated CPUs 40
rank 1416 on c258.nibi.sharcnet: 1 pinned threads; allocated CPUs 72
rank 2621 on c313.nibi.sharcnet: 1 pinned threads; allocated CPUs 125
rank 2966 on c315.nibi.sharcnet: 1 pinned threads; allocated CPUs 86
rank 2753 on c314.nibi.sharcnet: 1 pinned threads; allocated CPUs 65
rank 2967 on c315.nibi.sharcnet: 1 pinned threads; allocated CPUs 87
rank 1417 on c258.nibi.sharcnet: 1 pinned threads; allocated CPUs 73
rank 2388 on c312.nibi.sharcnet: 1 pinned threads; allocated CPUs 84
rank 2020 on c289.nibi.sharcnet: 1 pinned threads; allocated CPUs 100
rank 1039 on c147.nibi.sharcnet: 1 pinned threads; allocated CPUs 79
rank 623 on c105.nibi.sharcnet: 1 pinned threads; allocated CPUs 47
rank 79 on c93.nibi.sharcnet: 1 pinned threads; allocated CPUs 79
rank 2622 on c313.nibi.sharcnet: 1 pinned threads; allocated CPUs 126
rank 487 on c95.nibi.sharcnet: 1 pinned threads; allocated CPUs 103
rank 2389 on c312.nibi.sharcnet: 1 pinned threads; allocated CPUs 85
rank 2969 on c315.nibi.sharcnet: 1 pinned threads; allocated CPUs 89
rank 374 on c94.nibi.sharcnet: 1 pinned threads; allocated CPUs 182
rank 1793 on c288.nibi.sharcnet: 1 pinned threads; allocated CPUs 65
rank 2227 on c311.nibi.sharcnet: 1 pinned threads; allocated CPUs 115
rank 488 on c95.nibi.sharcnet: 1 pinned threads; allocated CPUs 104
rank 813 on c106.nibi.sharcnet: 1 pinned threads; allocated CPUs 45
rank 375 on c94.nibi.sharcnet: 1 pinned threads; allocated CPUs 183
rank 2210 on c311.nibi.sharcnet: 1 pinned threads; allocated CPUs 98
rank 819 on c106.nibi.sharcnet: 1 pinned threads; allocated CPUs 51
rank 1040 on c147.nibi.sharcnet: 1 pinned threads; allocated CPUs 80
rank 1418 on c258.nibi.sharcnet: 1 pinned threads; allocated CPUs 74
rank 80 on c93.nibi.sharcnet: 1 pinned threads; allocated CPUs 80
rank 2623 on c313.nibi.sharcnet: 1 pinned threads; allocated CPUs 127
rank 378 on c94.nibi.sharcnet: 1 pinned threads; allocated CPUs 186
rank 1220 on c152.nibi.sharcnet: 1 pinned threads; allocated CPUs 68
rank 2971 on c315.nibi.sharcnet: 1 pinned threads; allocated CPUs 91
rank 2754 on c314.nibi.sharcnet: 1 pinned threads; allocated CPUs 66
rank 1221 on c152.nibi.sharcnet: 1 pinned threads; allocated CPUs 69
rank 2390 on c312.nibi.sharcnet: 1 pinned threads; allocated CPUs 86
rank 2021 on c289.nibi.sharcnet: 1 pinned threads; allocated CPUs 101
rank 2755 on c314.nibi.sharcnet: 1 pinned threads; allocated CPUs 67
rank 1794 on c288.nibi.sharcnet: 1 pinned threads; allocated CPUs 66
rank 489 on c95.nibi.sharcnet: 1 pinned threads; allocated CPUs 105
rank 822 on c106.nibi.sharcnet: 1 pinned threads; allocated CPUs 54
rank 2391 on c312.nibi.sharcnet: 1 pinned threads; allocated CPUs 87
rank 2022 on c289.nibi.sharcnet: 1 pinned threads; allocated CPUs 102
rank 81 on c93.nibi.sharcnet: 1 pinned threads; allocated CPUs 81
rank 490 on c95.nibi.sharcnet: 1 pinned threads; allocated CPUs 106
rank 1041 on c147.nibi.sharcnet: 1 pinned threads; allocated CPUs 81
rank 1222 on c152.nibi.sharcnet: 1 pinned threads; allocated CPUs 70
rank 624 on c105.nibi.sharcnet: 1 pinned threads; allocated CPUs 48
rank 2972 on c315.nibi.sharcnet: 1 pinned threads; allocated CPUs 92
rank 847 on c106.nibi.sharcnet: 1 pinned threads; allocated CPUs 79
rank 1042 on c147.nibi.sharcnet: 1 pinned threads; allocated CPUs 82
rank 1420 on c258.nibi.sharcnet: 1 pinned threads; allocated CPUs 76
rank 625 on c105.nibi.sharcnet: 1 pinned threads; allocated CPUs 49
rank 2624 on c313.nibi.sharcnet: 1 pinned threads; allocated CPUs 128
rank 2973 on c315.nibi.sharcnet: 1 pinned threads; allocated CPUs 93
rank 379 on c94.nibi.sharcnet: 1 pinned threads; allocated CPUs 187
rank 82 on c93.nibi.sharcnet: 1 pinned threads; allocated CPUs 82
rank 2625 on c313.nibi.sharcnet: 1 pinned threads; allocated CPUs 129
rank 380 on c94.nibi.sharcnet: 1 pinned threads; allocated CPUs 188
rank 1223 on c152.nibi.sharcnet: 1 pinned threads; allocated CPUs 71
rank 626 on c105.nibi.sharcnet: 1 pinned threads; allocated CPUs 50
rank 192 on c94.nibi.sharcnet: 1 pinned threads; allocated CPUs 0
rank 1795 on c288.nibi.sharcnet: 1 pinned threads; allocated CPUs 67
rank 2212 on c311.nibi.sharcnet: 1 pinned threads; allocated CPUs 100
rank 491 on c95.nibi.sharcnet: 1 pinned threads; allocated CPUs 107
rank 1796 on c288.nibi.sharcnet: 1 pinned threads; allocated CPUs 68
rank 2118 on c311.nibi.sharcnet: 1 pinned threads; allocated CPUs 6
rank 2756 on c314.nibi.sharcnet: 1 pinned threads; allocated CPUs 68
rank 2209 on c311.nibi.sharcnet: 1 pinned threads; allocated CPUs 97
rank 2392 on c312.nibi.sharcnet: 1 pinned threads; allocated CPUs 88
rank 2023 on c289.nibi.sharcnet: 1 pinned threads; allocated CPUs 103
rank 1043 on c147.nibi.sharcnet: 1 pinned threads; allocated CPUs 83
rank 1421 on c258.nibi.sharcnet: 1 pinned threads; allocated CPUs 77
rank 83 on c93.nibi.sharcnet: 1 pinned threads; allocated CPUs 83
rank 2757 on c314.nibi.sharcnet: 1 pinned threads; allocated CPUs 69
rank 216 on c94.nibi.sharcnet: 1 pinned threads; allocated CPUs 24
rank 851 on c106.nibi.sharcnet: 1 pinned threads; allocated CPUs 83
rank 2393 on c312.nibi.sharcnet: 1 pinned threads; allocated CPUs 89
rank 2024 on c289.nibi.sharcnet: 1 pinned threads; allocated CPUs 104
rank 1422 on c258.nibi.sharcnet: 1 pinned threads; allocated CPUs 78
rank 1224 on c152.nibi.sharcnet: 1 pinned threads; allocated CPUs 72
rank 2394 on c312.nibi.sharcnet: 1 pinned threads; allocated CPUs 90
rank 2025 on c289.nibi.sharcnet: 1 pinned threads; allocated CPUs 105
rank 1044 on c147.nibi.sharcnet: 1 pinned threads; allocated CPUs 84
rank 627 on c105.nibi.sharcnet: 1 pinned threads; allocated CPUs 51
rank 2974 on c315.nibi.sharcnet: 1 pinned threads; allocated CPUs 94
rank 273 on c94.nibi.sharcnet: 1 pinned threads; allocated CPUs 81
rank 1797 on c288.nibi.sharcnet: 1 pinned threads; allocated CPUs 69
rank 492 on c95.nibi.sharcnet: 1 pinned threads; allocated CPUs 108
rank 2026 on c289.nibi.sharcnet: 1 pinned threads; allocated CPUs 106
rank 84 on c93.nibi.sharcnet: 1 pinned threads; allocated CPUs 84
rank 2975 on c315.nibi.sharcnet: 1 pinned threads; allocated CPUs 95
rank 493 on c95.nibi.sharcnet: 1 pinned threads; allocated CPUs 109
rank 844 on c106.nibi.sharcnet: 1 pinned threads; allocated CPUs 76
rank 1225 on c152.nibi.sharcnet: 1 pinned threads; allocated CPUs 73
rank 2219 on c311.nibi.sharcnet: 1 pinned threads; allocated CPUs 107
rank 818 on c106.nibi.sharcnet: 1 pinned threads; allocated CPUs 50
rank 2395 on c312.nibi.sharcnet: 1 pinned threads; allocated CPUs 91
rank 2027 on c289.nibi.sharcnet: 1 pinned threads; allocated CPUs 107
rank 1045 on c147.nibi.sharcnet: 1 pinned threads; allocated CPUs 85
rank 1226 on c152.nibi.sharcnet: 1 pinned threads; allocated CPUs 74
rank 85 on c93.nibi.sharcnet: 1 pinned threads; allocated CPUs 85
rank 2626 on c313.nibi.sharcnet: 1 pinned threads; allocated CPUs 130
rank 2115 on c311.nibi.sharcnet: 1 pinned threads; allocated CPUs 3
rank 2627 on c313.nibi.sharcnet: 1 pinned threads; allocated CPUs 131
rank 1423 on c258.nibi.sharcnet: 1 pinned threads; allocated CPUs 79
rank 628 on c105.nibi.sharcnet: 1 pinned threads; allocated CPUs 52
rank 2628 on c313.nibi.sharcnet: 1 pinned threads; allocated CPUs 132
rank 2977 on c315.nibi.sharcnet: 1 pinned threads; allocated CPUs 97
rank 274 on c94.nibi.sharcnet: 1 pinned threads; allocated CPUs 82
rank 1798 on c288.nibi.sharcnet: 1 pinned threads; allocated CPUs 70
rank 2130 on c311.nibi.sharcnet: 1 pinned threads; allocated CPUs 18
rank 1424 on c258.nibi.sharcnet: 1 pinned threads; allocated CPUs 80
rank 86 on c93.nibi.sharcnet: 1 pinned threads; allocated CPUs 86
rank 2979 on c315.nibi.sharcnet: 1 pinned threads; allocated CPUs 99
rank 1799 on c288.nibi.sharcnet: 1 pinned threads; allocated CPUs 71
rank 2123 on c311.nibi.sharcnet: 1 pinned threads; allocated CPUs 11
rank 768 on c106.nibi.sharcnet: 1 pinned threads; allocated CPUs 0
rank 2396 on c312.nibi.sharcnet: 1 pinned threads; allocated CPUs 92
rank 2028 on c289.nibi.sharcnet: 1 pinned threads; allocated CPUs 108
rank 1046 on c147.nibi.sharcnet: 1 pinned threads; allocated CPUs 86
rank 1227 on c152.nibi.sharcnet: 1 pinned threads; allocated CPUs 75
rank 1425 on c258.nibi.sharcnet: 1 pinned threads; allocated CPUs 81
rank 629 on c105.nibi.sharcnet: 1 pinned threads; allocated CPUs 53
rank 2758 on c314.nibi.sharcnet: 1 pinned threads; allocated CPUs 70
rank 288 on c94.nibi.sharcnet: 1 pinned threads; allocated CPUs 96
rank 2397 on c312.nibi.sharcnet: 1 pinned threads; allocated CPUs 93
rank 1047 on c147.nibi.sharcnet: 1 pinned threads; allocated CPUs 87
rank 1426 on c258.nibi.sharcnet: 1 pinned threads; allocated CPUs 82
rank 2759 on c314.nibi.sharcnet: 1 pinned threads; allocated CPUs 71
rank 87 on c93.nibi.sharcnet: 1 pinned threads; allocated CPUs 87
rank 2760 on c314.nibi.sharcnet: 1 pinned threads; allocated CPUs 72
rank 769 on c106.nibi.sharcnet: 1 pinned threads; allocated CPUs 1
rank 2029 on c289.nibi.sharcnet: 1 pinned threads; allocated CPUs 109
rank 2234 on c311.nibi.sharcnet: 1 pinned threads; allocated CPUs 122
rank 494 on c95.nibi.sharcnet: 1 pinned threads; allocated CPUs 110
rank 770 on c106.nibi.sharcnet: 1 pinned threads; allocated CPUs 2
rank 2173 on c311.nibi.sharcnet: 1 pinned threads; allocated CPUs 61
rank 495 on c95.nibi.sharcnet: 1 pinned threads; allocated CPUs 111
rank 496 on c95.nibi.sharcnet: 1 pinned threads; allocated CPUs 112
rank 88 on c93.nibi.sharcnet: 1 pinned threads; allocated CPUs 88
rank 2398 on c312.nibi.sharcnet: 1 pinned threads; allocated CPUs 94
rank 2030 on c289.nibi.sharcnet: 1 pinned threads; allocated CPUs 110
rank 1048 on c147.nibi.sharcnet: 1 pinned threads; allocated CPUs 88
rank 1228 on c152.nibi.sharcnet: 1 pinned threads; allocated CPUs 76
rank 1427 on c258.nibi.sharcnet: 1 pinned threads; allocated CPUs 83
rank 630 on c105.nibi.sharcnet: 1 pinned threads; allocated CPUs 54
rank 2629 on c313.nibi.sharcnet: 1 pinned threads; allocated CPUs 133
rank 2981 on c315.nibi.sharcnet: 1 pinned threads; allocated CPUs 101
rank 289 on c94.nibi.sharcnet: 1 pinned threads; allocated CPUs 97
rank 1229 on c152.nibi.sharcnet: 1 pinned threads; allocated CPUs 77
rank 2630 on c313.nibi.sharcnet: 1 pinned threads; allocated CPUs 134
rank 2986 on c315.nibi.sharcnet: 1 pinned threads; allocated CPUs 106
rank 2761 on c314.nibi.sharcnet: 1 pinned threads; allocated CPUs 73
rank 291 on c94.nibi.sharcnet: 1 pinned threads; allocated CPUs 99
rank 2399 on c312.nibi.sharcnet: 1 pinned threads; allocated CPUs 95
rank 1230 on c152.nibi.sharcnet: 1 pinned threads; allocated CPUs 78
rank 631 on c105.nibi.sharcnet: 1 pinned threads; allocated CPUs 55
rank 89 on c93.nibi.sharcnet: 1 pinned threads; allocated CPUs 89
rank 2631 on c313.nibi.sharcnet: 1 pinned threads; allocated CPUs 135
rank 2989 on c315.nibi.sharcnet: 1 pinned threads; allocated CPUs 109
rank 2762 on c314.nibi.sharcnet: 1 pinned threads; allocated CPUs 74
rank 1800 on c288.nibi.sharcnet: 1 pinned threads; allocated CPUs 72
rank 2226 on c311.nibi.sharcnet: 1 pinned threads; allocated CPUs 114
rank 497 on c95.nibi.sharcnet: 1 pinned threads; allocated CPUs 113
rank 771 on c106.nibi.sharcnet: 1 pinned threads; allocated CPUs 3
rank 2400 on c312.nibi.sharcnet: 1 pinned threads; allocated CPUs 96
rank 1231 on c152.nibi.sharcnet: 1 pinned threads; allocated CPUs 79
rank 2632 on c313.nibi.sharcnet: 1 pinned threads; allocated CPUs 136
rank 2763 on c314.nibi.sharcnet: 1 pinned threads; allocated CPUs 75
rank 1801 on c288.nibi.sharcnet: 1 pinned threads; allocated CPUs 73
rank 498 on c95.nibi.sharcnet: 1 pinned threads; allocated CPUs 114
rank 2031 on c289.nibi.sharcnet: 1 pinned threads; allocated CPUs 111
rank 1049 on c147.nibi.sharcnet: 1 pinned threads; allocated CPUs 89
rank 1428 on c258.nibi.sharcnet: 1 pinned threads; allocated CPUs 84
rank 90 on c93.nibi.sharcnet: 1 pinned threads; allocated CPUs 90
rank 2990 on c315.nibi.sharcnet: 1 pinned threads; allocated CPUs 110
rank 1802 on c288.nibi.sharcnet: 1 pinned threads; allocated CPUs 74
rank 499 on c95.nibi.sharcnet: 1 pinned threads; allocated CPUs 115
rank 1050 on c147.nibi.sharcnet: 1 pinned threads; allocated CPUs 90
rank 1429 on c258.nibi.sharcnet: 1 pinned threads; allocated CPUs 85
rank 306 on c94.nibi.sharcnet: 1 pinned threads; allocated CPUs 114
rank 772 on c106.nibi.sharcnet: 1 pinned threads; allocated CPUs 4
rank 2032 on c289.nibi.sharcnet: 1 pinned threads; allocated CPUs 112
rank 1232 on c152.nibi.sharcnet: 1 pinned threads; allocated CPUs 80
rank 1430 on c258.nibi.sharcnet: 1 pinned threads; allocated CPUs 86
rank 632 on c105.nibi.sharcnet: 1 pinned threads; allocated CPUs 56
rank 91 on c93.nibi.sharcnet: 1 pinned threads; allocated CPUs 91
rank 2633 on c313.nibi.sharcnet: 1 pinned threads; allocated CPUs 137
rank 2764 on c314.nibi.sharcnet: 1 pinned threads; allocated CPUs 76
rank 310 on c94.nibi.sharcnet: 1 pinned threads; allocated CPUs 118
rank 2180 on c311.nibi.sharcnet: 1 pinned threads; allocated CPUs 68
rank 773 on c106.nibi.sharcnet: 1 pinned threads; allocated CPUs 5
rank 2033 on c289.nibi.sharcnet: 1 pinned threads; allocated CPUs 113
rank 1233 on c152.nibi.sharcnet: 1 pinned threads; allocated CPUs 81
rank 2634 on c313.nibi.sharcnet: 1 pinned threads; allocated CPUs 138
rank 2765 on c314.nibi.sharcnet: 1 pinned threads; allocated CPUs 77
rank 316 on c94.nibi.sharcnet: 1 pinned threads; allocated CPUs 124
rank 2230 on c311.nibi.sharcnet: 1 pinned threads; allocated CPUs 118
rank 500 on c95.nibi.sharcnet: 1 pinned threads; allocated CPUs 116
rank 774 on c106.nibi.sharcnet: 1 pinned threads; allocated CPUs 6
rank 2401 on c312.nibi.sharcnet: 1 pinned threads; allocated CPUs 97
rank 2034 on c289.nibi.sharcnet: 1 pinned threads; allocated CPUs 114
rank 1051 on c147.nibi.sharcnet: 1 pinned threads; allocated CPUs 91
rank 1431 on c258.nibi.sharcnet: 1 pinned threads; allocated CPUs 87
rank 92 on c93.nibi.sharcnet: 1 pinned threads; allocated CPUs 92
rank 2635 on c313.nibi.sharcnet: 1 pinned threads; allocated CPUs 139
rank 2992 on c315.nibi.sharcnet: 1 pinned threads; allocated CPUs 112
rank 317 on c94.nibi.sharcnet: 1 pinned threads; allocated CPUs 125
rank 1803 on c288.nibi.sharcnet: 1 pinned threads; allocated CPUs 75
rank 2146 on c311.nibi.sharcnet: 1 pinned threads; allocated CPUs 34
rank 501 on c95.nibi.sharcnet: 1 pinned threads; allocated CPUs 117
rank 775 on c106.nibi.sharcnet: 1 pinned threads; allocated CPUs 7
rank 2402 on c312.nibi.sharcnet: 1 pinned threads; allocated CPUs 98
rank 1052 on c147.nibi.sharcnet: 1 pinned threads; allocated CPUs 92
rank 1234 on c152.nibi.sharcnet: 1 pinned threads; allocated CPUs 82
rank 1432 on c258.nibi.sharcnet: 1 pinned threads; allocated CPUs 88
rank 633 on c105.nibi.sharcnet: 1 pinned threads; allocated CPUs 57
rank 93 on c93.nibi.sharcnet: 1 pinned threads; allocated CPUs 93
rank 2993 on c315.nibi.sharcnet: 1 pinned threads; allocated CPUs 113
rank 1804 on c288.nibi.sharcnet: 1 pinned threads; allocated CPUs 76
rank 2158 on c311.nibi.sharcnet: 1 pinned threads; allocated CPUs 46
rank 502 on c95.nibi.sharcnet: 1 pinned threads; allocated CPUs 118
rank 2403 on c312.nibi.sharcnet: 1 pinned threads; allocated CPUs 99
rank 1053 on c147.nibi.sharcnet: 1 pinned threads; allocated CPUs 93
rank 1433 on c258.nibi.sharcnet: 1 pinned threads; allocated CPUs 89
rank 634 on c105.nibi.sharcnet: 1 pinned threads; allocated CPUs 58
rank 2994 on c315.nibi.sharcnet: 1 pinned threads; allocated CPUs 114
rank 2766 on c314.nibi.sharcnet: 1 pinned threads; allocated CPUs 78
rank 1805 on c288.nibi.sharcnet: 1 pinned threads; allocated CPUs 77
rank 2404 on c312.nibi.sharcnet: 1 pinned threads; allocated CPUs 100
rank 2035 on c289.nibi.sharcnet: 1 pinned threads; allocated CPUs 115
rank 94 on c93.nibi.sharcnet: 1 pinned threads; allocated CPUs 94
rank 2636 on c313.nibi.sharcnet: 1 pinned threads; allocated CPUs 140
rank 2767 on c314.nibi.sharcnet: 1 pinned threads; allocated CPUs 79
rank 355 on c94.nibi.sharcnet: 1 pinned threads; allocated CPUs 163
rank 1806 on c288.nibi.sharcnet: 1 pinned threads; allocated CPUs 78
rank 2175 on c311.nibi.sharcnet: 1 pinned threads; allocated CPUs 63
rank 776 on c106.nibi.sharcnet: 1 pinned threads; allocated CPUs 8
rank 2405 on c312.nibi.sharcnet: 1 pinned threads; allocated CPUs 101
rank 2036 on c289.nibi.sharcnet: 1 pinned threads; allocated CPUs 116
rank 1235 on c152.nibi.sharcnet: 1 pinned threads; allocated CPUs 83
rank 635 on c105.nibi.sharcnet: 1 pinned threads; allocated CPUs 59
rank 95 on c93.nibi.sharcnet: 1 pinned threads; allocated CPUs 95
rank 2637 on c313.nibi.sharcnet: 1 pinned threads; allocated CPUs 141
rank 2995 on c315.nibi.sharcnet: 1 pinned threads; allocated CPUs 115
rank 2768 on c314.nibi.sharcnet: 1 pinned threads; allocated CPUs 80
rank 370 on c94.nibi.sharcnet: 1 pinned threads; allocated CPUs 178
rank 1807 on c288.nibi.sharcnet: 1 pinned threads; allocated CPUs 79
rank 2237 on c311.nibi.sharcnet: 1 pinned threads; allocated CPUs 125
rank 503 on c95.nibi.sharcnet: 1 pinned threads; allocated CPUs 119
rank 777 on c106.nibi.sharcnet: 1 pinned threads; allocated CPUs 9
rank 2037 on c289.nibi.sharcnet: 1 pinned threads; allocated CPUs 117
rank 1236 on c152.nibi.sharcnet: 1 pinned threads; allocated CPUs 84
rank 2638 on c313.nibi.sharcnet: 1 pinned threads; allocated CPUs 142
rank 2996 on c315.nibi.sharcnet: 1 pinned threads; allocated CPUs 116
rank 201 on c94.nibi.sharcnet: 1 pinned threads; allocated CPUs 9
rank 1808 on c288.nibi.sharcnet: 1 pinned threads; allocated CPUs 80
rank 504 on c95.nibi.sharcnet: 1 pinned threads; allocated CPUs 120
rank 2406 on c312.nibi.sharcnet: 1 pinned threads; allocated CPUs 102
rank 1054 on c147.nibi.sharcnet: 1 pinned threads; allocated CPUs 94
rank 1434 on c258.nibi.sharcnet: 1 pinned threads; allocated CPUs 90
rank 636 on c105.nibi.sharcnet: 1 pinned threads; allocated CPUs 60
rank 96 on c93.nibi.sharcnet: 1 pinned threads; allocated CPUs 96
rank 2639 on c313.nibi.sharcnet: 1 pinned threads; allocated CPUs 143
rank 2998 on c315.nibi.sharcnet: 1 pinned threads; allocated CPUs 118
rank 267 on c94.nibi.sharcnet: 1 pinned threads; allocated CPUs 75
rank 1809 on c288.nibi.sharcnet: 1 pinned threads; allocated CPUs 81
rank 2244 on c311.nibi.sharcnet: 1 pinned threads; allocated CPUs 132
rank 505 on c95.nibi.sharcnet: 1 pinned threads; allocated CPUs 121
rank 778 on c106.nibi.sharcnet: 1 pinned threads; allocated CPUs 10
rank 2407 on c312.nibi.sharcnet: 1 pinned threads; allocated CPUs 103
rank 2038 on c289.nibi.sharcnet: 1 pinned threads; allocated CPUs 118
rank 1055 on c147.nibi.sharcnet: 1 pinned threads; allocated CPUs 95
rank 1436 on c258.nibi.sharcnet: 1 pinned threads; allocated CPUs 92
rank 637 on c105.nibi.sharcnet: 1 pinned threads; allocated CPUs 61
rank 97 on c93.nibi.sharcnet: 1 pinned threads; allocated CPUs 97
rank 3002 on c315.nibi.sharcnet: 1 pinned threads; allocated CPUs 122
rank 2769 on c314.nibi.sharcnet: 1 pinned threads; allocated CPUs 81
rank 268 on c94.nibi.sharcnet: 1 pinned threads; allocated CPUs 76
rank 1810 on c288.nibi.sharcnet: 1 pinned threads; allocated CPUs 82
rank 2172 on c311.nibi.sharcnet: 1 pinned threads; allocated CPUs 60
rank 506 on c95.nibi.sharcnet: 1 pinned threads; allocated CPUs 122
rank 779 on c106.nibi.sharcnet: 1 pinned threads; allocated CPUs 11
rank 2039 on c289.nibi.sharcnet: 1 pinned threads; allocated CPUs 119
rank 1056 on c147.nibi.sharcnet: 1 pinned threads; allocated CPUs 96
rank 1437 on c258.nibi.sharcnet: 1 pinned threads; allocated CPUs 93
rank 98 on c93.nibi.sharcnet: 1 pinned threads; allocated CPUs 98
rank 2770 on c314.nibi.sharcnet: 1 pinned threads; allocated CPUs 82
rank 342 on c94.nibi.sharcnet: 1 pinned threads; allocated CPUs 150
rank 2169 on c311.nibi.sharcnet: 1 pinned threads; allocated CPUs 57
rank 507 on c95.nibi.sharcnet: 1 pinned threads; allocated CPUs 123
rank 780 on c106.nibi.sharcnet: 1 pinned threads; allocated CPUs 12
rank 2408 on c312.nibi.sharcnet: 1 pinned threads; allocated CPUs 104
rank 1057 on c147.nibi.sharcnet: 1 pinned threads; allocated CPUs 97
rank 1237 on c152.nibi.sharcnet: 1 pinned threads; allocated CPUs 85
rank 1438 on c258.nibi.sharcnet: 1 pinned threads; allocated CPUs 94
rank 638 on c105.nibi.sharcnet: 1 pinned threads; allocated CPUs 62
rank 2640 on c313.nibi.sharcnet: 1 pinned threads; allocated CPUs 144
rank 3004 on c315.nibi.sharcnet: 1 pinned threads; allocated CPUs 124
rank 2771 on c314.nibi.sharcnet: 1 pinned threads; allocated CPUs 83
rank 197 on c94.nibi.sharcnet: 1 pinned threads; allocated CPUs 5
rank 1811 on c288.nibi.sharcnet: 1 pinned threads; allocated CPUs 83
rank 508 on c95.nibi.sharcnet: 1 pinned threads; allocated CPUs 124
rank 781 on c106.nibi.sharcnet: 1 pinned threads; allocated CPUs 13
rank 2409 on c312.nibi.sharcnet: 1 pinned threads; allocated CPUs 105
rank 2040 on c289.nibi.sharcnet: 1 pinned threads; allocated CPUs 120
rank 1058 on c147.nibi.sharcnet: 1 pinned threads; allocated CPUs 98
rank 1238 on c152.nibi.sharcnet: 1 pinned threads; allocated CPUs 86
rank 1439 on c258.nibi.sharcnet: 1 pinned threads; allocated CPUs 95
rank 639 on c105.nibi.sharcnet: 1 pinned threads; allocated CPUs 63
rank 99 on c93.nibi.sharcnet: 1 pinned threads; allocated CPUs 99
rank 2641 on c313.nibi.sharcnet: 1 pinned threads; allocated CPUs 145
rank 3013 on c315.nibi.sharcnet: 1 pinned threads; allocated CPUs 133
rank 2772 on c314.nibi.sharcnet: 1 pinned threads; allocated CPUs 84
rank 271 on c94.nibi.sharcnet: 1 pinned threads; allocated CPUs 79
rank 1812 on c288.nibi.sharcnet: 1 pinned threads; allocated CPUs 84
rank 2190 on c311.nibi.sharcnet: 1 pinned threads; allocated CPUs 78
rank 509 on c95.nibi.sharcnet: 1 pinned threads; allocated CPUs 125
rank 2410 on c312.nibi.sharcnet: 1 pinned threads; allocated CPUs 106
rank 2041 on c289.nibi.sharcnet: 1 pinned threads; allocated CPUs 121
rank 1059 on c147.nibi.sharcnet: 1 pinned threads; allocated CPUs 99
rank 1239 on c152.nibi.sharcnet: 1 pinned threads; allocated CPUs 87
rank 1440 on c258.nibi.sharcnet: 1 pinned threads; allocated CPUs 96
rank 100 on c93.nibi.sharcnet: 1 pinned threads; allocated CPUs 100
rank 2642 on c313.nibi.sharcnet: 1 pinned threads; allocated CPUs 146
rank 3014 on c315.nibi.sharcnet: 1 pinned threads; allocated CPUs 134
rank 2773 on c314.nibi.sharcnet: 1 pinned threads; allocated CPUs 85
rank 1813 on c288.nibi.sharcnet: 1 pinned threads; allocated CPUs 85
rank 2224 on c311.nibi.sharcnet: 1 pinned threads; allocated CPUs 112
rank 782 on c106.nibi.sharcnet: 1 pinned threads; allocated CPUs 14
rank 2042 on c289.nibi.sharcnet: 1 pinned threads; allocated CPUs 122
rank 1060 on c147.nibi.sharcnet: 1 pinned threads; allocated CPUs 100
rank 1441 on c258.nibi.sharcnet: 1 pinned threads; allocated CPUs 97
rank 640 on c105.nibi.sharcnet: 1 pinned threads; allocated CPUs 64
rank 101 on c93.nibi.sharcnet: 1 pinned threads; allocated CPUs 101
rank 2644 on c313.nibi.sharcnet: 1 pinned threads; allocated CPUs 148
rank 2774 on c314.nibi.sharcnet: 1 pinned threads; allocated CPUs 86
rank 319 on c94.nibi.sharcnet: 1 pinned threads; allocated CPUs 127
rank 1814 on c288.nibi.sharcnet: 1 pinned threads; allocated CPUs 86
rank 2121 on c311.nibi.sharcnet: 1 pinned threads; allocated CPUs 9
rank 783 on c106.nibi.sharcnet: 1 pinned threads; allocated CPUs 15
rank 2411 on c312.nibi.sharcnet: 1 pinned threads; allocated CPUs 107
rank 1061 on c147.nibi.sharcnet: 1 pinned threads; allocated CPUs 101
rank 1240 on c152.nibi.sharcnet: 1 pinned threads; allocated CPUs 88
rank 2645 on c313.nibi.sharcnet: 1 pinned threads; allocated CPUs 149
rank 3015 on c315.nibi.sharcnet: 1 pinned threads; allocated CPUs 135
rank 2775 on c314.nibi.sharcnet: 1 pinned threads; allocated CPUs 87
rank 200 on c94.nibi.sharcnet: 1 pinned threads; allocated CPUs 8
rank 1815 on c288.nibi.sharcnet: 1 pinned threads; allocated CPUs 87
rank 2134 on c311.nibi.sharcnet: 1 pinned threads; allocated CPUs 22
rank 510 on c95.nibi.sharcnet: 1 pinned threads; allocated CPUs 126
rank 784 on c106.nibi.sharcnet: 1 pinned threads; allocated CPUs 16
rank 2412 on c312.nibi.sharcnet: 1 pinned threads; allocated CPUs 108
rank 1063 on c147.nibi.sharcnet: 1 pinned threads; allocated CPUs 103
rank 1241 on c152.nibi.sharcnet: 1 pinned threads; allocated CPUs 89
rank 1442 on c258.nibi.sharcnet: 1 pinned threads; allocated CPUs 98
rank 102 on c93.nibi.sharcnet: 1 pinned threads; allocated CPUs 102
rank 3021 on c315.nibi.sharcnet: 1 pinned threads; allocated CPUs 141
rank 2776 on c314.nibi.sharcnet: 1 pinned threads; allocated CPUs 88
rank 511 on c95.nibi.sharcnet: 1 pinned threads; allocated CPUs 127
rank 2413 on c312.nibi.sharcnet: 1 pinned threads; allocated CPUs 109
rank 2043 on c289.nibi.sharcnet: 1 pinned threads; allocated CPUs 123
rank 1242 on c152.nibi.sharcnet: 1 pinned threads; allocated CPUs 90
rank 1443 on c258.nibi.sharcnet: 1 pinned threads; allocated CPUs 99
rank 641 on c105.nibi.sharcnet: 1 pinned threads; allocated CPUs 65
rank 103 on c93.nibi.sharcnet: 1 pinned threads; allocated CPUs 103
rank 3023 on c315.nibi.sharcnet: 1 pinned threads; allocated CPUs 143
rank 2777 on c314.nibi.sharcnet: 1 pinned threads; allocated CPUs 89
rank 210 on c94.nibi.sharcnet: 1 pinned threads; allocated CPUs 18
rank 1816 on c288.nibi.sharcnet: 1 pinned threads; allocated CPUs 88
rank 2132 on c311.nibi.sharcnet: 1 pinned threads; allocated CPUs 20
rank 512 on c95.nibi.sharcnet: 1 pinned threads; allocated CPUs 128
rank 785 on c106.nibi.sharcnet: 1 pinned threads; allocated CPUs 17
rank 2414 on c312.nibi.sharcnet: 1 pinned threads; allocated CPUs 110
rank 2044 on c289.nibi.sharcnet: 1 pinned threads; allocated CPUs 124
rank 1243 on c152.nibi.sharcnet: 1 pinned threads; allocated CPUs 91
rank 1444 on c258.nibi.sharcnet: 1 pinned threads; allocated CPUs 100
rank 642 on c105.nibi.sharcnet: 1 pinned threads; allocated CPUs 66
rank 2778 on c314.nibi.sharcnet: 1 pinned threads; allocated CPUs 90
rank 2119 on c311.nibi.sharcnet: 1 pinned threads; allocated CPUs 7
rank 786 on c106.nibi.sharcnet: 1 pinned threads; allocated CPUs 18
rank 2045 on c289.nibi.sharcnet: 1 pinned threads; allocated CPUs 125
rank 1064 on c147.nibi.sharcnet: 1 pinned threads; allocated CPUs 104
rank 1244 on c152.nibi.sharcnet: 1 pinned threads; allocated CPUs 92
rank 1445 on c258.nibi.sharcnet: 1 pinned threads; allocated CPUs 101
rank 104 on c93.nibi.sharcnet: 1 pinned threads; allocated CPUs 104
rank 2646 on c313.nibi.sharcnet: 1 pinned threads; allocated CPUs 150
rank 1817 on c288.nibi.sharcnet: 1 pinned threads; allocated CPUs 89
rank 513 on c95.nibi.sharcnet: 1 pinned threads; allocated CPUs 129
rank 2046 on c289.nibi.sharcnet: 1 pinned threads; allocated CPUs 126
rank 1065 on c147.nibi.sharcnet: 1 pinned threads; allocated CPUs 105
rank 1245 on c152.nibi.sharcnet: 1 pinned threads; allocated CPUs 93
rank 2647 on c313.nibi.sharcnet: 1 pinned threads; allocated CPUs 151
rank 2779 on c314.nibi.sharcnet: 1 pinned threads; allocated CPUs 91
rank 1818 on c288.nibi.sharcnet: 1 pinned threads; allocated CPUs 90
rank 514 on c95.nibi.sharcnet: 1 pinned threads; allocated CPUs 130
rank 2415 on c312.nibi.sharcnet: 1 pinned threads; allocated CPUs 111
rank 2047 on c289.nibi.sharcnet: 1 pinned threads; allocated CPUs 127
rank 1246 on c152.nibi.sharcnet: 1 pinned threads; allocated CPUs 94
rank 1446 on c258.nibi.sharcnet: 1 pinned threads; allocated CPUs 102
rank 105 on c93.nibi.sharcnet: 1 pinned threads; allocated CPUs 105
rank 2648 on c313.nibi.sharcnet: 1 pinned threads; allocated CPUs 152
rank 3032 on c315.nibi.sharcnet: 1 pinned threads; allocated CPUs 152
rank 2780 on c314.nibi.sharcnet: 1 pinned threads; allocated CPUs 92
rank 1819 on c288.nibi.sharcnet: 1 pinned threads; allocated CPUs 91
rank 515 on c95.nibi.sharcnet: 1 pinned threads; allocated CPUs 131
rank 2416 on c312.nibi.sharcnet: 1 pinned threads; allocated CPUs 112
rank 2048 on c289.nibi.sharcnet: 1 pinned threads; allocated CPUs 128
rank 1247 on c152.nibi.sharcnet: 1 pinned threads; allocated CPUs 95
rank 106 on c93.nibi.sharcnet: 1 pinned threads; allocated CPUs 106
rank 2649 on c313.nibi.sharcnet: 1 pinned threads; allocated CPUs 153
rank 3038 on c315.nibi.sharcnet: 1 pinned threads; allocated CPUs 158
rank 787 on c106.nibi.sharcnet: 1 pinned threads; allocated CPUs 19
rank 2417 on c312.nibi.sharcnet: 1 pinned threads; allocated CPUs 113
rank 2049 on c289.nibi.sharcnet: 1 pinned threads; allocated CPUs 129
rank 1066 on c147.nibi.sharcnet: 1 pinned threads; allocated CPUs 106
rank 1248 on c152.nibi.sharcnet: 1 pinned threads; allocated CPUs 96
rank 1447 on c258.nibi.sharcnet: 1 pinned threads; allocated CPUs 103
rank 643 on c105.nibi.sharcnet: 1 pinned threads; allocated CPUs 67
rank 2650 on c313.nibi.sharcnet: 1 pinned threads; allocated CPUs 154
rank 3040 on c315.nibi.sharcnet: 1 pinned threads; allocated CPUs 160
rank 788 on c106.nibi.sharcnet: 1 pinned threads; allocated CPUs 20
rank 2418 on c312.nibi.sharcnet: 1 pinned threads; allocated CPUs 114
rank 1067 on c147.nibi.sharcnet: 1 pinned threads; allocated CPUs 107
rank 644 on c105.nibi.sharcnet: 1 pinned threads; allocated CPUs 68
rank 107 on c93.nibi.sharcnet: 1 pinned threads; allocated CPUs 107
rank 2651 on c313.nibi.sharcnet: 1 pinned threads; allocated CPUs 155
rank 3041 on c315.nibi.sharcnet: 1 pinned threads; allocated CPUs 161
rank 789 on c106.nibi.sharcnet: 1 pinned threads; allocated CPUs 21
rank 2050 on c289.nibi.sharcnet: 1 pinned threads; allocated CPUs 130
rank 1068 on c147.nibi.sharcnet: 1 pinned threads; allocated CPUs 108
rank 1249 on c152.nibi.sharcnet: 1 pinned threads; allocated CPUs 97
rank 1448 on c258.nibi.sharcnet: 1 pinned threads; allocated CPUs 104
rank 645 on c105.nibi.sharcnet: 1 pinned threads; allocated CPUs 69
rank 2652 on c313.nibi.sharcnet: 1 pinned threads; allocated CPUs 156
rank 3042 on c315.nibi.sharcnet: 1 pinned threads; allocated CPUs 162
rank 2781 on c314.nibi.sharcnet: 1 pinned threads; allocated CPUs 93
rank 1820 on c288.nibi.sharcnet: 1 pinned threads; allocated CPUs 92
rank 516 on c95.nibi.sharcnet: 1 pinned threads; allocated CPUs 132
rank 790 on c106.nibi.sharcnet: 1 pinned threads; allocated CPUs 22
rank 1449 on c258.nibi.sharcnet: 1 pinned threads; allocated CPUs 105
rank 108 on c93.nibi.sharcnet: 1 pinned threads; allocated CPUs 108
rank 3044 on c315.nibi.sharcnet: 1 pinned threads; allocated CPUs 164
rank 2782 on c314.nibi.sharcnet: 1 pinned threads; allocated CPUs 94
rank 1821 on c288.nibi.sharcnet: 1 pinned threads; allocated CPUs 93
rank 517 on c95.nibi.sharcnet: 1 pinned threads; allocated CPUs 133
rank 791 on c106.nibi.sharcnet: 1 pinned threads; allocated CPUs 23
rank 2419 on c312.nibi.sharcnet: 1 pinned threads; allocated CPUs 115
rank 2051 on c289.nibi.sharcnet: 1 pinned threads; allocated CPUs 131
rank 1250 on c152.nibi.sharcnet: 1 pinned threads; allocated CPUs 98
rank 1450 on c258.nibi.sharcnet: 1 pinned threads; allocated CPUs 106
rank 2653 on c313.nibi.sharcnet: 1 pinned threads; allocated CPUs 157
rank 3045 on c315.nibi.sharcnet: 1 pinned threads; allocated CPUs 165
rank 2783 on c314.nibi.sharcnet: 1 pinned threads; allocated CPUs 95
rank 518 on c95.nibi.sharcnet: 1 pinned threads; allocated CPUs 134
rank 2420 on c312.nibi.sharcnet: 1 pinned threads; allocated CPUs 116
rank 2052 on c289.nibi.sharcnet: 1 pinned threads; allocated CPUs 132
rank 1069 on c147.nibi.sharcnet: 1 pinned threads; allocated CPUs 109
rank 1251 on c152.nibi.sharcnet: 1 pinned threads; allocated CPUs 99
rank 646 on c105.nibi.sharcnet: 1 pinned threads; allocated CPUs 70
rank 109 on c93.nibi.sharcnet: 1 pinned threads; allocated CPUs 109
rank 2654 on c313.nibi.sharcnet: 1 pinned threads; allocated CPUs 158
rank 519 on c95.nibi.sharcnet: 1 pinned threads; allocated CPUs 135
rank 2421 on c312.nibi.sharcnet: 1 pinned threads; allocated CPUs 117
rank 1070 on c147.nibi.sharcnet: 1 pinned threads; allocated CPUs 110
rank 647 on c105.nibi.sharcnet: 1 pinned threads; allocated CPUs 71
rank 110 on c93.nibi.sharcnet: 1 pinned threads; allocated CPUs 110
rank 792 on c106.nibi.sharcnet: 1 pinned threads; allocated CPUs 24
rank 2053 on c289.nibi.sharcnet: 1 pinned threads; allocated CPUs 133
rank 1071 on c147.nibi.sharcnet: 1 pinned threads; allocated CPUs 111
rank 1451 on c258.nibi.sharcnet: 1 pinned threads; allocated CPUs 107
rank 648 on c105.nibi.sharcnet: 1 pinned threads; allocated CPUs 72
rank 3046 on c315.nibi.sharcnet: 1 pinned threads; allocated CPUs 166
rank 2784 on c314.nibi.sharcnet: 1 pinned threads; allocated CPUs 96
rank 1822 on c288.nibi.sharcnet: 1 pinned threads; allocated CPUs 94
rank 520 on c95.nibi.sharcnet: 1 pinned threads; allocated CPUs 136
rank 793 on c106.nibi.sharcnet: 1 pinned threads; allocated CPUs 25
rank 1452 on c258.nibi.sharcnet: 1 pinned threads; allocated CPUs 108
rank 649 on c105.nibi.sharcnet: 1 pinned threads; allocated CPUs 73
rank 111 on c93.nibi.sharcnet: 1 pinned threads; allocated CPUs 111
rank 3050 on c315.nibi.sharcnet: 1 pinned threads; allocated CPUs 170
rank 2785 on c314.nibi.sharcnet: 1 pinned threads; allocated CPUs 97
rank 1823 on c288.nibi.sharcnet: 1 pinned threads; allocated CPUs 95
rank 521 on c95.nibi.sharcnet: 1 pinned threads; allocated CPUs 137
rank 794 on c106.nibi.sharcnet: 1 pinned threads; allocated CPUs 26
rank 1824 on c288.nibi.sharcnet: 1 pinned threads; allocated CPUs 96
rank 2422 on c312.nibi.sharcnet: 1 pinned threads; allocated CPUs 118
rank 2054 on c289.nibi.sharcnet: 1 pinned threads; allocated CPUs 134
rank 1252 on c152.nibi.sharcnet: 1 pinned threads; allocated CPUs 100
rank 650 on c105.nibi.sharcnet: 1 pinned threads; allocated CPUs 74
rank 2655 on c313.nibi.sharcnet: 1 pinned threads; allocated CPUs 159
rank 522 on c95.nibi.sharcnet: 1 pinned threads; allocated CPUs 138
rank 2423 on c312.nibi.sharcnet: 1 pinned threads; allocated CPUs 119
rank 1253 on c152.nibi.sharcnet: 1 pinned threads; allocated CPUs 101
rank 651 on c105.nibi.sharcnet: 1 pinned threads; allocated CPUs 75
rank 112 on c93.nibi.sharcnet: 1 pinned threads; allocated CPUs 112
rank 2656 on c313.nibi.sharcnet: 1 pinned threads; allocated CPUs 160
rank 795 on c106.nibi.sharcnet: 1 pinned threads; allocated CPUs 27
rank 796 on c106.nibi.sharcnet: 1 pinned threads; allocated CPUs 28
rank 113 on c93.nibi.sharcnet: 1 pinned threads; allocated CPUs 113
rank 2786 on c314.nibi.sharcnet: 1 pinned threads; allocated CPUs 98
rank 2055 on c289.nibi.sharcnet: 1 pinned threads; allocated CPUs 135
rank 1072 on c147.nibi.sharcnet: 1 pinned threads; allocated CPUs 112
rank 1254 on c152.nibi.sharcnet: 1 pinned threads; allocated CPUs 102
rank 1453 on c258.nibi.sharcnet: 1 pinned threads; allocated CPUs 109
rank 652 on c105.nibi.sharcnet: 1 pinned threads; allocated CPUs 76
rank 3051 on c315.nibi.sharcnet: 1 pinned threads; allocated CPUs 171
rank 1825 on c288.nibi.sharcnet: 1 pinned threads; allocated CPUs 97
rank 523 on c95.nibi.sharcnet: 1 pinned threads; allocated CPUs 139
rank 2056 on c289.nibi.sharcnet: 1 pinned threads; allocated CPUs 136
rank 1073 on c147.nibi.sharcnet: 1 pinned threads; allocated CPUs 113
rank 1255 on c152.nibi.sharcnet: 1 pinned threads; allocated CPUs 103
rank 1454 on c258.nibi.sharcnet: 1 pinned threads; allocated CPUs 110
rank 653 on c105.nibi.sharcnet: 1 pinned threads; allocated CPUs 77
rank 3052 on c315.nibi.sharcnet: 1 pinned threads; allocated CPUs 172
rank 1826 on c288.nibi.sharcnet: 1 pinned threads; allocated CPUs 98
rank 1075 on c147.nibi.sharcnet: 1 pinned threads; allocated CPUs 115
rank 1455 on c258.nibi.sharcnet: 1 pinned threads; allocated CPUs 111
rank 114 on c93.nibi.sharcnet: 1 pinned threads; allocated CPUs 114
rank 3053 on c315.nibi.sharcnet: 1 pinned threads; allocated CPUs 173
rank 1827 on c288.nibi.sharcnet: 1 pinned threads; allocated CPUs 99
rank 2424 on c312.nibi.sharcnet: 1 pinned threads; allocated CPUs 120
rank 2057 on c289.nibi.sharcnet: 1 pinned threads; allocated CPUs 137
rank 1256 on c152.nibi.sharcnet: 1 pinned threads; allocated CPUs 104
rank 1456 on c258.nibi.sharcnet: 1 pinned threads; allocated CPUs 112
rank 2657 on c313.nibi.sharcnet: 1 pinned threads; allocated CPUs 161
rank 3054 on c315.nibi.sharcnet: 1 pinned threads; allocated CPUs 174
rank 2787 on c314.nibi.sharcnet: 1 pinned threads; allocated CPUs 99
rank 1828 on c288.nibi.sharcnet: 1 pinned threads; allocated CPUs 100
rank 524 on c95.nibi.sharcnet: 1 pinned threads; allocated CPUs 140
rank 2425 on c312.nibi.sharcnet: 1 pinned threads; allocated CPUs 121
rank 115 on c93.nibi.sharcnet: 1 pinned threads; allocated CPUs 115
rank 2658 on c313.nibi.sharcnet: 1 pinned threads; allocated CPUs 162
rank 2788 on c314.nibi.sharcnet: 1 pinned threads; allocated CPUs 100
rank 2426 on c312.nibi.sharcnet: 1 pinned threads; allocated CPUs 122
rank 2058 on c289.nibi.sharcnet: 1 pinned threads; allocated CPUs 138
rank 1257 on c152.nibi.sharcnet: 1 pinned threads; allocated CPUs 105
rank 2660 on c313.nibi.sharcnet: 1 pinned threads; allocated CPUs 164
rank 2789 on c314.nibi.sharcnet: 1 pinned threads; allocated CPUs 101
rank 1829 on c288.nibi.sharcnet: 1 pinned threads; allocated CPUs 101
rank 525 on c95.nibi.sharcnet: 1 pinned threads; allocated CPUs 141
rank 797 on c106.nibi.sharcnet: 1 pinned threads; allocated CPUs 29
rank 2427 on c312.nibi.sharcnet: 1 pinned threads; allocated CPUs 123
rank 1076 on c147.nibi.sharcnet: 1 pinned threads; allocated CPUs 116
rank 1258 on c152.nibi.sharcnet: 1 pinned threads; allocated CPUs 106
rank 1457 on c258.nibi.sharcnet: 1 pinned threads; allocated CPUs 113
rank 654 on c105.nibi.sharcnet: 1 pinned threads; allocated CPUs 78
rank 116 on c93.nibi.sharcnet: 1 pinned threads; allocated CPUs 116
rank 3055 on c315.nibi.sharcnet: 1 pinned threads; allocated CPUs 175
rank 2790 on c314.nibi.sharcnet: 1 pinned threads; allocated CPUs 102
rank 526 on c95.nibi.sharcnet: 1 pinned threads; allocated CPUs 142
rank 798 on c106.nibi.sharcnet: 1 pinned threads; allocated CPUs 30
rank 2428 on c312.nibi.sharcnet: 1 pinned threads; allocated CPUs 124
rank 2059 on c289.nibi.sharcnet: 1 pinned threads; allocated CPUs 139
rank 1077 on c147.nibi.sharcnet: 1 pinned threads; allocated CPUs 117
rank 1458 on c258.nibi.sharcnet: 1 pinned threads; allocated CPUs 114
rank 655 on c105.nibi.sharcnet: 1 pinned threads; allocated CPUs 79
rank 117 on c93.nibi.sharcnet: 1 pinned threads; allocated CPUs 117
rank 3056 on c315.nibi.sharcnet: 1 pinned threads; allocated CPUs 176
rank 1830 on c288.nibi.sharcnet: 1 pinned threads; allocated CPUs 102
rank 527 on c95.nibi.sharcnet: 1 pinned threads; allocated CPUs 143
rank 799 on c106.nibi.sharcnet: 1 pinned threads; allocated CPUs 31
rank 2429 on c312.nibi.sharcnet: 1 pinned threads; allocated CPUs 125
rank 1078 on c147.nibi.sharcnet: 1 pinned threads; allocated CPUs 118
rank 1459 on c258.nibi.sharcnet: 1 pinned threads; allocated CPUs 115
rank 2791 on c314.nibi.sharcnet: 1 pinned threads; allocated CPUs 103
rank 1831 on c288.nibi.sharcnet: 1 pinned threads; allocated CPUs 103
rank 1079 on c147.nibi.sharcnet: 1 pinned threads; allocated CPUs 119
rank 118 on c93.nibi.sharcnet: 1 pinned threads; allocated CPUs 118
rank 2792 on c314.nibi.sharcnet: 1 pinned threads; allocated CPUs 104
rank 2430 on c312.nibi.sharcnet: 1 pinned threads; allocated CPUs 126
rank 2060 on c289.nibi.sharcnet: 1 pinned threads; allocated CPUs 140
rank 1259 on c152.nibi.sharcnet: 1 pinned threads; allocated CPUs 107
rank 656 on c105.nibi.sharcnet: 1 pinned threads; allocated CPUs 80
rank 2661 on c313.nibi.sharcnet: 1 pinned threads; allocated CPUs 165
rank 3058 on c315.nibi.sharcnet: 1 pinned threads; allocated CPUs 178
rank 1832 on c288.nibi.sharcnet: 1 pinned threads; allocated CPUs 104
rank 528 on c95.nibi.sharcnet: 1 pinned threads; allocated CPUs 144
rank 2061 on c289.nibi.sharcnet: 1 pinned threads; allocated CPUs 141
rank 1260 on c152.nibi.sharcnet: 1 pinned threads; allocated CPUs 108
rank 657 on c105.nibi.sharcnet: 1 pinned threads; allocated CPUs 81
rank 119 on c93.nibi.sharcnet: 1 pinned threads; allocated CPUs 119
rank 2662 on c313.nibi.sharcnet: 1 pinned threads; allocated CPUs 166
rank 3059 on c315.nibi.sharcnet: 1 pinned threads; allocated CPUs 179
rank 529 on c95.nibi.sharcnet: 1 pinned threads; allocated CPUs 145
rank 806 on c106.nibi.sharcnet: 1 pinned threads; allocated CPUs 38
rank 2062 on c289.nibi.sharcnet: 1 pinned threads; allocated CPUs 142
rank 658 on c105.nibi.sharcnet: 1 pinned threads; allocated CPUs 82
rank 2663 on c313.nibi.sharcnet: 1 pinned threads; allocated CPUs 167
rank 810 on c106.nibi.sharcnet: 1 pinned threads; allocated CPUs 42
rank 2431 on c312.nibi.sharcnet: 1 pinned threads; allocated CPUs 127
rank 1080 on c147.nibi.sharcnet: 1 pinned threads; allocated CPUs 120
rank 1261 on c152.nibi.sharcnet: 1 pinned threads; allocated CPUs 109
rank 1460 on c258.nibi.sharcnet: 1 pinned threads; allocated CPUs 116
rank 2664 on c313.nibi.sharcnet: 1 pinned threads; allocated CPUs 168
rank 1833 on c288.nibi.sharcnet: 1 pinned threads; allocated CPUs 105
rank 530 on c95.nibi.sharcnet: 1 pinned threads; allocated CPUs 146
rank 811 on c106.nibi.sharcnet: 1 pinned threads; allocated CPUs 43
rank 1081 on c147.nibi.sharcnet: 1 pinned threads; allocated CPUs 121
rank 1461 on c258.nibi.sharcnet: 1 pinned threads; allocated CPUs 117
rank 120 on c93.nibi.sharcnet: 1 pinned threads; allocated CPUs 120
rank 2793 on c314.nibi.sharcnet: 1 pinned threads; allocated CPUs 105
rank 815 on c106.nibi.sharcnet: 1 pinned threads; allocated CPUs 47
rank 2432 on c312.nibi.sharcnet: 1 pinned threads; allocated CPUs 128
rank 2063 on c289.nibi.sharcnet: 1 pinned threads; allocated CPUs 143
rank 1082 on c147.nibi.sharcnet: 1 pinned threads; allocated CPUs 122
rank 1262 on c152.nibi.sharcnet: 1 pinned threads; allocated CPUs 110
rank 1462 on c258.nibi.sharcnet: 1 pinned threads; allocated CPUs 118
rank 2665 on c313.nibi.sharcnet: 1 pinned threads; allocated CPUs 169
rank 3063 on c315.nibi.sharcnet: 1 pinned threads; allocated CPUs 183
rank 2794 on c314.nibi.sharcnet: 1 pinned threads; allocated CPUs 106
rank 1834 on c288.nibi.sharcnet: 1 pinned threads; allocated CPUs 106
rank 531 on c95.nibi.sharcnet: 1 pinned threads; allocated CPUs 147
rank 824 on c106.nibi.sharcnet: 1 pinned threads; allocated CPUs 56
rank 2433 on c312.nibi.sharcnet: 1 pinned threads; allocated CPUs 129
rank 2064 on c289.nibi.sharcnet: 1 pinned threads; allocated CPUs 144
rank 1263 on c152.nibi.sharcnet: 1 pinned threads; allocated CPUs 111
rank 1463 on c258.nibi.sharcnet: 1 pinned threads; allocated CPUs 119
rank 659 on c105.nibi.sharcnet: 1 pinned threads; allocated CPUs 83
rank 121 on c93.nibi.sharcnet: 1 pinned threads; allocated CPUs 121
rank 2667 on c313.nibi.sharcnet: 1 pinned threads; allocated CPUs 171
rank 3064 on c315.nibi.sharcnet: 1 pinned threads; allocated CPUs 184
rank 2795 on c314.nibi.sharcnet: 1 pinned threads; allocated CPUs 107
rank 1835 on c288.nibi.sharcnet: 1 pinned threads; allocated CPUs 107
rank 532 on c95.nibi.sharcnet: 1 pinned threads; allocated CPUs 148
rank 830 on c106.nibi.sharcnet: 1 pinned threads; allocated CPUs 62
rank 1264 on c152.nibi.sharcnet: 1 pinned threads; allocated CPUs 112
rank 660 on c105.nibi.sharcnet: 1 pinned threads; allocated CPUs 84
rank 122 on c93.nibi.sharcnet: 1 pinned threads; allocated CPUs 122
rank 3067 on c315.nibi.sharcnet: 1 pinned threads; allocated CPUs 187
rank 1836 on c288.nibi.sharcnet: 1 pinned threads; allocated CPUs 108
rank 2434 on c312.nibi.sharcnet: 1 pinned threads; allocated CPUs 130
rank 2065 on c289.nibi.sharcnet: 1 pinned threads; allocated CPUs 145
rank 1083 on c147.nibi.sharcnet: 1 pinned threads; allocated CPUs 123
rank 1265 on c152.nibi.sharcnet: 1 pinned threads; allocated CPUs 113
rank 1464 on c258.nibi.sharcnet: 1 pinned threads; allocated CPUs 120
rank 661 on c105.nibi.sharcnet: 1 pinned threads; allocated CPUs 85
rank 2668 on c313.nibi.sharcnet: 1 pinned threads; allocated CPUs 172
rank 533 on c95.nibi.sharcnet: 1 pinned threads; allocated CPUs 149
rank 840 on c106.nibi.sharcnet: 1 pinned threads; allocated CPUs 72
rank 2435 on c312.nibi.sharcnet: 1 pinned threads; allocated CPUs 131
rank 2066 on c289.nibi.sharcnet: 1 pinned threads; allocated CPUs 146
rank 1085 on c147.nibi.sharcnet: 1 pinned threads; allocated CPUs 125
rank 662 on c105.nibi.sharcnet: 1 pinned threads; allocated CPUs 86
rank 123 on c93.nibi.sharcnet: 1 pinned threads; allocated CPUs 123
rank 2669 on c313.nibi.sharcnet: 1 pinned threads; allocated CPUs 173
rank 534 on c95.nibi.sharcnet: 1 pinned threads; allocated CPUs 150
rank 1086 on c147.nibi.sharcnet: 1 pinned threads; allocated CPUs 126
rank 2796 on c314.nibi.sharcnet: 1 pinned threads; allocated CPUs 108
rank 1087 on c147.nibi.sharcnet: 1 pinned threads; allocated CPUs 127
rank 1266 on c152.nibi.sharcnet: 1 pinned threads; allocated CPUs 114
rank 1465 on c258.nibi.sharcnet: 1 pinned threads; allocated CPUs 121
rank 663 on c105.nibi.sharcnet: 1 pinned threads; allocated CPUs 87
rank 124 on c93.nibi.sharcnet: 1 pinned threads; allocated CPUs 124
rank 2670 on c313.nibi.sharcnet: 1 pinned threads; allocated CPUs 174
rank 3068 on c315.nibi.sharcnet: 1 pinned threads; allocated CPUs 188
rank 2797 on c314.nibi.sharcnet: 1 pinned threads; allocated CPUs 109
rank 1837 on c288.nibi.sharcnet: 1 pinned threads; allocated CPUs 109
rank 841 on c106.nibi.sharcnet: 1 pinned threads; allocated CPUs 73
rank 664 on c105.nibi.sharcnet: 1 pinned threads; allocated CPUs 88
rank 3070 on c315.nibi.sharcnet: 1 pinned threads; allocated CPUs 190
rank 2798 on c314.nibi.sharcnet: 1 pinned threads; allocated CPUs 110
rank 1838 on c288.nibi.sharcnet: 1 pinned threads; allocated CPUs 110
rank 854 on c106.nibi.sharcnet: 1 pinned threads; allocated CPUs 86
rank 125 on c93.nibi.sharcnet: 1 pinned threads; allocated CPUs 125
rank 3071 on c315.nibi.sharcnet: 1 pinned threads; allocated CPUs 191
rank 2436 on c312.nibi.sharcnet: 1 pinned threads; allocated CPUs 132
rank 2671 on c313.nibi.sharcnet: 1 pinned threads; allocated CPUs 175
rank 2882 on c315.nibi.sharcnet: 1 pinned threads; allocated CPUs 2
rank 1839 on c288.nibi.sharcnet: 1 pinned threads; allocated CPUs 111
rank 535 on c95.nibi.sharcnet: 1 pinned threads; allocated CPUs 151
rank 2437 on c312.nibi.sharcnet: 1 pinned threads; allocated CPUs 133
rank 2067 on c289.nibi.sharcnet: 1 pinned threads; allocated CPUs 147
rank 1088 on c147.nibi.sharcnet: 1 pinned threads; allocated CPUs 128
rank 1267 on c152.nibi.sharcnet: 1 pinned threads; allocated CPUs 115
rank 1466 on c258.nibi.sharcnet: 1 pinned threads; allocated CPUs 122
rank 665 on c105.nibi.sharcnet: 1 pinned threads; allocated CPUs 89
rank 2672 on c313.nibi.sharcnet: 1 pinned threads; allocated CPUs 176
rank 536 on c95.nibi.sharcnet: 1 pinned threads; allocated CPUs 152
rank 856 on c106.nibi.sharcnet: 1 pinned threads; allocated CPUs 88
rank 2438 on c312.nibi.sharcnet: 1 pinned threads; allocated CPUs 134
rank 2068 on c289.nibi.sharcnet: 1 pinned threads; allocated CPUs 148
rank 1089 on c147.nibi.sharcnet: 1 pinned threads; allocated CPUs 129
rank 1268 on c152.nibi.sharcnet: 1 pinned threads; allocated CPUs 116
rank 1467 on c258.nibi.sharcnet: 1 pinned threads; allocated CPUs 123
rank 666 on c105.nibi.sharcnet: 1 pinned threads; allocated CPUs 90
rank 126 on c93.nibi.sharcnet: 1 pinned threads; allocated CPUs 126
rank 537 on c95.nibi.sharcnet: 1 pinned threads; allocated CPUs 153
rank 857 on c106.nibi.sharcnet: 1 pinned threads; allocated CPUs 89
rank 2069 on c289.nibi.sharcnet: 1 pinned threads; allocated CPUs 149
rank 1090 on c147.nibi.sharcnet: 1 pinned threads; allocated CPUs 130
rank 1468 on c258.nibi.sharcnet: 1 pinned threads; allocated CPUs 124
rank 127 on c93.nibi.sharcnet: 1 pinned threads; allocated CPUs 127
rank 2799 on c314.nibi.sharcnet: 1 pinned threads; allocated CPUs 111
rank 861 on c106.nibi.sharcnet: 1 pinned threads; allocated CPUs 93
rank 2439 on c312.nibi.sharcnet: 1 pinned threads; allocated CPUs 135
rank 1091 on c147.nibi.sharcnet: 1 pinned threads; allocated CPUs 131
rank 1269 on c152.nibi.sharcnet: 1 pinned threads; allocated CPUs 117
rank 667 on c105.nibi.sharcnet: 1 pinned threads; allocated CPUs 91
rank 2673 on c313.nibi.sharcnet: 1 pinned threads; allocated CPUs 177
rank 2884 on c315.nibi.sharcnet: 1 pinned threads; allocated CPUs 4
rank 2800 on c314.nibi.sharcnet: 1 pinned threads; allocated CPUs 112
rank 1840 on c288.nibi.sharcnet: 1 pinned threads; allocated CPUs 112
rank 2440 on c312.nibi.sharcnet: 1 pinned threads; allocated CPUs 136
rank 1092 on c147.nibi.sharcnet: 1 pinned threads; allocated CPUs 132
rank 668 on c105.nibi.sharcnet: 1 pinned threads; allocated CPUs 92
rank 128 on c93.nibi.sharcnet: 1 pinned threads; allocated CPUs 128
rank 2674 on c313.nibi.sharcnet: 1 pinned threads; allocated CPUs 178
rank 2888 on c315.nibi.sharcnet: 1 pinned threads; allocated CPUs 8
rank 2801 on c314.nibi.sharcnet: 1 pinned threads; allocated CPUs 113
rank 1841 on c288.nibi.sharcnet: 1 pinned threads; allocated CPUs 113
rank 2441 on c312.nibi.sharcnet: 1 pinned threads; allocated CPUs 137
rank 1270 on c152.nibi.sharcnet: 1 pinned threads; allocated CPUs 118
rank 1469 on c258.nibi.sharcnet: 1 pinned threads; allocated CPUs 125
rank 669 on c105.nibi.sharcnet: 1 pinned threads; allocated CPUs 93
rank 2890 on c315.nibi.sharcnet: 1 pinned threads; allocated CPUs 10
rank 2802 on c314.nibi.sharcnet: 1 pinned threads; allocated CPUs 114
rank 538 on c95.nibi.sharcnet: 1 pinned threads; allocated CPUs 154
rank 862 on c106.nibi.sharcnet: 1 pinned threads; allocated CPUs 94
rank 1271 on c152.nibi.sharcnet: 1 pinned threads; allocated CPUs 119
rank 1470 on c258.nibi.sharcnet: 1 pinned threads; allocated CPUs 126
rank 129 on c93.nibi.sharcnet: 1 pinned threads; allocated CPUs 129
rank 2803 on c314.nibi.sharcnet: 1 pinned threads; allocated CPUs 115
rank 539 on c95.nibi.sharcnet: 1 pinned threads; allocated CPUs 155
rank 932 on c106.nibi.sharcnet: 1 pinned threads; allocated CPUs 164
rank 2804 on c314.nibi.sharcnet: 1 pinned threads; allocated CPUs 116
rank 540 on c95.nibi.sharcnet: 1 pinned threads; allocated CPUs 156
rank 2070 on c289.nibi.sharcnet: 1 pinned threads; allocated CPUs 150
rank 1471 on c258.nibi.sharcnet: 1 pinned threads; allocated CPUs 127
rank 2442 on c312.nibi.sharcnet: 1 pinned threads; allocated CPUs 138
rank 2071 on c289.nibi.sharcnet: 1 pinned threads; allocated CPUs 151
rank 1093 on c147.nibi.sharcnet: 1 pinned threads; allocated CPUs 133
rank 1272 on c152.nibi.sharcnet: 1 pinned threads; allocated CPUs 120
rank 1472 on c258.nibi.sharcnet: 1 pinned threads; allocated CPUs 128
rank 670 on c105.nibi.sharcnet: 1 pinned threads; allocated CPUs 94
rank 130 on c93.nibi.sharcnet: 1 pinned threads; allocated CPUs 130
rank 2895 on c315.nibi.sharcnet: 1 pinned threads; allocated CPUs 15
rank 1842 on c288.nibi.sharcnet: 1 pinned threads; allocated CPUs 114
rank 2443 on c312.nibi.sharcnet: 1 pinned threads; allocated CPUs 139
rank 2072 on c289.nibi.sharcnet: 1 pinned threads; allocated CPUs 152
rank 1568 on c272.nibi.sharcnet: 1 pinned threads; allocated CPUs 32
rank 1094 on c147.nibi.sharcnet: 1 pinned threads; allocated CPUs 134
rank 1273 on c152.nibi.sharcnet: 1 pinned threads; allocated CPUs 121
rank 671 on c105.nibi.sharcnet: 1 pinned threads; allocated CPUs 95
rank 2675 on c313.nibi.sharcnet: 1 pinned threads; allocated CPUs 179
rank 2903 on c315.nibi.sharcnet: 1 pinned threads; allocated CPUs 23
rank 1843 on c288.nibi.sharcnet: 1 pinned threads; allocated CPUs 115
rank 541 on c95.nibi.sharcnet: 1 pinned threads; allocated CPUs 157
rank 2073 on c289.nibi.sharcnet: 1 pinned threads; allocated CPUs 153
rank 131 on c93.nibi.sharcnet: 1 pinned threads; allocated CPUs 131
rank 2677 on c313.nibi.sharcnet: 1 pinned threads; allocated CPUs 181
rank 2951 on c315.nibi.sharcnet: 1 pinned threads; allocated CPUs 71
rank 2805 on c314.nibi.sharcnet: 1 pinned threads; allocated CPUs 117
rank 1844 on c288.nibi.sharcnet: 1 pinned threads; allocated CPUs 116
rank 542 on c95.nibi.sharcnet: 1 pinned threads; allocated CPUs 158
rank 2074 on c289.nibi.sharcnet: 1 pinned threads; allocated CPUs 154
rank 2679 on c313.nibi.sharcnet: 1 pinned threads; allocated CPUs 183
rank 2806 on c314.nibi.sharcnet: 1 pinned threads; allocated CPUs 118
rank 2444 on c312.nibi.sharcnet: 1 pinned threads; allocated CPUs 140
rank 2075 on c289.nibi.sharcnet: 1 pinned threads; allocated CPUs 155
rank 1578 on c272.nibi.sharcnet: 1 pinned threads; allocated CPUs 42
rank 1095 on c147.nibi.sharcnet: 1 pinned threads; allocated CPUs 135
rank 1274 on c152.nibi.sharcnet: 1 pinned threads; allocated CPUs 122
rank 1473 on c258.nibi.sharcnet: 1 pinned threads; allocated CPUs 129
rank 132 on c93.nibi.sharcnet: 1 pinned threads; allocated CPUs 132
rank 2680 on c313.nibi.sharcnet: 1 pinned threads; allocated CPUs 184
rank 2980 on c315.nibi.sharcnet: 1 pinned threads; allocated CPUs 100
rank 1096 on c147.nibi.sharcnet: 1 pinned threads; allocated CPUs 136
rank 1275 on c152.nibi.sharcnet: 1 pinned threads; allocated CPUs 123
rank 1474 on c258.nibi.sharcnet: 1 pinned threads; allocated CPUs 130
rank 2681 on c313.nibi.sharcnet: 1 pinned threads; allocated CPUs 185
rank 2807 on c314.nibi.sharcnet: 1 pinned threads; allocated CPUs 119
rank 1097 on c147.nibi.sharcnet: 1 pinned threads; allocated CPUs 137
rank 133 on c93.nibi.sharcnet: 1 pinned threads; allocated CPUs 133
rank 2808 on c314.nibi.sharcnet: 1 pinned threads; allocated CPUs 120
rank 2445 on c312.nibi.sharcnet: 1 pinned threads; allocated CPUs 141
rank 2076 on c289.nibi.sharcnet: 1 pinned threads; allocated CPUs 156
rank 1646 on c272.nibi.sharcnet: 1 pinned threads; allocated CPUs 110
rank 1098 on c147.nibi.sharcnet: 1 pinned threads; allocated CPUs 138
rank 672 on c105.nibi.sharcnet: 1 pinned threads; allocated CPUs 96
rank 2682 on c313.nibi.sharcnet: 1 pinned threads; allocated CPUs 186
rank 3043 on c315.nibi.sharcnet: 1 pinned threads; allocated CPUs 163
rank 1845 on c288.nibi.sharcnet: 1 pinned threads; allocated CPUs 117
rank 543 on c95.nibi.sharcnet: 1 pinned threads; allocated CPUs 159
rank 2077 on c289.nibi.sharcnet: 1 pinned threads; allocated CPUs 157
rank 673 on c105.nibi.sharcnet: 1 pinned threads; allocated CPUs 97
rank 134 on c93.nibi.sharcnet: 1 pinned threads; allocated CPUs 134
rank 3048 on c315.nibi.sharcnet: 1 pinned threads; allocated CPUs 168
rank 1846 on c288.nibi.sharcnet: 1 pinned threads; allocated CPUs 118
rank 544 on c95.nibi.sharcnet: 1 pinned threads; allocated CPUs 160
rank 674 on c105.nibi.sharcnet: 1 pinned threads; allocated CPUs 98
rank 1847 on c288.nibi.sharcnet: 1 pinned threads; allocated CPUs 119
rank 545 on c95.nibi.sharcnet: 1 pinned threads; allocated CPUs 161
rank 2446 on c312.nibi.sharcnet: 1 pinned threads; allocated CPUs 142
rank 2078 on c289.nibi.sharcnet: 1 pinned threads; allocated CPUs 158
rank 1652 on c272.nibi.sharcnet: 1 pinned threads; allocated CPUs 116
rank 1099 on c147.nibi.sharcnet: 1 pinned threads; allocated CPUs 139
rank 1276 on c152.nibi.sharcnet: 1 pinned threads; allocated CPUs 124
rank 1475 on c258.nibi.sharcnet: 1 pinned threads; allocated CPUs 131
rank 2683 on c313.nibi.sharcnet: 1 pinned threads; allocated CPUs 187
rank 2809 on c314.nibi.sharcnet: 1 pinned threads; allocated CPUs 121
rank 1848 on c288.nibi.sharcnet: 1 pinned threads; allocated CPUs 120
rank 546 on c95.nibi.sharcnet: 1 pinned threads; allocated CPUs 162
rank 2447 on c312.nibi.sharcnet: 1 pinned threads; allocated CPUs 143
rank 2079 on c289.nibi.sharcnet: 1 pinned threads; allocated CPUs 159
rank 1659 on c272.nibi.sharcnet: 1 pinned threads; allocated CPUs 123
rank 1100 on c147.nibi.sharcnet: 1 pinned threads; allocated CPUs 140
rank 1277 on c152.nibi.sharcnet: 1 pinned threads; allocated CPUs 125
rank 1476 on c258.nibi.sharcnet: 1 pinned threads; allocated CPUs 132
rank 135 on c93.nibi.sharcnet: 1 pinned threads; allocated CPUs 135
rank 547 on c95.nibi.sharcnet: 1 pinned threads; allocated CPUs 163
rank 2448 on c312.nibi.sharcnet: 1 pinned threads; allocated CPUs 144
rank 1278 on c152.nibi.sharcnet: 1 pinned threads; allocated CPUs 126
rank 1477 on c258.nibi.sharcnet: 1 pinned threads; allocated CPUs 133
rank 136 on c93.nibi.sharcnet: 1 pinned threads; allocated CPUs 136
rank 2449 on c312.nibi.sharcnet: 1 pinned threads; allocated CPUs 145
rank 1279 on c152.nibi.sharcnet: 1 pinned threads; allocated CPUs 127
rank 1478 on c258.nibi.sharcnet: 1 pinned threads; allocated CPUs 134
rank 3049 on c315.nibi.sharcnet: 1 pinned threads; allocated CPUs 169
rank 2810 on c314.nibi.sharcnet: 1 pinned threads; allocated CPUs 122
rank 1849 on c288.nibi.sharcnet: 1 pinned threads; allocated CPUs 121
rank 2450 on c312.nibi.sharcnet: 1 pinned threads; allocated CPUs 146
rank 2081 on c289.nibi.sharcnet: 1 pinned threads; allocated CPUs 161
rank 1101 on c147.nibi.sharcnet: 1 pinned threads; allocated CPUs 141
rank 675 on c105.nibi.sharcnet: 1 pinned threads; allocated CPUs 99
rank 3062 on c315.nibi.sharcnet: 1 pinned threads; allocated CPUs 182
rank 2811 on c314.nibi.sharcnet: 1 pinned threads; allocated CPUs 123
rank 1850 on c288.nibi.sharcnet: 1 pinned threads; allocated CPUs 122
rank 676 on c105.nibi.sharcnet: 1 pinned threads; allocated CPUs 100
rank 137 on c93.nibi.sharcnet: 1 pinned threads; allocated CPUs 137
rank 3047 on c315.nibi.sharcnet: 1 pinned threads; allocated CPUs 167
rank 1851 on c288.nibi.sharcnet: 1 pinned threads; allocated CPUs 123
rank 677 on c105.nibi.sharcnet: 1 pinned threads; allocated CPUs 101
rank 678 on c105.nibi.sharcnet: 1 pinned threads; allocated CPUs 102
rank 2451 on c312.nibi.sharcnet: 1 pinned threads; allocated CPUs 147
rank 2082 on c289.nibi.sharcnet: 1 pinned threads; allocated CPUs 162
rank 1593 on c272.nibi.sharcnet: 1 pinned threads; allocated CPUs 57
rank 1102 on c147.nibi.sharcnet: 1 pinned threads; allocated CPUs 142
rank 1280 on c152.nibi.sharcnet: 1 pinned threads; allocated CPUs 128
rank 1479 on c258.nibi.sharcnet: 1 pinned threads; allocated CPUs 135
rank 138 on c93.nibi.sharcnet: 1 pinned threads; allocated CPUs 138
rank 2684 on c313.nibi.sharcnet: 1 pinned threads; allocated CPUs 188
rank 2812 on c314.nibi.sharcnet: 1 pinned threads; allocated CPUs 124
rank 548 on c95.nibi.sharcnet: 1 pinned threads; allocated CPUs 164
rank 2083 on c289.nibi.sharcnet: 1 pinned threads; allocated CPUs 163
rank 1605 on c272.nibi.sharcnet: 1 pinned threads; allocated CPUs 69
rank 1103 on c147.nibi.sharcnet: 1 pinned threads; allocated CPUs 143
rank 1281 on c152.nibi.sharcnet: 1 pinned threads; allocated CPUs 129
rank 1480 on c258.nibi.sharcnet: 1 pinned threads; allocated CPUs 136
rank 2685 on c313.nibi.sharcnet: 1 pinned threads; allocated CPUs 189
rank 549 on c95.nibi.sharcnet: 1 pinned threads; allocated CPUs 165
rank 1481 on c258.nibi.sharcnet: 1 pinned threads; allocated CPUs 137
rank 139 on c93.nibi.sharcnet: 1 pinned threads; allocated CPUs 139
rank 2686 on c313.nibi.sharcnet: 1 pinned threads; allocated CPUs 190
rank 2452 on c312.nibi.sharcnet: 1 pinned threads; allocated CPUs 148
rank 2084 on c289.nibi.sharcnet: 1 pinned threads; allocated CPUs 164
rank 1608 on c272.nibi.sharcnet: 1 pinned threads; allocated CPUs 72
rank 1104 on c147.nibi.sharcnet: 1 pinned threads; allocated CPUs 144
rank 1282 on c152.nibi.sharcnet: 1 pinned threads; allocated CPUs 130
rank 1482 on c258.nibi.sharcnet: 1 pinned threads; allocated CPUs 138
rank 679 on c105.nibi.sharcnet: 1 pinned threads; allocated CPUs 103
rank 2508 on c313.nibi.sharcnet: 1 pinned threads; allocated CPUs 12
rank 3018 on c315.nibi.sharcnet: 1 pinned threads; allocated CPUs 138
rank 2813 on c314.nibi.sharcnet: 1 pinned threads; allocated CPUs 125
rank 1852 on c288.nibi.sharcnet: 1 pinned threads; allocated CPUs 124
rank 550 on c95.nibi.sharcnet: 1 pinned threads; allocated CPUs 166
rank 2453 on c312.nibi.sharcnet: 1 pinned threads; allocated CPUs 149
rank 1612 on c272.nibi.sharcnet: 1 pinned threads; allocated CPUs 76
rank 680 on c105.nibi.sharcnet: 1 pinned threads; allocated CPUs 104
rank 140 on c93.nibi.sharcnet: 1 pinned threads; allocated CPUs 140
rank 2891 on c315.nibi.sharcnet: 1 pinned threads; allocated CPUs 11
rank 2814 on c314.nibi.sharcnet: 1 pinned threads; allocated CPUs 126
rank 1853 on c288.nibi.sharcnet: 1 pinned threads; allocated CPUs 125
rank 551 on c95.nibi.sharcnet: 1 pinned threads; allocated CPUs 167
rank 1688 on c272.nibi.sharcnet: 1 pinned threads; allocated CPUs 152
rank 681 on c105.nibi.sharcnet: 1 pinned threads; allocated CPUs 105
rank 2976 on c315.nibi.sharcnet: 1 pinned threads; allocated CPUs 96
rank 1854 on c288.nibi.sharcnet: 1 pinned threads; allocated CPUs 126
rank 552 on c95.nibi.sharcnet: 1 pinned threads; allocated CPUs 168
rank 2454 on c312.nibi.sharcnet: 1 pinned threads; allocated CPUs 150
rank 2085 on c289.nibi.sharcnet: 1 pinned threads; allocated CPUs 165
rank 1698 on c272.nibi.sharcnet: 1 pinned threads; allocated CPUs 162
rank 1105 on c147.nibi.sharcnet: 1 pinned threads; allocated CPUs 145
rank 1283 on c152.nibi.sharcnet: 1 pinned threads; allocated CPUs 131
rank 1483 on c258.nibi.sharcnet: 1 pinned threads; allocated CPUs 139
rank 682 on c105.nibi.sharcnet: 1 pinned threads; allocated CPUs 106
rank 141 on c93.nibi.sharcnet: 1 pinned threads; allocated CPUs 141
rank 2562 on c313.nibi.sharcnet: 1 pinned threads; allocated CPUs 66
rank 3060 on c315.nibi.sharcnet: 1 pinned threads; allocated CPUs 180
rank 2815 on c314.nibi.sharcnet: 1 pinned threads; allocated CPUs 127
rank 553 on c95.nibi.sharcnet: 1 pinned threads; allocated CPUs 169
rank 2086 on c289.nibi.sharcnet: 1 pinned threads; allocated CPUs 166
rank 1106 on c147.nibi.sharcnet: 1 pinned threads; allocated CPUs 146
rank 1284 on c152.nibi.sharcnet: 1 pinned threads; allocated CPUs 132
rank 1484 on c258.nibi.sharcnet: 1 pinned threads; allocated CPUs 140
rank 142 on c93.nibi.sharcnet: 1 pinned threads; allocated CPUs 142
rank 2564 on c313.nibi.sharcnet: 1 pinned threads; allocated CPUs 68
rank 2816 on c314.nibi.sharcnet: 1 pinned threads; allocated CPUs 128
rank 2817 on c314.nibi.sharcnet: 1 pinned threads; allocated CPUs 129
rank 2455 on c312.nibi.sharcnet: 1 pinned threads; allocated CPUs 151
rank 1107 on c147.nibi.sharcnet: 1 pinned threads; allocated CPUs 147
rank 683 on c105.nibi.sharcnet: 1 pinned threads; allocated CPUs 107
rank 143 on c93.nibi.sharcnet: 1 pinned threads; allocated CPUs 143
rank 2569 on c313.nibi.sharcnet: 1 pinned threads; allocated CPUs 73
rank 1855 on c288.nibi.sharcnet: 1 pinned threads; allocated CPUs 127
rank 554 on c95.nibi.sharcnet: 1 pinned threads; allocated CPUs 170
rank 2456 on c312.nibi.sharcnet: 1 pinned threads; allocated CPUs 152
rank 2087 on c289.nibi.sharcnet: 1 pinned threads; allocated CPUs 167
rank 1712 on c272.nibi.sharcnet: 1 pinned threads; allocated CPUs 176
rank 1285 on c152.nibi.sharcnet: 1 pinned threads; allocated CPUs 133
rank 1856 on c288.nibi.sharcnet: 1 pinned threads; allocated CPUs 128
rank 555 on c95.nibi.sharcnet: 1 pinned threads; allocated CPUs 171
rank 2088 on c289.nibi.sharcnet: 1 pinned threads; allocated CPUs 168
rank 1552 on c272.nibi.sharcnet: 1 pinned threads; allocated CPUs 16
rank 1286 on c152.nibi.sharcnet: 1 pinned threads; allocated CPUs 134
rank 144 on c93.nibi.sharcnet: 1 pinned threads; allocated CPUs 144
rank 1857 on c288.nibi.sharcnet: 1 pinned threads; allocated CPUs 129
rank 2457 on c312.nibi.sharcnet: 1 pinned threads; allocated CPUs 153
rank 2089 on c289.nibi.sharcnet: 1 pinned threads; allocated CPUs 169
rank 1616 on c272.nibi.sharcnet: 1 pinned threads; allocated CPUs 80
rank 1108 on c147.nibi.sharcnet: 1 pinned threads; allocated CPUs 148
rank 1287 on c152.nibi.sharcnet: 1 pinned threads; allocated CPUs 135
rank 1485 on c258.nibi.sharcnet: 1 pinned threads; allocated CPUs 141
rank 684 on c105.nibi.sharcnet: 1 pinned threads; allocated CPUs 108
rank 2571 on c313.nibi.sharcnet: 1 pinned threads; allocated CPUs 75
rank 2818 on c314.nibi.sharcnet: 1 pinned threads; allocated CPUs 130
rank 1858 on c288.nibi.sharcnet: 1 pinned threads; allocated CPUs 130
rank 2090 on c289.nibi.sharcnet: 1 pinned threads; allocated CPUs 170
rank 1109 on c147.nibi.sharcnet: 1 pinned threads; allocated CPUs 149
rank 1486 on c258.nibi.sharcnet: 1 pinned threads; allocated CPUs 142
rank 685 on c105.nibi.sharcnet: 1 pinned threads; allocated CPUs 109
rank 145 on c93.nibi.sharcnet: 1 pinned threads; allocated CPUs 145
rank 2572 on c313.nibi.sharcnet: 1 pinned threads; allocated CPUs 76
rank 2819 on c314.nibi.sharcnet: 1 pinned threads; allocated CPUs 131
rank 1487 on c258.nibi.sharcnet: 1 pinned threads; allocated CPUs 143
rank 686 on c105.nibi.sharcnet: 1 pinned threads; allocated CPUs 110
rank 2582 on c313.nibi.sharcnet: 1 pinned threads; allocated CPUs 86
rank 1488 on c258.nibi.sharcnet: 1 pinned threads; allocated CPUs 144
rank 2615 on c313.nibi.sharcnet: 1 pinned threads; allocated CPUs 119
rank 146 on c93.nibi.sharcnet: 1 pinned threads; allocated CPUs 146
rank 2458 on c312.nibi.sharcnet: 1 pinned threads; allocated CPUs 154
rank 1685 on c272.nibi.sharcnet: 1 pinned threads; allocated CPUs 149
rank 687 on c105.nibi.sharcnet: 1 pinned threads; allocated CPUs 111
rank 1859 on c288.nibi.sharcnet: 1 pinned threads; allocated CPUs 131
rank 556 on c95.nibi.sharcnet: 1 pinned threads; allocated CPUs 172
rank 2459 on c312.nibi.sharcnet: 1 pinned threads; allocated CPUs 155
rank 1860 on c288.nibi.sharcnet: 1 pinned threads; allocated CPUs 132
rank 557 on c95.nibi.sharcnet: 1 pinned threads; allocated CPUs 173
rank 2460 on c312.nibi.sharcnet: 1 pinned threads; allocated CPUs 156
rank 558 on c95.nibi.sharcnet: 1 pinned threads; allocated CPUs 174
rank 147 on c93.nibi.sharcnet: 1 pinned threads; allocated CPUs 147
rank 2820 on c314.nibi.sharcnet: 1 pinned threads; allocated CPUs 132
rank 2091 on c289.nibi.sharcnet: 1 pinned threads; allocated CPUs 171
rank 1540 on c272.nibi.sharcnet: 1 pinned threads; allocated CPUs 4
rank 1110 on c147.nibi.sharcnet: 1 pinned threads; allocated CPUs 150
rank 1288 on c152.nibi.sharcnet: 1 pinned threads; allocated CPUs 136
rank 1489 on c258.nibi.sharcnet: 1 pinned threads; allocated CPUs 145
rank 688 on c105.nibi.sharcnet: 1 pinned threads; allocated CPUs 112
rank 2643 on c313.nibi.sharcnet: 1 pinned threads; allocated CPUs 147
rank 2821 on c314.nibi.sharcnet: 1 pinned threads; allocated CPUs 133
rank 2092 on c289.nibi.sharcnet: 1 pinned threads; allocated CPUs 172
rank 1545 on c272.nibi.sharcnet: 1 pinned threads; allocated CPUs 9
rank 1111 on c147.nibi.sharcnet: 1 pinned threads; allocated CPUs 151
rank 1289 on c152.nibi.sharcnet: 1 pinned threads; allocated CPUs 137
rank 1490 on c258.nibi.sharcnet: 1 pinned threads; allocated CPUs 146
rank 689 on c105.nibi.sharcnet: 1 pinned threads; allocated CPUs 113
rank 148 on c93.nibi.sharcnet: 1 pinned threads; allocated CPUs 148
rank 2659 on c313.nibi.sharcnet: 1 pinned threads; allocated CPUs 163
rank 2822 on c314.nibi.sharcnet: 1 pinned threads; allocated CPUs 134
rank 1112 on c147.nibi.sharcnet: 1 pinned threads; allocated CPUs 152
rank 1290 on c152.nibi.sharcnet: 1 pinned threads; allocated CPUs 138
rank 1491 on c258.nibi.sharcnet: 1 pinned threads; allocated CPUs 147
rank 1291 on c152.nibi.sharcnet: 1 pinned threads; allocated CPUs 139
rank 149 on c93.nibi.sharcnet: 1 pinned threads; allocated CPUs 149
rank 2461 on c312.nibi.sharcnet: 1 pinned threads; allocated CPUs 157
rank 2093 on c289.nibi.sharcnet: 1 pinned threads; allocated CPUs 173
rank 1601 on c272.nibi.sharcnet: 1 pinned threads; allocated CPUs 65
rank 1292 on c152.nibi.sharcnet: 1 pinned threads; allocated CPUs 140
rank 1492 on c258.nibi.sharcnet: 1 pinned threads; allocated CPUs 148
rank 690 on c105.nibi.sharcnet: 1 pinned threads; allocated CPUs 114
rank 2676 on c313.nibi.sharcnet: 1 pinned threads; allocated CPUs 180
rank 1861 on c288.nibi.sharcnet: 1 pinned threads; allocated CPUs 133
rank 559 on c95.nibi.sharcnet: 1 pinned threads; allocated CPUs 175
rank 2462 on c312.nibi.sharcnet: 1 pinned threads; allocated CPUs 158
rank 2094 on c289.nibi.sharcnet: 1 pinned threads; allocated CPUs 174
rank 1617 on c272.nibi.sharcnet: 1 pinned threads; allocated CPUs 81
rank 1293 on c152.nibi.sharcnet: 1 pinned threads; allocated CPUs 141
rank 1493 on c258.nibi.sharcnet: 1 pinned threads; allocated CPUs 149
rank 691 on c105.nibi.sharcnet: 1 pinned threads; allocated CPUs 115
rank 2687 on c313.nibi.sharcnet: 1 pinned threads; allocated CPUs 191
rank 1862 on c288.nibi.sharcnet: 1 pinned threads; allocated CPUs 134
rank 561 on c95.nibi.sharcnet: 1 pinned threads; allocated CPUs 177
rank 2463 on c312.nibi.sharcnet: 1 pinned threads; allocated CPUs 159
rank 2095 on c289.nibi.sharcnet: 1 pinned threads; allocated CPUs 175
rank 1692 on c272.nibi.sharcnet: 1 pinned threads; allocated CPUs 156
rank 150 on c93.nibi.sharcnet: 1 pinned threads; allocated CPUs 150
rank 2502 on c313.nibi.sharcnet: 1 pinned threads; allocated CPUs 6
rank 2823 on c314.nibi.sharcnet: 1 pinned threads; allocated CPUs 135
rank 1863 on c288.nibi.sharcnet: 1 pinned threads; allocated CPUs 135
rank 562 on c95.nibi.sharcnet: 1 pinned threads; allocated CPUs 178
rank 2824 on c314.nibi.sharcnet: 1 pinned threads; allocated CPUs 136
rank 563 on c95.nibi.sharcnet: 1 pinned threads; allocated CPUs 179
rank 2464 on c312.nibi.sharcnet: 1 pinned threads; allocated CPUs 160
rank 1113 on c147.nibi.sharcnet: 1 pinned threads; allocated CPUs 153
rank 1294 on c152.nibi.sharcnet: 1 pinned threads; allocated CPUs 142
rank 1494 on c258.nibi.sharcnet: 1 pinned threads; allocated CPUs 150
rank 692 on c105.nibi.sharcnet: 1 pinned threads; allocated CPUs 116
rank 151 on c93.nibi.sharcnet: 1 pinned threads; allocated CPUs 151
rank 2825 on c314.nibi.sharcnet: 1 pinned threads; allocated CPUs 137
rank 564 on c95.nibi.sharcnet: 1 pinned threads; allocated CPUs 180
rank 2465 on c312.nibi.sharcnet: 1 pinned threads; allocated CPUs 161
rank 1114 on c147.nibi.sharcnet: 1 pinned threads; allocated CPUs 154
rank 1295 on c152.nibi.sharcnet: 1 pinned threads; allocated CPUs 143
rank 2826 on c314.nibi.sharcnet: 1 pinned threads; allocated CPUs 138
rank 565 on c95.nibi.sharcnet: 1 pinned threads; allocated CPUs 181
rank 1115 on c147.nibi.sharcnet: 1 pinned threads; allocated CPUs 155
rank 152 on c93.nibi.sharcnet: 1 pinned threads; allocated CPUs 152
rank 1116 on c147.nibi.sharcnet: 1 pinned threads; allocated CPUs 156
rank 2827 on c314.nibi.sharcnet: 1 pinned threads; allocated CPUs 139
rank 2466 on c312.nibi.sharcnet: 1 pinned threads; allocated CPUs 162
rank 2096 on c289.nibi.sharcnet: 1 pinned threads; allocated CPUs 176
rank 1663 on c272.nibi.sharcnet: 1 pinned threads; allocated CPUs 127
rank 1495 on c258.nibi.sharcnet: 1 pinned threads; allocated CPUs 151
rank 693 on c105.nibi.sharcnet: 1 pinned threads; allocated CPUs 117
rank 2678 on c313.nibi.sharcnet: 1 pinned threads; allocated CPUs 182
rank 2828 on c314.nibi.sharcnet: 1 pinned threads; allocated CPUs 140
rank 1864 on c288.nibi.sharcnet: 1 pinned threads; allocated CPUs 136
rank 566 on c95.nibi.sharcnet: 1 pinned threads; allocated CPUs 182
rank 2467 on c312.nibi.sharcnet: 1 pinned threads; allocated CPUs 163
rank 2097 on c289.nibi.sharcnet: 1 pinned threads; allocated CPUs 177
rank 1570 on c272.nibi.sharcnet: 1 pinned threads; allocated CPUs 34
rank 1296 on c152.nibi.sharcnet: 1 pinned threads; allocated CPUs 144
rank 1496 on c258.nibi.sharcnet: 1 pinned threads; allocated CPUs 152
rank 694 on c105.nibi.sharcnet: 1 pinned threads; allocated CPUs 118
rank 153 on c93.nibi.sharcnet: 1 pinned threads; allocated CPUs 153
rank 2587 on c313.nibi.sharcnet: 1 pinned threads; allocated CPUs 91
rank 1865 on c288.nibi.sharcnet: 1 pinned threads; allocated CPUs 137
rank 567 on c95.nibi.sharcnet: 1 pinned threads; allocated CPUs 183
rank 1297 on c152.nibi.sharcnet: 1 pinned threads; allocated CPUs 145
rank 154 on c93.nibi.sharcnet: 1 pinned threads; allocated CPUs 154
rank 2666 on c313.nibi.sharcnet: 1 pinned threads; allocated CPUs 170
rank 2829 on c314.nibi.sharcnet: 1 pinned threads; allocated CPUs 141
rank 1866 on c288.nibi.sharcnet: 1 pinned threads; allocated CPUs 138
rank 2099 on c289.nibi.sharcnet: 1 pinned threads; allocated CPUs 179
rank 1600 on c272.nibi.sharcnet: 1 pinned threads; allocated CPUs 64
rank 1117 on c147.nibi.sharcnet: 1 pinned threads; allocated CPUs 157
rank 1497 on c258.nibi.sharcnet: 1 pinned threads; allocated CPUs 153
rank 695 on c105.nibi.sharcnet: 1 pinned threads; allocated CPUs 119
rank 2100 on c289.nibi.sharcnet: 1 pinned threads; allocated CPUs 180
rank 1614 on c272.nibi.sharcnet: 1 pinned threads; allocated CPUs 78
rank 1118 on c147.nibi.sharcnet: 1 pinned threads; allocated CPUs 158
rank 1498 on c258.nibi.sharcnet: 1 pinned threads; allocated CPUs 154
rank 696 on c105.nibi.sharcnet: 1 pinned threads; allocated CPUs 120
rank 2101 on c289.nibi.sharcnet: 1 pinned threads; allocated CPUs 181
rank 1656 on c272.nibi.sharcnet: 1 pinned threads; allocated CPUs 120
rank 1119 on c147.nibi.sharcnet: 1 pinned threads; allocated CPUs 159
rank 155 on c93.nibi.sharcnet: 1 pinned threads; allocated CPUs 155
rank 1120 on c147.nibi.sharcnet: 1 pinned threads; allocated CPUs 160
rank 2830 on c314.nibi.sharcnet: 1 pinned threads; allocated CPUs 142
rank 2468 on c312.nibi.sharcnet: 1 pinned threads; allocated CPUs 164
rank 1499 on c258.nibi.sharcnet: 1 pinned threads; allocated CPUs 155
rank 156 on c93.nibi.sharcnet: 1 pinned threads; allocated CPUs 156
rank 2831 on c314.nibi.sharcnet: 1 pinned threads; allocated CPUs 143
rank 568 on c95.nibi.sharcnet: 1 pinned threads; allocated CPUs 184
rank 2469 on c312.nibi.sharcnet: 1 pinned threads; allocated CPUs 165
rank 1298 on c152.nibi.sharcnet: 1 pinned threads; allocated CPUs 146
rank 697 on c105.nibi.sharcnet: 1 pinned threads; allocated CPUs 121
rank 2504 on c313.nibi.sharcnet: 1 pinned threads; allocated CPUs 8
rank 1867 on c288.nibi.sharcnet: 1 pinned threads; allocated CPUs 139
rank 569 on c95.nibi.sharcnet: 1 pinned threads; allocated CPUs 185
rank 1299 on c152.nibi.sharcnet: 1 pinned threads; allocated CPUs 147
rank 2517 on c313.nibi.sharcnet: 1 pinned threads; allocated CPUs 21
rank 1868 on c288.nibi.sharcnet: 1 pinned threads; allocated CPUs 140
rank 1300 on c152.nibi.sharcnet: 1 pinned threads; allocated CPUs 148
rank 157 on c93.nibi.sharcnet: 1 pinned threads; allocated CPUs 157
rank 2567 on c313.nibi.sharcnet: 1 pinned threads; allocated CPUs 71
rank 2832 on c314.nibi.sharcnet: 1 pinned threads; allocated CPUs 144
rank 1869 on c288.nibi.sharcnet: 1 pinned threads; allocated CPUs 141
rank 1870 on c288.nibi.sharcnet: 1 pinned threads; allocated CPUs 142
rank 2470 on c312.nibi.sharcnet: 1 pinned threads; allocated CPUs 166
rank 2102 on c289.nibi.sharcnet: 1 pinned threads; allocated CPUs 182
rank 1701 on c272.nibi.sharcnet: 1 pinned threads; allocated CPUs 165
rank 1121 on c147.nibi.sharcnet: 1 pinned threads; allocated CPUs 161
rank 1500 on c258.nibi.sharcnet: 1 pinned threads; allocated CPUs 156
rank 698 on c105.nibi.sharcnet: 1 pinned threads; allocated CPUs 122
rank 570 on c95.nibi.sharcnet: 1 pinned threads; allocated CPUs 186
rank 2471 on c312.nibi.sharcnet: 1 pinned threads; allocated CPUs 167
rank 2103 on c289.nibi.sharcnet: 1 pinned threads; allocated CPUs 183
rank 1707 on c272.nibi.sharcnet: 1 pinned threads; allocated CPUs 171
rank 1122 on c147.nibi.sharcnet: 1 pinned threads; allocated CPUs 162
rank 1501 on c258.nibi.sharcnet: 1 pinned threads; allocated CPUs 157
rank 699 on c105.nibi.sharcnet: 1 pinned threads; allocated CPUs 123
rank 158 on c93.nibi.sharcnet: 1 pinned threads; allocated CPUs 158
rank 2833 on c314.nibi.sharcnet: 1 pinned threads; allocated CPUs 145
rank 571 on c95.nibi.sharcnet: 1 pinned threads; allocated CPUs 187
rank 2472 on c312.nibi.sharcnet: 1 pinned threads; allocated CPUs 168
rank 2104 on c289.nibi.sharcnet: 1 pinned threads; allocated CPUs 184
rank 1604 on c272.nibi.sharcnet: 1 pinned threads; allocated CPUs 68
rank 1123 on c147.nibi.sharcnet: 1 pinned threads; allocated CPUs 163
rank 572 on c95.nibi.sharcnet: 1 pinned threads; allocated CPUs 188
rank 159 on c93.nibi.sharcnet: 1 pinned threads; allocated CPUs 159
rank 2834 on c314.nibi.sharcnet: 1 pinned threads; allocated CPUs 146
rank 2473 on c312.nibi.sharcnet: 1 pinned threads; allocated CPUs 169
rank 1301 on c152.nibi.sharcnet: 1 pinned threads; allocated CPUs 149
rank 1502 on c258.nibi.sharcnet: 1 pinned threads; allocated CPUs 158
rank 700 on c105.nibi.sharcnet: 1 pinned threads; allocated CPUs 124
rank 1871 on c288.nibi.sharcnet: 1 pinned threads; allocated CPUs 143
rank 573 on c95.nibi.sharcnet: 1 pinned threads; allocated CPUs 189
rank 2105 on c289.nibi.sharcnet: 1 pinned threads; allocated CPUs 185
rank 1606 on c272.nibi.sharcnet: 1 pinned threads; allocated CPUs 70
rank 1124 on c147.nibi.sharcnet: 1 pinned threads; allocated CPUs 164
rank 1302 on c152.nibi.sharcnet: 1 pinned threads; allocated CPUs 150
rank 1503 on c258.nibi.sharcnet: 1 pinned threads; allocated CPUs 159
rank 701 on c105.nibi.sharcnet: 1 pinned threads; allocated CPUs 125
rank 2566 on c313.nibi.sharcnet: 1 pinned threads; allocated CPUs 70
rank 1872 on c288.nibi.sharcnet: 1 pinned threads; allocated CPUs 144
rank 574 on c95.nibi.sharcnet: 1 pinned threads; allocated CPUs 190
rank 2106 on c289.nibi.sharcnet: 1 pinned threads; allocated CPUs 186
rank 1610 on c272.nibi.sharcnet: 1 pinned threads; allocated CPUs 74
rank 1125 on c147.nibi.sharcnet: 1 pinned threads; allocated CPUs 165
rank 1303 on c152.nibi.sharcnet: 1 pinned threads; allocated CPUs 151
rank 1504 on c258.nibi.sharcnet: 1 pinned threads; allocated CPUs 160
rank 160 on c93.nibi.sharcnet: 1 pinned threads; allocated CPUs 160
rank 1873 on c288.nibi.sharcnet: 1 pinned threads; allocated CPUs 145
rank 2107 on c289.nibi.sharcnet: 1 pinned threads; allocated CPUs 187
rank 1304 on c152.nibi.sharcnet: 1 pinned threads; allocated CPUs 152
rank 1874 on c288.nibi.sharcnet: 1 pinned threads; allocated CPUs 146
rank 161 on c93.nibi.sharcnet: 1 pinned threads; allocated CPUs 161
rank 2835 on c314.nibi.sharcnet: 1 pinned threads; allocated CPUs 147
rank 1875 on c288.nibi.sharcnet: 1 pinned threads; allocated CPUs 147
rank 2474 on c312.nibi.sharcnet: 1 pinned threads; allocated CPUs 170
rank 2109 on c289.nibi.sharcnet: 1 pinned threads; allocated CPUs 189
rank 1611 on c272.nibi.sharcnet: 1 pinned threads; allocated CPUs 75
rank 1126 on c147.nibi.sharcnet: 1 pinned threads; allocated CPUs 166
rank 1305 on c152.nibi.sharcnet: 1 pinned threads; allocated CPUs 153
rank 1505 on c258.nibi.sharcnet: 1 pinned threads; allocated CPUs 161
rank 702 on c105.nibi.sharcnet: 1 pinned threads; allocated CPUs 126
rank 2836 on c314.nibi.sharcnet: 1 pinned threads; allocated CPUs 148
rank 575 on c95.nibi.sharcnet: 1 pinned threads; allocated CPUs 191
rank 2475 on c312.nibi.sharcnet: 1 pinned threads; allocated CPUs 171
rank 1615 on c272.nibi.sharcnet: 1 pinned threads; allocated CPUs 79
rank 1128 on c147.nibi.sharcnet: 1 pinned threads; allocated CPUs 168
rank 1306 on c152.nibi.sharcnet: 1 pinned threads; allocated CPUs 154
rank 703 on c105.nibi.sharcnet: 1 pinned threads; allocated CPUs 127
rank 162 on c93.nibi.sharcnet: 1 pinned threads; allocated CPUs 162
rank 2837 on c314.nibi.sharcnet: 1 pinned threads; allocated CPUs 149
rank 400 on c95.nibi.sharcnet: 1 pinned threads; allocated CPUs 16
rank 2476 on c312.nibi.sharcnet: 1 pinned threads; allocated CPUs 172
rank 704 on c105.nibi.sharcnet: 1 pinned threads; allocated CPUs 128
rank 163 on c93.nibi.sharcnet: 1 pinned threads; allocated CPUs 163
rank 2477 on c312.nibi.sharcnet: 1 pinned threads; allocated CPUs 173
rank 1930 on c289.nibi.sharcnet: 1 pinned threads; allocated CPUs 10
rank 1129 on c147.nibi.sharcnet: 1 pinned threads; allocated CPUs 169
rank 1307 on c152.nibi.sharcnet: 1 pinned threads; allocated CPUs 155
rank 1506 on c258.nibi.sharcnet: 1 pinned threads; allocated CPUs 162
rank 705 on c105.nibi.sharcnet: 1 pinned threads; allocated CPUs 129
rank 1876 on c288.nibi.sharcnet: 1 pinned threads; allocated CPUs 148
rank 1936 on c289.nibi.sharcnet: 1 pinned threads; allocated CPUs 16
rank 1507 on c258.nibi.sharcnet: 1 pinned threads; allocated CPUs 163
rank 1877 on c288.nibi.sharcnet: 1 pinned threads; allocated CPUs 149
rank 414 on c95.nibi.sharcnet: 1 pinned threads; allocated CPUs 30
rank 164 on c93.nibi.sharcnet: 1 pinned threads; allocated CPUs 164
rank 2838 on c314.nibi.sharcnet: 1 pinned threads; allocated CPUs 150
rank 416 on c95.nibi.sharcnet: 1 pinned threads; allocated CPUs 32
rank 2839 on c314.nibi.sharcnet: 1 pinned threads; allocated CPUs 151
rank 2478 on c312.nibi.sharcnet: 1 pinned threads; allocated CPUs 174
rank 2080 on c289.nibi.sharcnet: 1 pinned threads; allocated CPUs 160
rank 1618 on c272.nibi.sharcnet: 1 pinned threads; allocated CPUs 82
rank 1130 on c147.nibi.sharcnet: 1 pinned threads; allocated CPUs 170
rank 1308 on c152.nibi.sharcnet: 1 pinned threads; allocated CPUs 156
rank 706 on c105.nibi.sharcnet: 1 pinned threads; allocated CPUs 130
rank 430 on c95.nibi.sharcnet: 1 pinned threads; allocated CPUs 46
rank 2479 on c312.nibi.sharcnet: 1 pinned threads; allocated CPUs 175
rank 2108 on c289.nibi.sharcnet: 1 pinned threads; allocated CPUs 188
rank 1620 on c272.nibi.sharcnet: 1 pinned threads; allocated CPUs 84
rank 1131 on c147.nibi.sharcnet: 1 pinned threads; allocated CPUs 171
rank 1309 on c152.nibi.sharcnet: 1 pinned threads; allocated CPUs 157
rank 1508 on c258.nibi.sharcnet: 1 pinned threads; allocated CPUs 164
rank 707 on c105.nibi.sharcnet: 1 pinned threads; allocated CPUs 131
rank 165 on c93.nibi.sharcnet: 1 pinned threads; allocated CPUs 165
rank 1878 on c288.nibi.sharcnet: 1 pinned threads; allocated CPUs 150
rank 440 on c95.nibi.sharcnet: 1 pinned threads; allocated CPUs 56
rank 2480 on c312.nibi.sharcnet: 1 pinned threads; allocated CPUs 176
rank 1132 on c147.nibi.sharcnet: 1 pinned threads; allocated CPUs 172
rank 1509 on c258.nibi.sharcnet: 1 pinned threads; allocated CPUs 165
rank 708 on c105.nibi.sharcnet: 1 pinned threads; allocated CPUs 132
rank 166 on c93.nibi.sharcnet: 1 pinned threads; allocated CPUs 166
rank 1879 on c288.nibi.sharcnet: 1 pinned threads; allocated CPUs 151
rank 1510 on c258.nibi.sharcnet: 1 pinned threads; allocated CPUs 166
rank 1880 on c288.nibi.sharcnet: 1 pinned threads; allocated CPUs 152
rank 2840 on c314.nibi.sharcnet: 1 pinned threads; allocated CPUs 152
rank 2481 on c312.nibi.sharcnet: 1 pinned threads; allocated CPUs 177
rank 2110 on c289.nibi.sharcnet: 1 pinned threads; allocated CPUs 190
rank 1623 on c272.nibi.sharcnet: 1 pinned threads; allocated CPUs 87
rank 1310 on c152.nibi.sharcnet: 1 pinned threads; allocated CPUs 158
rank 1511 on c258.nibi.sharcnet: 1 pinned threads; allocated CPUs 167
rank 167 on c93.nibi.sharcnet: 1 pinned threads; allocated CPUs 167
rank 2841 on c314.nibi.sharcnet: 1 pinned threads; allocated CPUs 153
rank 1881 on c288.nibi.sharcnet: 1 pinned threads; allocated CPUs 153
rank 457 on c95.nibi.sharcnet: 1 pinned threads; allocated CPUs 73
rank 2482 on c312.nibi.sharcnet: 1 pinned threads; allocated CPUs 178
rank 2111 on c289.nibi.sharcnet: 1 pinned threads; allocated CPUs 191
rank 1624 on c272.nibi.sharcnet: 1 pinned threads; allocated CPUs 88
rank 1311 on c152.nibi.sharcnet: 1 pinned threads; allocated CPUs 159
rank 2842 on c314.nibi.sharcnet: 1 pinned threads; allocated CPUs 154
rank 459 on c95.nibi.sharcnet: 1 pinned threads; allocated CPUs 75
rank 1625 on c272.nibi.sharcnet: 1 pinned threads; allocated CPUs 89
rank 168 on c93.nibi.sharcnet: 1 pinned threads; allocated CPUs 168
rank 1626 on c272.nibi.sharcnet: 1 pinned threads; allocated CPUs 90
rank 2483 on c312.nibi.sharcnet: 1 pinned threads; allocated CPUs 179
rank 1133 on c147.nibi.sharcnet: 1 pinned threads; allocated CPUs 173
rank 1512 on c258.nibi.sharcnet: 1 pinned threads; allocated CPUs 168
rank 709 on c105.nibi.sharcnet: 1 pinned threads; allocated CPUs 133
rank 1882 on c288.nibi.sharcnet: 1 pinned threads; allocated CPUs 154
rank 480 on c95.nibi.sharcnet: 1 pinned threads; allocated CPUs 96
rank 1134 on c147.nibi.sharcnet: 1 pinned threads; allocated CPUs 174
rank 1312 on c152.nibi.sharcnet: 1 pinned threads; allocated CPUs 160
rank 1513 on c258.nibi.sharcnet: 1 pinned threads; allocated CPUs 169
rank 710 on c105.nibi.sharcnet: 1 pinned threads; allocated CPUs 134
rank 169 on c93.nibi.sharcnet: 1 pinned threads; allocated CPUs 169
rank 1883 on c288.nibi.sharcnet: 1 pinned threads; allocated CPUs 155
rank 483 on c95.nibi.sharcnet: 1 pinned threads; allocated CPUs 99
rank 1313 on c152.nibi.sharcnet: 1 pinned threads; allocated CPUs 161
rank 711 on c105.nibi.sharcnet: 1 pinned threads; allocated CPUs 135
rank 2843 on c314.nibi.sharcnet: 1 pinned threads; allocated CPUs 155
rank 1884 on c288.nibi.sharcnet: 1 pinned threads; allocated CPUs 156
rank 1314 on c152.nibi.sharcnet: 1 pinned threads; allocated CPUs 162
rank 2844 on c314.nibi.sharcnet: 1 pinned threads; allocated CPUs 156
rank 170 on c93.nibi.sharcnet: 1 pinned threads; allocated CPUs 170
rank 2845 on c314.nibi.sharcnet: 1 pinned threads; allocated CPUs 157
rank 2098 on c289.nibi.sharcnet: 1 pinned threads; allocated CPUs 178
rank 2846 on c314.nibi.sharcnet: 1 pinned threads; allocated CPUs 158
rank 2484 on c312.nibi.sharcnet: 1 pinned threads; allocated CPUs 180
rank 1627 on c272.nibi.sharcnet: 1 pinned threads; allocated CPUs 91
rank 1135 on c147.nibi.sharcnet: 1 pinned threads; allocated CPUs 175
rank 1514 on c258.nibi.sharcnet: 1 pinned threads; allocated CPUs 170
rank 712 on c105.nibi.sharcnet: 1 pinned threads; allocated CPUs 136
rank 171 on c93.nibi.sharcnet: 1 pinned threads; allocated CPUs 171
rank 1885 on c288.nibi.sharcnet: 1 pinned threads; allocated CPUs 157
rank 560 on c95.nibi.sharcnet: 1 pinned threads; allocated CPUs 176
rank 2485 on c312.nibi.sharcnet: 1 pinned threads; allocated CPUs 181
rank 1629 on c272.nibi.sharcnet: 1 pinned threads; allocated CPUs 93
rank 1136 on c147.nibi.sharcnet: 1 pinned threads; allocated CPUs 176
rank 1315 on c152.nibi.sharcnet: 1 pinned threads; allocated CPUs 163
rank 1515 on c258.nibi.sharcnet: 1 pinned threads; allocated CPUs 171
rank 713 on c105.nibi.sharcnet: 1 pinned threads; allocated CPUs 137
rank 1886 on c288.nibi.sharcnet: 1 pinned threads; allocated CPUs 158
rank 2486 on c312.nibi.sharcnet: 1 pinned threads; allocated CPUs 182
rank 1630 on c272.nibi.sharcnet: 1 pinned threads; allocated CPUs 94
rank 1137 on c147.nibi.sharcnet: 1 pinned threads; allocated CPUs 177
rank 1316 on c152.nibi.sharcnet: 1 pinned threads; allocated CPUs 164
rank 714 on c105.nibi.sharcnet: 1 pinned threads; allocated CPUs 138
rank 172 on c93.nibi.sharcnet: 1 pinned threads; allocated CPUs 172
rank 2847 on c314.nibi.sharcnet: 1 pinned threads; allocated CPUs 159
rank 1676 on c272.nibi.sharcnet: 1 pinned threads; allocated CPUs 140
rank 1138 on c147.nibi.sharcnet: 1 pinned threads; allocated CPUs 178
rank 173 on c93.nibi.sharcnet: 1 pinned threads; allocated CPUs 173
rank 2848 on c314.nibi.sharcnet: 1 pinned threads; allocated CPUs 160
rank 2487 on c312.nibi.sharcnet: 1 pinned threads; allocated CPUs 183
rank 1691 on c272.nibi.sharcnet: 1 pinned threads; allocated CPUs 155
rank 1139 on c147.nibi.sharcnet: 1 pinned threads; allocated CPUs 179
rank 1317 on c152.nibi.sharcnet: 1 pinned threads; allocated CPUs 165
rank 1516 on c258.nibi.sharcnet: 1 pinned threads; allocated CPUs 172
rank 715 on c105.nibi.sharcnet: 1 pinned threads; allocated CPUs 139
rank 1887 on c288.nibi.sharcnet: 1 pinned threads; allocated CPUs 159
rank 2488 on c312.nibi.sharcnet: 1 pinned threads; allocated CPUs 184
rank 1704 on c272.nibi.sharcnet: 1 pinned threads; allocated CPUs 168
rank 1140 on c147.nibi.sharcnet: 1 pinned threads; allocated CPUs 180
rank 1318 on c152.nibi.sharcnet: 1 pinned threads; allocated CPUs 166
rank 1517 on c258.nibi.sharcnet: 1 pinned threads; allocated CPUs 173
rank 2849 on c314.nibi.sharcnet: 1 pinned threads; allocated CPUs 161
rank 1888 on c288.nibi.sharcnet: 1 pinned threads; allocated CPUs 160
rank 1518 on c258.nibi.sharcnet: 1 pinned threads; allocated CPUs 174
rank 174 on c93.nibi.sharcnet: 1 pinned threads; allocated CPUs 174
rank 175 on c93.nibi.sharcnet: 1 pinned threads; allocated CPUs 175
rank 2489 on c312.nibi.sharcnet: 1 pinned threads; allocated CPUs 185
rank 1715 on c272.nibi.sharcnet: 1 pinned threads; allocated CPUs 179
rank 1141 on c147.nibi.sharcnet: 1 pinned threads; allocated CPUs 181
rank 1319 on c152.nibi.sharcnet: 1 pinned threads; allocated CPUs 167
rank 716 on c105.nibi.sharcnet: 1 pinned threads; allocated CPUs 140
rank 1889 on c288.nibi.sharcnet: 1 pinned threads; allocated CPUs 161
rank 2490 on c312.nibi.sharcnet: 1 pinned threads; allocated CPUs 186
rank 1142 on c147.nibi.sharcnet: 1 pinned threads; allocated CPUs 182
rank 1320 on c152.nibi.sharcnet: 1 pinned threads; allocated CPUs 168
rank 717 on c105.nibi.sharcnet: 1 pinned threads; allocated CPUs 141
rank 718 on c105.nibi.sharcnet: 1 pinned threads; allocated CPUs 142
rank 176 on c93.nibi.sharcnet: 1 pinned threads; allocated CPUs 176
rank 1720 on c272.nibi.sharcnet: 1 pinned threads; allocated CPUs 184
rank 1519 on c258.nibi.sharcnet: 1 pinned threads; allocated CPUs 175
rank 719 on c105.nibi.sharcnet: 1 pinned threads; allocated CPUs 143
rank 2850 on c314.nibi.sharcnet: 1 pinned threads; allocated CPUs 162
rank 1890 on c288.nibi.sharcnet: 1 pinned threads; allocated CPUs 162
rank 2491 on c312.nibi.sharcnet: 1 pinned threads; allocated CPUs 187
rank 1721 on c272.nibi.sharcnet: 1 pinned threads; allocated CPUs 185
rank 1321 on c152.nibi.sharcnet: 1 pinned threads; allocated CPUs 169
rank 1520 on c258.nibi.sharcnet: 1 pinned threads; allocated CPUs 176
rank 720 on c105.nibi.sharcnet: 1 pinned threads; allocated CPUs 144
rank 177 on c93.nibi.sharcnet: 1 pinned threads; allocated CPUs 177
rank 2851 on c314.nibi.sharcnet: 1 pinned threads; allocated CPUs 163
rank 1891 on c288.nibi.sharcnet: 1 pinned threads; allocated CPUs 163
rank 2492 on c312.nibi.sharcnet: 1 pinned threads; allocated CPUs 188
rank 1722 on c272.nibi.sharcnet: 1 pinned threads; allocated CPUs 186
rank 1143 on c147.nibi.sharcnet: 1 pinned threads; allocated CPUs 183
rank 1322 on c152.nibi.sharcnet: 1 pinned threads; allocated CPUs 170
rank 2852 on c314.nibi.sharcnet: 1 pinned threads; allocated CPUs 164
rank 1144 on c147.nibi.sharcnet: 1 pinned threads; allocated CPUs 184
rank 178 on c93.nibi.sharcnet: 1 pinned threads; allocated CPUs 178
rank 179 on c93.nibi.sharcnet: 1 pinned threads; allocated CPUs 179
rank 1555 on c272.nibi.sharcnet: 1 pinned threads; allocated CPUs 19
rank 1323 on c152.nibi.sharcnet: 1 pinned threads; allocated CPUs 171
rank 1521 on c258.nibi.sharcnet: 1 pinned threads; allocated CPUs 177
rank 721 on c105.nibi.sharcnet: 1 pinned threads; allocated CPUs 145
rank 2853 on c314.nibi.sharcnet: 1 pinned threads; allocated CPUs 165
rank 1892 on c288.nibi.sharcnet: 1 pinned threads; allocated CPUs 164
rank 2493 on c312.nibi.sharcnet: 1 pinned threads; allocated CPUs 189
rank 1560 on c272.nibi.sharcnet: 1 pinned threads; allocated CPUs 24
rank 1324 on c152.nibi.sharcnet: 1 pinned threads; allocated CPUs 172
rank 1522 on c258.nibi.sharcnet: 1 pinned threads; allocated CPUs 178
rank 722 on c105.nibi.sharcnet: 1 pinned threads; allocated CPUs 146
rank 2854 on c314.nibi.sharcnet: 1 pinned threads; allocated CPUs 166
rank 1893 on c288.nibi.sharcnet: 1 pinned threads; allocated CPUs 165
rank 2494 on c312.nibi.sharcnet: 1 pinned threads; allocated CPUs 190
rank 1523 on c258.nibi.sharcnet: 1 pinned threads; allocated CPUs 179
rank 180 on c93.nibi.sharcnet: 1 pinned threads; allocated CPUs 180
rank 1894 on c288.nibi.sharcnet: 1 pinned threads; allocated CPUs 166
rank 1524 on c258.nibi.sharcnet: 1 pinned threads; allocated CPUs 180
rank 1325 on c152.nibi.sharcnet: 1 pinned threads; allocated CPUs 173
rank 181 on c93.nibi.sharcnet: 1 pinned threads; allocated CPUs 181
rank 1895 on c288.nibi.sharcnet: 1 pinned threads; allocated CPUs 167
rank 2495 on c312.nibi.sharcnet: 1 pinned threads; allocated CPUs 191
rank 1589 on c272.nibi.sharcnet: 1 pinned threads; allocated CPUs 53
rank 1145 on c147.nibi.sharcnet: 1 pinned threads; allocated CPUs 185
rank 1326 on c152.nibi.sharcnet: 1 pinned threads; allocated CPUs 174
rank 1525 on c258.nibi.sharcnet: 1 pinned threads; allocated CPUs 181
rank 723 on c105.nibi.sharcnet: 1 pinned threads; allocated CPUs 147
rank 2855 on c314.nibi.sharcnet: 1 pinned threads; allocated CPUs 167
rank 1146 on c147.nibi.sharcnet: 1 pinned threads; allocated CPUs 186
rank 1327 on c152.nibi.sharcnet: 1 pinned threads; allocated CPUs 175
rank 1526 on c258.nibi.sharcnet: 1 pinned threads; allocated CPUs 182
rank 724 on c105.nibi.sharcnet: 1 pinned threads; allocated CPUs 148
rank 2856 on c314.nibi.sharcnet: 1 pinned threads; allocated CPUs 168
rank 1147 on c147.nibi.sharcnet: 1 pinned threads; allocated CPUs 187
rank 182 on c93.nibi.sharcnet: 1 pinned threads; allocated CPUs 182
rank 1148 on c147.nibi.sharcnet: 1 pinned threads; allocated CPUs 188
rank 2313 on c312.nibi.sharcnet: 1 pinned threads; allocated CPUs 9
rank 1594 on c272.nibi.sharcnet: 1 pinned threads; allocated CPUs 58
rank 1527 on c258.nibi.sharcnet: 1 pinned threads; allocated CPUs 183
rank 725 on c105.nibi.sharcnet: 1 pinned threads; allocated CPUs 149
rank 1896 on c288.nibi.sharcnet: 1 pinned threads; allocated CPUs 168
rank 1603 on c272.nibi.sharcnet: 1 pinned threads; allocated CPUs 67
rank 1149 on c147.nibi.sharcnet: 1 pinned threads; allocated CPUs 189
rank 1328 on c152.nibi.sharcnet: 1 pinned threads; allocated CPUs 176
rank 183 on c93.nibi.sharcnet: 1 pinned threads; allocated CPUs 183
rank 1897 on c288.nibi.sharcnet: 1 pinned threads; allocated CPUs 169
rank 1150 on c147.nibi.sharcnet: 1 pinned threads; allocated CPUs 190
rank 1329 on c152.nibi.sharcnet: 1 pinned threads; allocated CPUs 177
rank 726 on c105.nibi.sharcnet: 1 pinned threads; allocated CPUs 150
rank 1898 on c288.nibi.sharcnet: 1 pinned threads; allocated CPUs 170
rank 727 on c105.nibi.sharcnet: 1 pinned threads; allocated CPUs 151
rank 184 on c93.nibi.sharcnet: 1 pinned threads; allocated CPUs 184
rank 185 on c93.nibi.sharcnet: 1 pinned threads; allocated CPUs 185
rank 1607 on c272.nibi.sharcnet: 1 pinned threads; allocated CPUs 71
rank 966 on c147.nibi.sharcnet: 1 pinned threads; allocated CPUs 6
rank 1330 on c152.nibi.sharcnet: 1 pinned threads; allocated CPUs 178
rank 1528 on c258.nibi.sharcnet: 1 pinned threads; allocated CPUs 184
rank 728 on c105.nibi.sharcnet: 1 pinned threads; allocated CPUs 152
rank 2857 on c314.nibi.sharcnet: 1 pinned threads; allocated CPUs 169
rank 1899 on c288.nibi.sharcnet: 1 pinned threads; allocated CPUs 171
rank 1613 on c272.nibi.sharcnet: 1 pinned threads; allocated CPUs 77
rank 968 on c147.nibi.sharcnet: 1 pinned threads; allocated CPUs 8
rank 1331 on c152.nibi.sharcnet: 1 pinned threads; allocated CPUs 179
rank 1529 on c258.nibi.sharcnet: 1 pinned threads; allocated CPUs 185
rank 729 on c105.nibi.sharcnet: 1 pinned threads; allocated CPUs 153
rank 186 on c93.nibi.sharcnet: 1 pinned threads; allocated CPUs 186
rank 2858 on c314.nibi.sharcnet: 1 pinned threads; allocated CPUs 170
rank 1900 on c288.nibi.sharcnet: 1 pinned threads; allocated CPUs 172
rank 1011 on c147.nibi.sharcnet: 1 pinned threads; allocated CPUs 51
rank 2859 on c314.nibi.sharcnet: 1 pinned threads; allocated CPUs 171
rank 2860 on c314.nibi.sharcnet: 1 pinned threads; allocated CPUs 172
rank 187 on c93.nibi.sharcnet: 1 pinned threads; allocated CPUs 187
rank 1619 on c272.nibi.sharcnet: 1 pinned threads; allocated CPUs 83
rank 1530 on c258.nibi.sharcnet: 1 pinned threads; allocated CPUs 186
rank 2861 on c314.nibi.sharcnet: 1 pinned threads; allocated CPUs 173
rank 1901 on c288.nibi.sharcnet: 1 pinned threads; allocated CPUs 173
rank 1621 on c272.nibi.sharcnet: 1 pinned threads; allocated CPUs 85
rank 1531 on c258.nibi.sharcnet: 1 pinned threads; allocated CPUs 187
rank 730 on c105.nibi.sharcnet: 1 pinned threads; allocated CPUs 154
rank 2862 on c314.nibi.sharcnet: 1 pinned threads; allocated CPUs 174
rank 1902 on c288.nibi.sharcnet: 1 pinned threads; allocated CPUs 174
rank 1628 on c272.nibi.sharcnet: 1 pinned threads; allocated CPUs 92
rank 1532 on c258.nibi.sharcnet: 1 pinned threads; allocated CPUs 188
rank 731 on c105.nibi.sharcnet: 1 pinned threads; allocated CPUs 155
rank 188 on c93.nibi.sharcnet: 1 pinned threads; allocated CPUs 188
rank 189 on c93.nibi.sharcnet: 1 pinned threads; allocated CPUs 189
rank 1035 on c147.nibi.sharcnet: 1 pinned threads; allocated CPUs 75
rank 2863 on c314.nibi.sharcnet: 1 pinned threads; allocated CPUs 175
rank 1631 on c272.nibi.sharcnet: 1 pinned threads; allocated CPUs 95
rank 1062 on c147.nibi.sharcnet: 1 pinned threads; allocated CPUs 102
rank 1332 on c152.nibi.sharcnet: 1 pinned threads; allocated CPUs 180
rank 1533 on c258.nibi.sharcnet: 1 pinned threads; allocated CPUs 189
rank 2864 on c314.nibi.sharcnet: 1 pinned threads; allocated CPUs 176
rank 1903 on c288.nibi.sharcnet: 1 pinned threads; allocated CPUs 175
rank 1690 on c272.nibi.sharcnet: 1 pinned threads; allocated CPUs 154
rank 1074 on c147.nibi.sharcnet: 1 pinned threads; allocated CPUs 114
rank 1333 on c152.nibi.sharcnet: 1 pinned threads; allocated CPUs 181
rank 1534 on c258.nibi.sharcnet: 1 pinned threads; allocated CPUs 190
rank 1904 on c288.nibi.sharcnet: 1 pinned threads; allocated CPUs 176
rank 1084 on c147.nibi.sharcnet: 1 pinned threads; allocated CPUs 124
rank 1334 on c152.nibi.sharcnet: 1 pinned threads; allocated CPUs 182
rank 1535 on c258.nibi.sharcnet: 1 pinned threads; allocated CPUs 191
rank 190 on c93.nibi.sharcnet: 1 pinned threads; allocated CPUs 190
rank 1905 on c288.nibi.sharcnet: 1 pinned threads; allocated CPUs 177
rank 191 on c93.nibi.sharcnet: 1 pinned threads; allocated CPUs 191
rank 1697 on c272.nibi.sharcnet: 1 pinned threads; allocated CPUs 161
rank 1127 on c147.nibi.sharcnet: 1 pinned threads; allocated CPUs 167
rank 1335 on c152.nibi.sharcnet: 1 pinned threads; allocated CPUs 183
rank 1347 on c258.nibi.sharcnet: 1 pinned threads; allocated CPUs 3
rank 732 on c105.nibi.sharcnet: 1 pinned threads; allocated CPUs 156
rank 2865 on c314.nibi.sharcnet: 1 pinned threads; allocated CPUs 177
rank 1906 on c288.nibi.sharcnet: 1 pinned threads; allocated CPUs 178
rank 1710 on c272.nibi.sharcnet: 1 pinned threads; allocated CPUs 174
rank 1151 on c147.nibi.sharcnet: 1 pinned threads; allocated CPUs 191
rank 1336 on c152.nibi.sharcnet: 1 pinned threads; allocated CPUs 184
rank 1419 on c258.nibi.sharcnet: 1 pinned threads; allocated CPUs 75
rank 733 on c105.nibi.sharcnet: 1 pinned threads; allocated CPUs 157
rank 20 on c93.nibi.sharcnet: 1 pinned threads; allocated CPUs 20
rank 2866 on c314.nibi.sharcnet: 1 pinned threads; allocated CPUs 178
rank 1337 on c152.nibi.sharcnet: 1 pinned threads; allocated CPUs 185
rank 734 on c105.nibi.sharcnet: 1 pinned threads; allocated CPUs 158
rank 1338 on c152.nibi.sharcnet: 1 pinned threads; allocated CPUs 186
rank 1907 on c288.nibi.sharcnet: 1 pinned threads; allocated CPUs 179
rank 1339 on c152.nibi.sharcnet: 1 pinned threads; allocated CPUs 187
rank 735 on c105.nibi.sharcnet: 1 pinned threads; allocated CPUs 159
rank 2867 on c314.nibi.sharcnet: 1 pinned threads; allocated CPUs 179
rank 1908 on c288.nibi.sharcnet: 1 pinned threads; allocated CPUs 180
rank 736 on c105.nibi.sharcnet: 1 pinned threads; allocated CPUs 160
rank 2868 on c314.nibi.sharcnet: 1 pinned threads; allocated CPUs 180
rank 1909 on c288.nibi.sharcnet: 1 pinned threads; allocated CPUs 181
rank 737 on c105.nibi.sharcnet: 1 pinned threads; allocated CPUs 161
rank 2869 on c314.nibi.sharcnet: 1 pinned threads; allocated CPUs 181
rank 738 on c105.nibi.sharcnet: 1 pinned threads; allocated CPUs 162
rank 1713 on c272.nibi.sharcnet: 1 pinned threads; allocated CPUs 177
rank 2870 on c314.nibi.sharcnet: 1 pinned threads; allocated CPUs 182
rank 1714 on c272.nibi.sharcnet: 1 pinned threads; allocated CPUs 178
rank 1340 on c152.nibi.sharcnet: 1 pinned threads; allocated CPUs 188
rank 1435 on c258.nibi.sharcnet: 1 pinned threads; allocated CPUs 91
rank 739 on c105.nibi.sharcnet: 1 pinned threads; allocated CPUs 163
rank 2871 on c314.nibi.sharcnet: 1 pinned threads; allocated CPUs 183
rank 1716 on c272.nibi.sharcnet: 1 pinned threads; allocated CPUs 180
rank 1341 on c152.nibi.sharcnet: 1 pinned threads; allocated CPUs 189
rank 1910 on c288.nibi.sharcnet: 1 pinned threads; allocated CPUs 182
rank 1717 on c272.nibi.sharcnet: 1 pinned threads; allocated CPUs 181
rank 1342 on c152.nibi.sharcnet: 1 pinned threads; allocated CPUs 190
rank 1911 on c288.nibi.sharcnet: 1 pinned threads; allocated CPUs 183
rank 1912 on c288.nibi.sharcnet: 1 pinned threads; allocated CPUs 184
rank 1719 on c272.nibi.sharcnet: 1 pinned threads; allocated CPUs 183
rank 740 on c105.nibi.sharcnet: 1 pinned threads; allocated CPUs 164
rank 2872 on c314.nibi.sharcnet: 1 pinned threads; allocated CPUs 184
rank 1913 on c288.nibi.sharcnet: 1 pinned threads; allocated CPUs 185
rank 1724 on c272.nibi.sharcnet: 1 pinned threads; allocated CPUs 188
rank 1343 on c152.nibi.sharcnet: 1 pinned threads; allocated CPUs 191
rank 741 on c105.nibi.sharcnet: 1 pinned threads; allocated CPUs 165
rank 2873 on c314.nibi.sharcnet: 1 pinned threads; allocated CPUs 185
rank 1914 on c288.nibi.sharcnet: 1 pinned threads; allocated CPUs 186
rank 1726 on c272.nibi.sharcnet: 1 pinned threads; allocated CPUs 190
rank 1171 on c152.nibi.sharcnet: 1 pinned threads; allocated CPUs 19
rank 742 on c105.nibi.sharcnet: 1 pinned threads; allocated CPUs 166
rank 1609 on c272.nibi.sharcnet: 1 pinned threads; allocated CPUs 73
rank 743 on c105.nibi.sharcnet: 1 pinned threads; allocated CPUs 167
rank 2874 on c314.nibi.sharcnet: 1 pinned threads; allocated CPUs 186
rank 1915 on c288.nibi.sharcnet: 1 pinned threads; allocated CPUs 187
rank 1696 on c272.nibi.sharcnet: 1 pinned threads; allocated CPUs 160
rank 744 on c105.nibi.sharcnet: 1 pinned threads; allocated CPUs 168
rank 2875 on c314.nibi.sharcnet: 1 pinned threads; allocated CPUs 187
rank 1916 on c288.nibi.sharcnet: 1 pinned threads; allocated CPUs 188
rank 745 on c105.nibi.sharcnet: 1 pinned threads; allocated CPUs 169
rank 2876 on c314.nibi.sharcnet: 1 pinned threads; allocated CPUs 188
rank 1177 on c152.nibi.sharcnet: 1 pinned threads; allocated CPUs 25
rank 746 on c105.nibi.sharcnet: 1 pinned threads; allocated CPUs 170
rank 1700 on c272.nibi.sharcnet: 1 pinned threads; allocated CPUs 164
rank 1182 on c152.nibi.sharcnet: 1 pinned threads; allocated CPUs 30
rank 747 on c105.nibi.sharcnet: 1 pinned threads; allocated CPUs 171
rank 2877 on c314.nibi.sharcnet: 1 pinned threads; allocated CPUs 189
rank 1917 on c288.nibi.sharcnet: 1 pinned threads; allocated CPUs 189
rank 1703 on c272.nibi.sharcnet: 1 pinned threads; allocated CPUs 167
rank 2878 on c314.nibi.sharcnet: 1 pinned threads; allocated CPUs 190
rank 1918 on c288.nibi.sharcnet: 1 pinned threads; allocated CPUs 190
rank 1706 on c272.nibi.sharcnet: 1 pinned threads; allocated CPUs 170
rank 748 on c105.nibi.sharcnet: 1 pinned threads; allocated CPUs 172
rank 2879 on c314.nibi.sharcnet: 1 pinned threads; allocated CPUs 191
rank 1919 on c288.nibi.sharcnet: 1 pinned threads; allocated CPUs 191
rank 1709 on c272.nibi.sharcnet: 1 pinned threads; allocated CPUs 173
rank 749 on c105.nibi.sharcnet: 1 pinned threads; allocated CPUs 173
rank 1774 on c288.nibi.sharcnet: 1 pinned threads; allocated CPUs 46
rank 1718 on c272.nibi.sharcnet: 1 pinned threads; allocated CPUs 182
rank 1731 on c288.nibi.sharcnet: 1 pinned threads; allocated CPUs 3
rank 750 on c105.nibi.sharcnet: 1 pinned threads; allocated CPUs 174
rank 751 on c105.nibi.sharcnet: 1 pinned threads; allocated CPUs 175
rank 1725 on c272.nibi.sharcnet: 1 pinned threads; allocated CPUs 189
rank 1727 on c272.nibi.sharcnet: 1 pinned threads; allocated CPUs 191
rank 752 on c105.nibi.sharcnet: 1 pinned threads; allocated CPUs 176
rank 1699 on c272.nibi.sharcnet: 1 pinned threads; allocated CPUs 163
rank 753 on c105.nibi.sharcnet: 1 pinned threads; allocated CPUs 177
rank 754 on c105.nibi.sharcnet: 1 pinned threads; allocated CPUs 178
rank 1708 on c272.nibi.sharcnet: 1 pinned threads; allocated CPUs 172
rank 1587 on c272.nibi.sharcnet: 1 pinned threads; allocated CPUs 51
rank 755 on c105.nibi.sharcnet: 1 pinned threads; allocated CPUs 179
rank 1702 on c272.nibi.sharcnet: 1 pinned threads; allocated CPUs 166
rank 756 on c105.nibi.sharcnet: 1 pinned threads; allocated CPUs 180
rank 757 on c105.nibi.sharcnet: 1 pinned threads; allocated CPUs 181
rank 1705 on c272.nibi.sharcnet: 1 pinned threads; allocated CPUs 169
rank 1723 on c272.nibi.sharcnet: 1 pinned threads; allocated CPUs 187
rank 758 on c105.nibi.sharcnet: 1 pinned threads; allocated CPUs 182
rank 759 on c105.nibi.sharcnet: 1 pinned threads; allocated CPUs 183
rank 1622 on c272.nibi.sharcnet: 1 pinned threads; allocated CPUs 86
rank 760 on c105.nibi.sharcnet: 1 pinned threads; allocated CPUs 184
rank 761 on c105.nibi.sharcnet: 1 pinned threads; allocated CPUs 185
rank 1539 on c272.nibi.sharcnet: 1 pinned threads; allocated CPUs 3
rank 1674 on c272.nibi.sharcnet: 1 pinned threads; allocated CPUs 138
rank 762 on c105.nibi.sharcnet: 1 pinned threads; allocated CPUs 186
rank 1595 on c272.nibi.sharcnet: 1 pinned threads; allocated CPUs 59
rank 1602 on c272.nibi.sharcnet: 1 pinned threads; allocated CPUs 66
rank 763 on c105.nibi.sharcnet: 1 pinned threads; allocated CPUs 187
rank 764 on c105.nibi.sharcnet: 1 pinned threads; allocated CPUs 188
rank 765 on c105.nibi.sharcnet: 1 pinned threads; allocated CPUs 189
rank 766 on c105.nibi.sharcnet: 1 pinned threads; allocated CPUs 190
rank 767 on c105.nibi.sharcnet: 1 pinned threads; allocated CPUs 191
PASS: CPU MPI ring and explicitly pinned Julia threads
CONFIGURATION: {"cores":3072,"nodes":16,"ranks":3072,"ranks_per_node":192,"threads_per_rank":1,"layout":"mpi","partition":[64,48,1],"global_resolution":[1440,720,200],"grid_type":"LatitudeLongitudeGrid","x_sizes":[23,23,23,23,23,23,23,23,23,23,23,23,23,23,23,23,23,23,23,23,23,23,23,23,23,23,23,23,23,23,23,23,22,22,22,22,22,22,22,22,22,22,22,22,22,22,22,22,22,22,22,22,22,22,22,22,22,22,22,22,22,22,22,22],"y_sizes":[15,15,15,15,15,15,15,15,15,15,15,15,15,15,15,15,15,15,15,15,15,15,15,15,15,15,15,15,15,15,15,15,15,15,15,15,15,15,15,15,15,15,15,15,15,15,15,15],"float_type":"Float64","samples":5,"time_steps":10,"warmup_steps":2,"dt":60,"free_surface_substeps":30,"extend_free_surface_halos":false,"momentum_advection":"WENOVectorInvariantDefault","tracer_advection":"WENO7","closure":"CATKE","tracers":["T","S"],"timestepper":"SplitRungeKutta3"}
